backbone,candidate_id,effector,folder_name,model_id,model_ordinal,vLRR_Interface,annotation_warning,nlr_chain,effector_chain,atp_chain,n_tokens_nlr,n_tokens_effector,n_tokens_atp,structure_nlr_chain_resolved,structure_effector_chain_resolved,structure_file,full_data_file,summary_file,af3_global_iptm,af3_global_ptm,af3_ranking_score,af3_has_clash,pairwise_iptm_nlr_effector,pairwise_pae_min_nlr_to_effector,pairwise_pae_min_effector_to_nlr,iLIS,iLIA,iLISA,afm_lis_ipSAE_crosscheck,LIS,cLIS,LIA,cLIA,nlr_pLDDT,effector_pLDDT,LIR_nlr,LIR_effector,cLIR_nlr,cLIR_effector,LIpLDDT_nlr,LIpLDDT_effector,cLIpLDDT_nlr,cLIpLDDT_effector,LIR_indices_nlr,LIR_indices_effector,cLIR_indices_nlr,cLIR_indices_effector,afm_lis_pairwise_ipTM,afm_lis_pTM,ipsae_header_parsed,ipSAE_official_nlr_to_effector,ipSAE_official_d0dom_nlr_to_effector,ipSAE_official_effector_to_nlr,ipSAE_official_d0dom_effector_to_nlr,ipSAE_official_max,ipSAE_official_d0chn_max,ipSAE_official_d0dom_max,pDockQ_official,pDockQ2_official,LIS_ipsae_script,ipSAE_nres1_max,ipSAE_nres2_max,ipSAE_dist1_max,ipSAE_dist2_max,nlr_intra_PAE_mean,nlr_intra_PAE_median,nlr_intra_PAE_p90,effector_intra_PAE_mean,effector_intra_PAE_median,effector_intra_PAE_p90,PAE_nlr_to_effector_mean,PAE_nlr_to_effector_median,PAE_nlr_to_effector_min,PAE_effector_to_nlr_mean,PAE_effector_to_nlr_median,PAE_effector_to_nlr_min,contact_prob_max,contact_prob_mean,n_contact_pairs_gt0.3,n_contact_pairs_gt0.5,iface_indices_nlr,iface_indices_effector,iface_res_nlr_n,iface_res_effector_n,geometric_contact_pairs_lt4p5A,AB_heavy_atom_clash_pairs_lt1p5A,AB_min_heavy_atom_distance_A,SASA_nlr_A2,SASA_effector_A2,SASA_AB_A2,BSA_total_A2,BSA_interface_area_A2,BSA_fraction_combined,BSA_method,cLIR_index_min,cLIR_index_max,iface_index_min,iface_index_max,interface_source_used,vLRR_cLIR_n_in_range,vLRR_fraction
Rx,52,sre19,rx52_and_sre19_atp,model_0,1,Yes,,A,B,C,858,74,31,A,B,C:\Users\13441\Desktop\Ranking\Rx\rx52_and_sre19_atp\fold_rx52_and_sre19_atp_model_0.cif,C:\Users\13441\Desktop\Ranking\Rx\rx52_and_sre19_atp\fold_rx52_and_sre19_atp_full_data_0.json,C:\Users\13441\Desktop\Ranking\Rx\rx52_and_sre19_atp\fold_rx52_and_sre19_atp_summary_confidences_0.json,0.51,0.66,0.59,False,0.21,20.24,19.99,0.0,0.0,0.0,0.0,0.0,0.0,0.0,0.0,70.7,30.7,0.0,0.0,0.0,0.0,,,,,,,,,0.21,0.66,True,0.0,0.0,0.0,0.0,0.0,0.0,0.0,0.0395,0.0085,0.0,0,0,0,0,17.295337315348984,16.7,29.8,19.508496853017398,21.2,28.2,26.581822906822907,26.5,20.2,29.690427140427143,30.1,20.0,0.2,0.0012741762741762743,0,0,"217,218,220,221,222,229,528,529,568,570,572,574,577,607,608,609,610,612,634,657,660,661,664,666,679,681,682,684,686,701,703,704,728,729,731,748,750,751,773,774,776,816,817,818,821,822,823,824,825,826,827,835,836,837,840","1,2,4,6,7,8,10,11,12,13,14,15,16,18,19,22,23,25,26,27,28,29,30,31,32,33,34,35,36,37,38,39,43,44,45,46,47,48,49,50,51,52,56,57,58,59,60,64,67,71,74",55,51,105,0,1.7162271486063494,,,,4838.280658162684,2419.140329081342,,benchmark_ShrakeRupley_256pt_Bondi,,,217,840,geometric_4.5A,,
Rx,52,sre19,rx52_and_sre19_atp,model_1,2,Yes,,A,B,C,858,74,31,A,B,C:\Users\13441\Desktop\Ranking\Rx\rx52_and_sre19_atp\fold_rx52_and_sre19_atp_model_1.cif,C:\Users\13441\Desktop\Ranking\Rx\rx52_and_sre19_atp\fold_rx52_and_sre19_atp_full_data_1.json,C:\Users\13441\Desktop\Ranking\Rx\rx52_and_sre19_atp\fold_rx52_and_sre19_atp_summary_confidences_1.json,0.5,0.66,0.56,False,0.24,19.8,19.37,0.0,0.0,0.0,0.0,0.0,0.0,0.0,0.0,70.3,35.2,0.0,0.0,0.0,0.0,,,,,,,,,0.24,0.66,True,0.0,0.0,0.0,0.0,0.0,0.0,0.0,0.0349,0.0087,0.0,0,0,0,0,17.522992060448303,17.1,29.5,16.610033320992223,18.5,23.5,26.43729131229131,26.4,19.8,29.40905625905626,30.0,19.4,0.2,0.0012741762741762743,0,0,"217,220,221,222,528,570,571,573,574,577,583,584,585,586,608,609,610,611,612,613,614,634,636,659,660,661,681,682,703,704,726,728,729,748,750,751,773,774,810,811,851,852,853,854,855,856,858","1,4,5,7,8,9,11,12,16,19,20,21,23,24,25,26,27,28,29,42,43,45,47,49,58,60,62,63,65,67,69,71,72,74",47,34,86,0,2.110634803302388,,,,3718.3831792113915,1859.1915896056958,,benchmark_ShrakeRupley_256pt_Bondi,,,217,858,geometric_4.5A,,
Rx,52,sre19,rx52_and_sre19_atp,model_2,3,Yes,,A,B,C,858,74,31,A,B,C:\Users\13441\Desktop\Ranking\Rx\rx52_and_sre19_atp\fold_rx52_and_sre19_atp_model_2.cif,C:\Users\13441\Desktop\Ranking\Rx\rx52_and_sre19_atp\fold_rx52_and_sre19_atp_full_data_2.json,C:\Users\13441\Desktop\Ranking\Rx\rx52_and_sre19_atp\fold_rx52_and_sre19_atp_summary_confidences_2.json,0.5,0.66,0.56,False,0.23,20.23,19.33,0.0,0.0,0.0,0.0,0.0,0.0,0.0,0.0,70.6,35.1,0.0,0.0,0.0,0.0,,,,,,,,,0.23,0.66,True,0.0,0.0,0.0,0.0,0.0,0.0,0.0,0.0392,0.0089,0.0,0,0,0,0,17.31086459242819,16.8,29.6,17.109514994446503,19.0,24.2,26.41848106848107,26.3,20.2,29.501852201852202,30.1,19.3,0.2,0.0012741762741762743,0,0,"218,219,220,221,225,570,573,574,577,583,584,585,608,609,610,611,612,613,634,636,658,659,660,661,681,682,684,703,704,729,731,750,751,773,774,776,809,810,811","4,5,8,9,11,12,16,19,20,23,24,25,27,28,30,33,34,42,43,44,45,47,58,60,62,65,67,69,71,72,73",39,31,74,0,1.786242731497426,,,,3128.3261692351043,1564.1630846175522,,benchmark_ShrakeRupley_256pt_Bondi,,,218,811,geometric_4.5A,,
Rx,52,sre19,rx52_and_sre19_atp,model_3,4,Yes,,A,B,C,858,74,31,A,B,C:\Users\13441\Desktop\Ranking\Rx\rx52_and_sre19_atp\fold_rx52_and_sre19_atp_model_3.cif,C:\Users\13441\Desktop\Ranking\Rx\rx52_and_sre19_atp\fold_rx52_and_sre19_atp_full_data_3.json,C:\Users\13441\Desktop\Ranking\Rx\rx52_and_sre19_atp\fold_rx52_and_sre19_atp_summary_confidences_3.json,0.5,0.66,0.55,False,0.22,19.83,19.92,0.0,0.0,0.0,0.0,0.0,0.0,0.0,0.0,71.2,31.9,0.0,0.0,0.0,0.0,,,,,,,,,0.22,0.66,True,0.0,0.0,0.0,0.0,0.0,0.0,0.0,0.0402,0.0088,0.0,0,0,0,0,17.29529882797094,16.7,29.7,18.454109589041096,20.4,25.5,26.447286272286274,26.3,19.8,29.76265828765829,30.2,19.9,0.2,0.0012741762741762743,0,0,"216,217,218,219,220,221,229,573,576,577,582,583,585,587,609,610,611,612,614,615,616,634,636,657,659,660,661,681,682,684,701,704,706,728,729,731,733,750,753,774,809","1,2,4,5,7,8,9,11,12,19,20,22,23,24,25,26,27,28,29,30,31,32,34,35,37,43,45,46,48,71,72,74",41,32,80,0,1.9698801378749615,,,,3305.3142512749782,1652.6571256374891,,benchmark_ShrakeRupley_256pt_Bondi,,,216,809,geometric_4.5A,,
Rx,52,sre19,rx52_and_sre19_atp,model_4,5,Yes,,A,B,C,858,74,31,A,B,C:\Users\13441\Desktop\Ranking\Rx\rx52_and_sre19_atp\fold_rx52_and_sre19_atp_model_4.cif,C:\Users\13441\Desktop\Ranking\Rx\rx52_and_sre19_atp\fold_rx52_and_sre19_atp_full_data_4.json,C:\Users\13441\Desktop\Ranking\Rx\rx52_and_sre19_atp\fold_rx52_and_sre19_atp_summary_confidences_4.json,0.49,0.66,0.55,False,0.2,19.19,19.62,0.0,0.0,0.0,0.0,0.0,0.0,0.0,0.0,71.1,31.3,0.0,0.0,0.0,0.0,,,,,,,,,0.2,0.66,True,0.0,0.0,0.0,0.0,0.0,0.0,0.0,0.0379,0.0089,0.0,0,0,0,0,17.322848582766902,16.8,29.6,19.05312847093669,21.2,25.9,27.056723681723682,27.1,19.2,30.04644207144207,30.5,19.6,0.2,0.0012741762741762743,0,0,"217,218,219,229,610,611,613,634,636,659,660,661,664,681,682,684,686,687,703,704,706,708,728,729,731,748,750,751,753,771,773,774,776","1,2,5,6,9,10,12,13,14,15,16,19,45,46,47,48,49,50,69,72,73,74",33,22,62,0,2.2049081046403365,,,,2568.4610476657977,1284.2305238328988,,benchmark_ShrakeRupley_256pt_Bondi,,,217,776,geometric_4.5A,,
Rx,53,sre19,rx53_and_sre19_atp,model_0,1,Yes,,A,B,C,826,74,31,A,B,C:\Users\13441\Desktop\Ranking\Rx\rx53_and_sre19_atp\fold_rx53_and_sre19_atp_model_0.cif,C:\Users\13441\Desktop\Ranking\Rx\rx53_and_sre19_atp\fold_rx53_and_sre19_atp_full_data_0.json,C:\Users\13441\Desktop\Ranking\Rx\rx53_and_sre19_atp\fold_rx53_and_sre19_atp_summary_confidences_0.json,0.55,0.71,0.62,False,0.26,17.89,19.99,0.0,0.0,0.0,0.0,0.0,0.0,0.0,0.0,73.0,34.0,0.0,0.0,0.0,0.0,,,,,,,,,0.26,0.71,True,0.0,0.0,0.0,0.0,0.0,0.0,0.0,0.0449,0.0088,0.0,0,0,0,0,15.418231711791034,14.2,29.1,16.529692706405033,17.7,23.9,24.703965709050458,24.4,17.9,29.151922321837578,29.5,20.0,0.12,0.001274131274131274,0,0,"184,194,195,196,216,217,218,219,220,221,225,229,233,237,401,446,447,448,449,454,570,571,573,577,608,609,610,611,612,683,684,704,706,707,725,727,729,730,732,750,752,754,755,777,782,783,786,789,790,793,795,796,818,820","1,2,4,5,7,8,9,10,11,12,13,21,23,24,25,27,28,32,33,34,35,36,37,38,39,44,45,47,48,52,53,54,55,57,58,59,60,62,63,64,65,66,68,69,70,71,73,74",54,48,110,0,2.1864644634564248,,,,4559.3263696954045,2279.6631848477023,,benchmark_ShrakeRupley_256pt_Bondi,,,184,820,geometric_4.5A,,
Rx,53,sre19,rx53_and_sre19_atp,model_1,2,Yes,,A,B,C,826,74,31,A,B,C:\Users\13441\Desktop\Ranking\Rx\rx53_and_sre19_atp\fold_rx53_and_sre19_atp_model_1.cif,C:\Users\13441\Desktop\Ranking\Rx\rx53_and_sre19_atp\fold_rx53_and_sre19_atp_full_data_1.json,C:\Users\13441\Desktop\Ranking\Rx\rx53_and_sre19_atp\fold_rx53_and_sre19_atp_summary_confidences_1.json,0.55,0.7,0.61,False,0.25,18.83,20.39,0.0,0.0,0.0,0.0,0.0,0.0,0.0,0.0,72.9,31.7,0.0,0.0,0.0,0.0,,,,,,,,,0.25,0.7,True,0.0,0.0,0.0,0.0,0.0,0.0,0.0,0.0415,0.0089,0.0,0,0,0,0,15.609900359527478,14.4,29.5,18.30777489818586,19.6,25.9,24.96162718408481,24.5,18.8,29.368763497153328,29.7,20.4,0.12,0.001274131274131274,0,0,"137,140,185,190,194,195,196,214,215,216,217,218,219,220,221,229,233,446,447,448,449,573,606,607,608,609,610,611,612,634,657,683,684,707,729,750,754,772,774,775,777,790,795","4,5,8,9,11,12,13,14,19,23,24,26,27,28,29,34,39,41,43,45,47,49,51,59,60,61,62,63,64,65,66,67,69,71,72,73,74",43,37,75,0,2.1473182843972856,,,,3401.7241927565974,1700.8620963782987,,benchmark_ShrakeRupley_256pt_Bondi,,,137,795,geometric_4.5A,,
Rx,53,sre19,rx53_and_sre19_atp,model_2,3,Yes,,A,B,C,826,74,31,A,B,C:\Users\13441\Desktop\Ranking\Rx\rx53_and_sre19_atp\fold_rx53_and_sre19_atp_model_2.cif,C:\Users\13441\Desktop\Ranking\Rx\rx53_and_sre19_atp\fold_rx53_and_sre19_atp_full_data_2.json,C:\Users\13441\Desktop\Ranking\Rx\rx53_and_sre19_atp\fold_rx53_and_sre19_atp_summary_confidences_2.json,0.55,0.71,0.61,False,0.26,17.21,19.28,0.0,0.0,0.0,0.0,0.0,0.0,0.0,0.0,73.0,33.4,0.0,0.0,0.0,0.0,,,,,,,,,0.26,0.71,True,0.0,0.0,0.0,0.0,0.0,0.0,0.0,0.0401,0.009,0.0,0,0,0,0,15.583572235673932,14.4,29.4,17.69735283228434,19.2,25.0,24.705547739022315,24.4,17.2,29.273882599306326,29.6,19.3,0.12,0.001274131274131274,0,0,"216,217,218,219,220,221,225,229,447,448,449,454,573,577,608,609,611,612,659,661,683,684,686,704,706,707,709,727,729,730,732,750,752,754,755,777,783,786,790","1,2,3,6,7,9,10,12,13,14,15,26,30,34,35,36,37,39,42,43,44,45,47,48,50,52,53,54,55,57,58,60,62,63,64,65,67,69",39,38,81,0,1.810792848105725,,,,3592.5407900768882,1796.2703950384441,,benchmark_ShrakeRupley_256pt_Bondi,,,216,790,geometric_4.5A,,
Rx,53,sre19,rx53_and_sre19_atp,model_3,4,Yes,,A,B,C,826,74,31,A,B,C:\Users\13441\Desktop\Ranking\Rx\rx53_and_sre19_atp\fold_rx53_and_sre19_atp_model_3.cif,C:\Users\13441\Desktop\Ranking\Rx\rx53_and_sre19_atp\fold_rx53_and_sre19_atp_full_data_3.json,C:\Users\13441\Desktop\Ranking\Rx\rx53_and_sre19_atp\fold_rx53_and_sre19_atp_summary_confidences_3.json,0.55,0.71,0.61,False,0.28,17.12,18.09,0.0,0.0,0.0,0.0,0.0,0.0,0.0,0.0,73.0,33.2,0.0,0.0,0.0,0.0,,,,,,,,,0.28,0.71,True,0.0,0.0,0.0,0.0,0.0,0.0,0.0,0.1,0.0095,0.0,0,0,0,0,15.501204783916648,14.4,29.0,17.762791558681972,19.4,24.6,23.961880766965514,23.5,17.1,29.07345887049277,29.5,18.1,0.12,0.001274131274131274,0,0,"209,212,215,216,217,218,219,220,221,229,233,399,400,401,405,406,409,446,447,448,449,454,455,523,524,525,526,568,569,570,573,576,577,604,606,607,608,609,610,611,612,634,636,654,656,657,659,661,679,681,683,684,685,707,708,709,727,729,730,752,754,777,788,791","1,2,4,5,7,8,11,12,17,19,20,21,23,24,26,27,28,29,30,32,33,34,35,36,37,38,39,41,42,43,45,49,50,51,52,53,54,57,62,63,64,65,66,67,73",64,45,124,0,2.029470419254425,,,,4948.69836242056,2474.34918121028,,benchmark_ShrakeRupley_256pt_Bondi,,,209,791,geometric_4.5A,,
Rx,53,sre19,rx53_and_sre19_atp,model_4,5,Yes,,A,B,C,826,74,31,A,B,C:\Users\13441\Desktop\Ranking\Rx\rx53_and_sre19_atp\fold_rx53_and_sre19_atp_model_4.cif,C:\Users\13441\Desktop\Ranking\Rx\rx53_and_sre19_atp\fold_rx53_and_sre19_atp_full_data_4.json,C:\Users\13441\Desktop\Ranking\Rx\rx53_and_sre19_atp\fold_rx53_and_sre19_atp_summary_confidences_4.json,0.53,0.7,0.59,False,0.26,17.38,18.3,0.0,0.0,0.0,0.0,0.0,0.0,0.0,0.0,72.9,32.1,0.0,0.0,0.0,0.0,,,,,,,,,0.26,0.7,True,0.0,0.0,0.0,0.0,0.0,0.0,0.0,0.0379,0.0089,0.0,0,0,0,0,15.721849878934623,14.7,28.9,17.858996667900776,19.4,25.3,24.709179700281393,24.4,17.4,29.25092762253779,29.6,18.3,0.12,0.001274131274131274,0,0,"190,194,196,212,216,217,218,219,220,403,447,448,449,454,570,573,577,606,607,608,609,610,612,634,656,657,681,683,707,729,750,754,775,777,782,783,784,785,787,789,792","1,4,7,8,9,10,11,12,15,16,17,19,22,23,24,25,26,27,31,33,35,39,42,43,44,46,47,48,50,57,65,66,68,74",41,34,76,0,2.113728646905459,,,,3805.7823113779523,1902.8911556889761,,benchmark_ShrakeRupley_256pt_Bondi,,,190,792,geometric_4.5A,,
Rx,54,sre2,rx54_and_sre2_atp,model_0,1,Partially,,A,B,C,804,118,31,A,B,C:\Users\13441\Desktop\Ranking\Rx\rx54_and_sre2_atp\fold_rx54_and_sre2_atp_model_0.cif,C:\Users\13441\Desktop\Ranking\Rx\rx54_and_sre2_atp\fold_rx54_and_sre2_atp_full_data_0.json,C:\Users\13441\Desktop\Ranking\Rx\rx54_and_sre2_atp\fold_rx54_and_sre2_atp_summary_confidences_0.json,0.54,0.68,0.62,False,0.19,18.36,18.67,0.0,0.0,0.0,0.0,0.0,0.0,0.0,0.0,74.6,56.0,0.0,0.0,0.0,0.0,,,,,,,,,0.19,0.68,True,0.0,0.0,0.0,0.0,0.0,0.0,0.0,0.0428,0.0089,0.0,0,0,0,0,15.148131230522358,13.8,29.3,16.50028972910329,19.8,30.1,28.207649253731343,28.7,18.4,29.466546504764317,30.0,18.7,0.44,0.0008948899569946874,15,0,"218,219,220,221,225,229,454,527,546,574,577,578,608,609,612,613,634,680,682,683,684,686,687,704,730,732,762,767","4,9,10,12,13,16,21,22,23,27,28,39,49,50,51,52,53,54,56,110,111,112,113,114,115,116,117,118",28,28,57,0,1.5081108175284546,,,,2755.2448266753217,1377.6224133376609,,benchmark_ShrakeRupley_256pt_Bondi,,,218,767,geometric_4.5A,,
Rx,54,sre2,rx54_and_sre2_atp,model_1,2,Partially,,A,B,C,804,118,31,A,B,C:\Users\13441\Desktop\Ranking\Rx\rx54_and_sre2_atp\fold_rx54_and_sre2_atp_model_1.cif,C:\Users\13441\Desktop\Ranking\Rx\rx54_and_sre2_atp\fold_rx54_and_sre2_atp_full_data_1.json,C:\Users\13441\Desktop\Ranking\Rx\rx54_and_sre2_atp\fold_rx54_and_sre2_atp_summary_confidences_1.json,0.54,0.68,0.62,False,0.21,18.57,18.52,0.0,0.0,0.0,0.0,0.0,0.0,0.0,0.0,74.8,55.6,0.0,0.0,0.0,0.0,,,,,,,,,0.21,0.68,True,0.0,0.0,0.0,0.0,0.0,0.0,0.0,0.0553,0.0094,0.0,0,0,0,0,15.254820232585516,13.8,30.1,16.379081558742577,20.2,29.5,27.939534319925794,28.3,18.6,29.360186356353825,29.9,18.5,0.44,0.0008948899569946874,15,0,"216,217,218,219,220,221,225,226,229,570,574,577,609,610,611,612,613,683,684,686,733,736,737,759,762","10,13,16,20,21,24,25,37,38,39,41,42,46,49,50,51,52,53,54,55,56,107,111,114,118",25,25,47,0,1.9730680398633555,,,,1959.6060578836139,979.8030289418069,,benchmark_ShrakeRupley_256pt_Bondi,,,216,762,geometric_4.5A,,
Rx,54,sre2,rx54_and_sre2_atp,model_2,3,Partially,,A,B,C,804,118,31,A,B,C:\Users\13441\Desktop\Ranking\Rx\rx54_and_sre2_atp\fold_rx54_and_sre2_atp_model_2.cif,C:\Users\13441\Desktop\Ranking\Rx\rx54_and_sre2_atp\fold_rx54_and_sre2_atp_full_data_2.json,C:\Users\13441\Desktop\Ranking\Rx\rx54_and_sre2_atp\fold_rx54_and_sre2_atp_summary_confidences_2.json,0.54,0.68,0.62,False,0.2,15.0,14.26,0.0,0.0,0.0,0.0,0.0,0.0,0.0,0.0,74.7,55.5,0.0,0.0,0.0,0.0,,,,,,,,,0.2,0.68,True,0.0,0.0,0.0,0.0,0.0,0.0,0.0,0.1175,0.0095,0.0,0,0,0,0,15.245003965229891,13.9,29.4,16.57974793568014,20.2,29.7,27.92127498102707,28.4,15.0,29.443994012985925,29.9,14.3,0.44,0.0008948899569946874,15,0,"217,218,219,220,221,222,225,229,232,450,608,609,610,611,612,682,683,684,686,709,715,726,727,728,729,730,731,732,733,734,735,736,739,742,749,751,753,758,759,760,761,762,763,764,765,766,767,768,771","9,10,13,14,16,17,19,20,21,24,25,26,28,33,36,37,38,39,43,46,47,48,49,50,51,57,111,112,113,114,115,116,117,118",49,34,109,0,1.7637216879906668,,,,3528.3614980984903,1764.1807490492452,,benchmark_ShrakeRupley_256pt_Bondi,,,217,771,geometric_4.5A,,
Rx,54,sre2,rx54_and_sre2_atp,model_3,4,Partially,,A,B,C,804,118,31,A,B,C:\Users\13441\Desktop\Ranking\Rx\rx54_and_sre2_atp\fold_rx54_and_sre2_atp_model_3.cif,C:\Users\13441\Desktop\Ranking\Rx\rx54_and_sre2_atp\fold_rx54_and_sre2_atp_full_data_3.json,C:\Users\13441\Desktop\Ranking\Rx\rx54_and_sre2_atp\fold_rx54_and_sre2_atp_summary_confidences_3.json,0.52,0.68,0.6,False,0.19,20.77,19.62,0.0,0.0,0.0,0.0,0.0,0.0,0.0,0.0,74.5,55.5,0.0,0.0,0.0,0.0,,,,,,,,,0.19,0.68,True,0.0,0.0,0.0,0.0,0.0,0.0,0.0,0.0401,0.0088,0.0,0,0,0,0,15.338708852995298,14.0,29.7,16.43283355063016,19.9,29.8,28.54041866936504,28.8,20.8,29.764437347162495,30.3,19.6,0.44,0.0008948899569946874,15,0,"218,219,220,221,222,225,229,548,570,572,574,577,608,609,610,611,612,613,682,683,684,685,687,733","1,12,13,16,17,18,19,20,21,22,23,24,25,26,39,43,51,111,112,113,114,115,116,117,118",24,25,52,0,1.6765847579227882,,,,2215.5041389613352,1107.7520694806676,,benchmark_ShrakeRupley_256pt_Bondi,,,218,733,geometric_4.5A,,
Rx,54,sre2,rx54_and_sre2_atp,model_4,5,Partially,,A,B,C,804,118,31,A,B,C:\Users\13441\Desktop\Ranking\Rx\rx54_and_sre2_atp\fold_rx54_and_sre2_atp_model_4.cif,C:\Users\13441\Desktop\Ranking\Rx\rx54_and_sre2_atp\fold_rx54_and_sre2_atp_full_data_4.json,C:\Users\13441\Desktop\Ranking\Rx\rx54_and_sre2_atp\fold_rx54_and_sre2_atp_summary_confidences_4.json,0.33,0.57,0.44,False,0.22,14.96,14.15,0.0,0.0,0.0,0.0,0.0,0.0,0.0,0.0,72.8,56.0,0.0,0.0,0.0,0.0,,,,,,,,,0.22,0.57,True,0.0,0.0,0.0,0.0,0.0,0.0,0.0,0.0738,0.0095,0.0,0,0,0,0,19.20742922993996,22.1,30.9,16.623076923076923,20.0,29.9,27.927916561261487,29.4,15.0,29.053509992410827,29.9,14.2,0.44,0.0008948899569946874,15,0,"450,527,528,529,546,548,568,570,572,607,608,609,610,612,682,683,715,726,727,728,729,730,731,732,733,734,736,739,742,751,753,754,755,756,757,758,759,760,762","1,2,3,4,5,9,12,13,15,16,17,19,20,21,27,28,29,30,32,51,71,110,111,112,113,114,115,116,117,118",39,30,81,1,1.010749270235554,,,,3296.646494060216,1648.323247030108,,benchmark_ShrakeRupley_256pt_Bondi,,,450,762,geometric_4.5A,,
Rx,55,sre2,rx55_and_sre2_atp,model_0,1,Yes,,A,B,C,895,118,31,A,B,C:\Users\13441\Desktop\Ranking\Rx\rx55_and_sre2_atp\fold_rx55_and_sre2_atp_model_0.cif,C:\Users\13441\Desktop\Ranking\Rx\rx55_and_sre2_atp\fold_rx55_and_sre2_atp_full_data_0.json,C:\Users\13441\Desktop\Ranking\Rx\rx55_and_sre2_atp\fold_rx55_and_sre2_atp_summary_confidences_0.json,0.5,0.69,0.58,False,0.24,16.97,16.6,0.0,0.0,0.0,0.0,0.0,0.0,0.0,0.0,74.6,56.2,0.0,0.0,0.0,0.0,,,,,,,,,0.24,0.69,True,0.0,0.0,0.0,0.0,0.0,0.0,0.0,0.1886,0.0096,0.0,0,0,0,0,15.403602039668554,15.0,28.1,16.466391424018543,18.8,30.0,26.5546406590285,27.1,17.0,29.040858820187484,29.6,16.6,0.16,0.0005947353470315311,0,0,"195,211,214,215,217,218,219,220,221,225,226,227,228,229,230,231,232,233,235,570,574,577,608,609,610,611,612,613,634,678,680,681,682,683,684,710,734,756,757,758,759,781,802,823","1,9,10,12,13,16,17,19,20,21,23,24,25,26,27,28,30,36,37,38,39,41,42,43,46,47,49,50,51,52,53,56,78,110,111,112,113,114,115,116,118",44,41,108,2,1.4808141421913448,,,,4053.330382794128,2026.665191397064,,benchmark_ShrakeRupley_256pt_Bondi,,,195,823,geometric_4.5A,,
Rx,55,sre2,rx55_and_sre2_atp,model_1,2,Yes,,A,B,C,895,118,31,A,B,C:\Users\13441\Desktop\Ranking\Rx\rx55_and_sre2_atp\fold_rx55_and_sre2_atp_model_1.cif,C:\Users\13441\Desktop\Ranking\Rx\rx55_and_sre2_atp\fold_rx55_and_sre2_atp_full_data_1.json,C:\Users\13441\Desktop\Ranking\Rx\rx55_and_sre2_atp\fold_rx55_and_sre2_atp_summary_confidences_1.json,0.51,0.69,0.57,False,0.23,16.25,16.89,0.0,0.0,0.0,0.0,0.0,0.0,0.0,0.0,74.8,55.9,0.0,0.0,0.0,0.0,,,,,,,,,0.23,0.69,True,0.0,0.0,0.0,0.0,0.0,0.0,0.0,0.1057,0.0099,0.0,0,0,0,0,15.27021234049467,14.8,27.8,16.657685064464726,19.7,30.0,26.852282927753055,27.2,16.3,29.15047344001515,29.7,16.9,0.16,0.0005947353470315311,0,0,"216,217,218,220,221,225,229,232,577,608,609,610,611,612,613,680,681,682,683,684,685,710,733,734,736,757,759,760,781,802","1,9,10,12,13,16,17,19,20,21,22,23,24,25,26,27,28,29,38,39,42,43,46,47,50,51,53,56,112,116",30,30,65,0,1.7552122861935748,,,,2563.6789938683196,1281.8394969341598,,benchmark_ShrakeRupley_256pt_Bondi,,,216,802,geometric_4.5A,,
Rx,55,sre2,rx55_and_sre2_atp,model_2,3,Yes,,A,B,C,895,118,31,A,B,C:\Users\13441\Desktop\Ranking\Rx\rx55_and_sre2_atp\fold_rx55_and_sre2_atp_model_2.cif,C:\Users\13441\Desktop\Ranking\Rx\rx55_and_sre2_atp\fold_rx55_and_sre2_atp_full_data_2.json,C:\Users\13441\Desktop\Ranking\Rx\rx55_and_sre2_atp\fold_rx55_and_sre2_atp_summary_confidences_2.json,0.48,0.69,0.56,False,0.2,17.4,16.71,0.0,0.0,0.0,0.0,0.0,0.0,0.0,0.0,74.8,56.9,0.0,0.0,0.0,0.0,,,,,,,,,0.2,0.69,True,0.0,0.0,0.0,0.0,0.0,0.0,0.0,0.0388,0.0096,0.0,0,0,0,0,15.47486295976904,14.9,28.5,17.43015355642474,20.3,31.2,27.862080295426573,28.3,17.4,29.602784774169113,30.2,16.7,0.16,0.0005947353470315311,0,0,"221,609,610,611,612,613,681,683,684,685,710,733,734,736,757,759","1,2,3,4,5,12,13,16,17,20,28,29,30,39",16,14,26,0,1.822806627678262,,,,1462.3085716264602,731.1542858132301,,benchmark_ShrakeRupley_256pt_Bondi,,,221,759,geometric_4.5A,,
Rx,55,sre2,rx55_and_sre2_atp,model_3,4,Yes,,A,B,C,895,118,31,A,B,C:\Users\13441\Desktop\Ranking\Rx\rx55_and_sre2_atp\fold_rx55_and_sre2_atp_model_3.cif,C:\Users\13441\Desktop\Ranking\Rx\rx55_and_sre2_atp\fold_rx55_and_sre2_atp_full_data_3.json,C:\Users\13441\Desktop\Ranking\Rx\rx55_and_sre2_atp\fold_rx55_and_sre2_atp_summary_confidences_3.json,0.49,0.69,0.56,False,0.22,16.69,16.46,0.0,0.0,0.0,0.0,0.0,0.0,0.0,0.0,74.9,56.4,0.0,0.0,0.0,0.0,,,,,,,,,0.22,0.69,True,0.0,0.0,0.0,0.0,0.0,0.0,0.0,0.0636,0.0091,0.0,0,0,0,0,15.282078912176772,14.8,27.8,16.729559611763,19.9,30.3,27.132655051604964,27.4,16.7,29.22054256225736,29.8,16.5,0.16,0.0005947353470315311,0,0,"206,209,212,213,217,218,220,221,229,406,527,543,546,576,577,578,579,609,610,611,612,613,682,683,684,685,707,709,710,712,731,733,734,736,757,759","1,3,4,5,9,10,12,13,16,17,19,20,21,22,25,26,27,28,29,39,47,51,53,56,109,110,111,112,113,114,118",36,31,62,0,2.4955571637524487,,,,3135.05975093656,1567.52987546828,,benchmark_ShrakeRupley_256pt_Bondi,,,206,759,geometric_4.5A,,
Rx,55,sre2,rx55_and_sre2_atp,model_4,5,Yes,,A,B,C,895,118,31,A,B,C:\Users\13441\Desktop\Ranking\Rx\rx55_and_sre2_atp\fold_rx55_and_sre2_atp_model_4.cif,C:\Users\13441\Desktop\Ranking\Rx\rx55_and_sre2_atp\fold_rx55_and_sre2_atp_full_data_4.json,C:\Users\13441\Desktop\Ranking\Rx\rx55_and_sre2_atp\fold_rx55_and_sre2_atp_summary_confidences_4.json,0.47,0.69,0.55,False,0.22,16.05,16.54,0.0,0.0,0.0,0.0,0.0,0.0,0.0,0.0,74.7,54.8,0.0,0.0,0.0,0.0,,,,,,,,,0.22,0.69,True,0.0,0.0,0.0,0.0,0.0,0.0,0.0,0.1357,0.009,0.0,0,0,0,0,15.31593953482559,14.8,28.2,16.511610893814286,19.7,29.5,26.898658270997064,27.4,16.1,29.638466054350914,30.1,16.5,0.16,0.0005947353470315311,0,0,"184,185,196,198,200,208,212,217,218,219,220,221,225,229,398,399,400,401,446,526,527,577,608,609,610,612,684,685,710,733,756,757,759,760,781,801,802,844,846,862","3,4,5,6,7,8,9,10,12,13,16,17,18,20,21,22,23,39,43,46,47,49,50,51,52,53,54,55,56,57,59,61,79,80,107,108,109,110,111,112,113,114,115,116,117,118",40,46,93,0,1.9000872330579477,,,,3858.8229933370144,1929.4114966685072,,benchmark_ShrakeRupley_256pt_Bondi,,,184,862,geometric_4.5A,,
Rx,56,sre2,rx56_and_sre2_atp,model_0,1,Partially,,A,B,C,805,118,31,A,B,C:\Users\13441\Desktop\Ranking\Rx\rx56_and_sre2_atp\fold_rx56_and_sre2_atp_model_0.cif,C:\Users\13441\Desktop\Ranking\Rx\rx56_and_sre2_atp\fold_rx56_and_sre2_atp_full_data_0.json,C:\Users\13441\Desktop\Ranking\Rx\rx56_and_sre2_atp\fold_rx56_and_sre2_atp_summary_confidences_0.json,0.54,0.68,0.64,False,0.18,21.5,19.17,0.0,0.0,0.0,0.0,0.0,0.0,0.0,0.0,71.9,56.0,0.0,0.0,0.0,0.0,,,,,,,,,0.18,0.68,True,0.0,0.0,0.0,0.0,0.0,0.0,0.0,0.0478,0.0092,0.0,0,0,0,0,15.835441117394394,13.6,30.3,17.312871215413587,19.75,31.0,28.475876408042954,28.7,21.5,29.275594273081378,29.9,19.2,0.19,0.0006684914201494894,0,0,"528,547,570,571,572,573,574,575,576,577,583,607,608,609,610,611,612,613,681,705,738,749,752","1,2,3,4,12,16,19,20,21,26,27,28,29,30,31,32,70,71,114,116",23,20,41,0,2.373697628506968,,,,1915.0523786607469,957.5261893303734,,benchmark_ShrakeRupley_256pt_Bondi,,,528,752,geometric_4.5A,,
Rx,56,sre2,rx56_and_sre2_atp,model_1,2,Partially,,A,B,C,805,118,31,A,B,C:\Users\13441\Desktop\Ranking\Rx\rx56_and_sre2_atp\fold_rx56_and_sre2_atp_model_1.cif,C:\Users\13441\Desktop\Ranking\Rx\rx56_and_sre2_atp\fold_rx56_and_sre2_atp_full_data_1.json,C:\Users\13441\Desktop\Ranking\Rx\rx56_and_sre2_atp\fold_rx56_and_sre2_atp_summary_confidences_1.json,0.54,0.68,0.62,False,0.18,21.33,19.75,0.0,0.0,0.0,0.0,0.0,0.0,0.0,0.0,72.2,56.4,0.0,0.0,0.0,0.0,,,,,,,,,0.18,0.68,True,0.0,0.0,0.0,0.0,0.0,0.0,0.0,0.0382,0.0086,0.0,0,0,0,0,15.819525354593491,13.9,30.2,17.079617557583656,20.0,30.5,28.517580797978734,28.5,21.3,29.456661753868826,30.1,19.8,0.19,0.0006684914201494894,0,0,"570,571,572,573,574,577,608,609,611,612,713,714,715,717,718,719,720,721,723,735,736,738,739,746,751,753,759,760,761,762","1,2,3,4,10,12,13,16,17,18,19,20,21,22,27,28,29,31,43,50,51,56,110,111,112,114,116,117",30,28,53,0,1.5087243858680934,,,,2962.382154910644,1481.191077455322,,benchmark_ShrakeRupley_256pt_Bondi,,,570,762,geometric_4.5A,,
Rx,56,sre2,rx56_and_sre2_atp,model_2,3,Partially,,A,B,C,805,118,31,A,B,C:\Users\13441\Desktop\Ranking\Rx\rx56_and_sre2_atp\fold_rx56_and_sre2_atp_model_2.cif,C:\Users\13441\Desktop\Ranking\Rx\rx56_and_sre2_atp\fold_rx56_and_sre2_atp_full_data_2.json,C:\Users\13441\Desktop\Ranking\Rx\rx56_and_sre2_atp\fold_rx56_and_sre2_atp_summary_confidences_2.json,0.54,0.69,0.62,False,0.19,20.72,18.04,0.0,0.0,0.0,0.0,0.0,0.0,0.0,0.0,72.2,55.5,0.0,0.0,0.0,0.0,,,,,,,,,0.19,0.69,True,0.0,0.0,0.0,0.0,0.0,0.0,0.0,0.0609,0.0093,0.0,0,0,0,0,15.773460801582152,13.8,30.0,17.308952629291614,22.4,30.7,28.258779871565427,28.5,20.7,29.10332561322245,29.7,18.0,0.19,0.0006684914201494894,0,0,"401,526,528,547,570,571,572,573,574,575,576,577,606,607,608,609,610,611,612,613,657,706,733,734,738,761,762","1,2,3,4,5,9,10,12,13,15,16,17,19,20,28,29,30,31,47,50,51,53,55,56,71,107",27,26,55,0,2.3953560826251743,,,,2258.7825131901704,1129.3912565950852,,benchmark_ShrakeRupley_256pt_Bondi,,,401,762,geometric_4.5A,,
Rx,56,sre2,rx56_and_sre2_atp,model_3,4,Partially,,A,B,C,805,118,31,A,B,C:\Users\13441\Desktop\Ranking\Rx\rx56_and_sre2_atp\fold_rx56_and_sre2_atp_model_3.cif,C:\Users\13441\Desktop\Ranking\Rx\rx56_and_sre2_atp\fold_rx56_and_sre2_atp_full_data_3.json,C:\Users\13441\Desktop\Ranking\Rx\rx56_and_sre2_atp\fold_rx56_and_sre2_atp_summary_confidences_3.json,0.54,0.68,0.61,False,0.16,21.86,20.47,0.0,0.0,0.0,0.0,0.0,0.0,0.0,0.0,72.5,56.7,0.0,0.0,0.0,0.0,,,,,,,,,0.16,0.68,True,0.0,0.0,0.0,0.0,0.0,0.0,0.0,0.0293,0.0084,0.0,0,0,0,0,15.616696332004572,13.6,29.8,16.780754744314066,19.2,30.1,29.312068638804085,29.5,21.9,30.078556690177916,30.6,20.5,0.19,0.0006684914201494894,0,0,"401,573,577,583,612,613,742,751,752,753,754,755,756,757,758,759,768","1,4,5,9,12,13,16,19,20,21,28,29,117,118",17,14,29,0,2.27937947168558,,,,1756.574354368805,878.2871771844025,,benchmark_ShrakeRupley_256pt_Bondi,,,401,768,geometric_4.5A,,
Rx,56,sre2,rx56_and_sre2_atp,model_4,5,Partially,,A,B,C,805,118,31,A,B,C:\Users\13441\Desktop\Ranking\Rx\rx56_and_sre2_atp\fold_rx56_and_sre2_atp_model_4.cif,C:\Users\13441\Desktop\Ranking\Rx\rx56_and_sre2_atp\fold_rx56_and_sre2_atp_full_data_4.json,C:\Users\13441\Desktop\Ranking\Rx\rx56_and_sre2_atp\fold_rx56_and_sre2_atp_summary_confidences_4.json,0.51,0.69,0.61,False,0.2,20.99,18.61,0.0,0.0,0.0,0.0,0.0,0.0,0.0,0.0,72.1,56.2,0.0,0.0,0.0,0.0,,,,,,,,,0.2,0.69,True,0.0,0.0,0.0,0.0,0.0,0.0,0.0,0.0623,0.0089,0.0,0,0,0,0,15.816429961991288,13.8,30.2,17.16854990583804,20.1,30.8,27.93438888304032,27.8,21.0,28.87904200442152,29.5,18.6,0.19,0.0006684914201494894,0,0,"401,445,446,454,570,571,572,573,574,576,577,608,609,610,611,612,685,700,706,707,708,709,710,715,716,717,718,719,720,721,722,723,727,730,732,733,736,750,751,752,753,754,755,756,757,759,761","1,2,4,5,12,15,16,19,20,21,28,29,30,31,46,50,51,52,53,54,55,56,110,111,112,113,114,115,116,117,118",47,31,98,0,1.8260812896298795,,,,3883.541932817132,1941.770966408566,,benchmark_ShrakeRupley_256pt_Bondi,,,401,761,geometric_4.5A,,
Rx,57,sre2,rx57_and_sre2_atp,model_0,1,Yes,,A,B,C,845,118,31,A,B,C:\Users\13441\Desktop\Ranking\Rx\rx57_and_sre2_atp\fold_rx57_and_sre2_atp_model_0.cif,C:\Users\13441\Desktop\Ranking\Rx\rx57_and_sre2_atp\fold_rx57_and_sre2_atp_full_data_0.json,C:\Users\13441\Desktop\Ranking\Rx\rx57_and_sre2_atp\fold_rx57_and_sre2_atp_summary_confidences_0.json,0.61,0.73,0.67,False,0.62,3.87,4.29,0.2503,2519.4,630.7,0.3281,0.1896,0.3305,33233.0,191.0,77.1,57.4,486.0,77.0,49.0,35.0,80.8,71.6,74.3,70.7,"[2-21,23-38,54-78,85,87-108,371-419,422-478,480-481,500-513,517-536,538-574,576-577,582-644,646-803]",[1-77],"[401,403,405-406,409,446,448-449,454-455,525-527,529,543,545-546,548,566,568,570,604,606,608-611,634,656-657,676,678-679,702,704,706,724,726,728,746,748,750,768,770,772,792,796,801-802]","[3-10,12-13,15-17,19-21,28-29,31-32,43,47,49-55,58-59,62,67,70-71]",0.62,0.73,True,0.199762,0.577744,0.328127,0.410844,0.328127,0.727506,0.577744,0.4254,0.0176,0.1896,337,75,64,44,14.767910204997337,14.1,27.5,15.909459655222367,17.1,29.6,19.696302276602143,20.0,3.9,21.782470163474077,22.1,4.3,0.78,0.0014026677364356636,76,30,"206,207,208,209,211,212,215,217,218,219,220,221,222,223,225,226,229,230,400,401,406,447,448,449,454,523,524,525,526,527,543,545,546,548,564,568,570,604,606,607,608,609,610,611,612,634,656,657,678,679,681,704,706,707,724,726,728,746,748,750,768,770,771,772,773,774,777,778,779,780,782,785,789,793,795,796,797,801,802,806,808,809","1,2,3,4,5,6,9,10,12,13,14,15,16,17,19,20,21,28,29,31,34,35,36,37,38,40,41,43,45,46,47,48,49,50,51,52,53,54,55,56,59,60,61,62,63,64,65,66,67,68,69,70,71,72,73,74,75,76,77,78,79,82,83,84,85,87,91,107,108,109,110,111,112,114,115",82,75,216,7,0.6258347955100867,,,,6557.318654822822,3278.659327411411,,benchmark_ShrakeRupley_256pt_Bondi,401,802,206,809,geometric_4.5A,,
Rx,57,sre2,rx57_and_sre2_atp,model_1,2,Yes,,A,B,C,845,118,31,A,B,C:\Users\13441\Desktop\Ranking\Rx\rx57_and_sre2_atp\fold_rx57_and_sre2_atp_model_1.cif,C:\Users\13441\Desktop\Ranking\Rx\rx57_and_sre2_atp\fold_rx57_and_sre2_atp_full_data_1.json,C:\Users\13441\Desktop\Ranking\Rx\rx57_and_sre2_atp\fold_rx57_and_sre2_atp_summary_confidences_1.json,0.59,0.73,0.66,False,0.6,3.85,4.31,0.233,2295.8,534.9,0.2807,0.1777,0.3055,28186.0,187.0,76.8,55.5,460.0,78.0,53.0,36.0,80.8,70.3,74.0,70.2,"[2-20,24-37,55-78,88-104,106,371-418,423-477,500-513,517-532,534,536,538-574,583,585,587-641,647-802]",[1-78],"[400-401,403,405-406,409,445-446,448-450,452,454-455,525-527,543,545-546,548,566,568,570,604,606,608-610,631,656-657,676,678-679,702,704,706,724,726,728,746,748,750,768,770,772,792,794,796,798,801-802]","[3-6,8-10,12-13,15-17,19-21,28-29,31-32,34,47,49-55,58-59,62-63,66-67,70-71]",0.6,0.73,True,0.194428,0.54031,0.280737,0.375425,0.280737,0.716411,0.54031,0.37,0.0184,0.1777,291,75,59,43,14.714691943127962,13.9,27.5,16.338439808778794,17.6,29.8,20.082482198375292,20.4,3.8,22.28970915655401,22.7,4.3,0.78,0.0014026677364356636,76,30,"198,206,208,209,210,212,213,214,215,216,217,218,219,220,221,222,229,400,401,402,448,449,450,454,524,525,526,527,543,545,546,566,568,570,604,606,607,608,609,610,611,612,634,656,657,678,679,704,706,707,724,726,728,746,748,750,768,770,771,772,777,778,779,780,782,784,785,793,795,796,797,801,802,806,808,809","1,2,3,4,5,9,10,12,13,14,15,16,17,19,20,21,28,29,30,31,32,33,34,35,36,37,38,41,43,46,47,49,50,51,52,53,54,55,56,58,59,62,64,66,67,68,69,70,71,72,73,74,75,76,78,82,108,111,112,113,114,115,116,117",76,64,185,4,0.4741757021044627,,,,5856.564633366798,2928.282316683399,,benchmark_ShrakeRupley_256pt_Bondi,400,802,198,809,geometric_4.5A,,
Rx,57,sre2,rx57_and_sre2_atp,model_2,3,Yes,,A,B,C,845,118,31,A,B,C:\Users\13441\Desktop\Ranking\Rx\rx57_and_sre2_atp\fold_rx57_and_sre2_atp_model_2.cif,C:\Users\13441\Desktop\Ranking\Rx\rx57_and_sre2_atp\fold_rx57_and_sre2_atp_full_data_2.json,C:\Users\13441\Desktop\Ranking\Rx\rx57_and_sre2_atp\fold_rx57_and_sre2_atp_summary_confidences_2.json,0.59,0.72,0.65,False,0.61,4.29,4.8,0.2254,1825.8,411.4,0.2365,0.1659,0.3061,22676.0,147.0,76.8,56.5,431.0,77.0,49.0,31.0,80.4,69.9,72.6,69.9,"[2-20,24-25,27-36,56-78,92-93,95-96,99,102-103,374-380,382-418,424-477,501-512,517-530,538-574,583,587-641,648-693,695,697-802]",[1-77],"[401,403,405-406,409,446,449-450,454,525-527,543,545-546,548,566,568,570,604,606,608-612,631,656-657,678-679,702,704,706,724,726,728,746,748,750,768,770,772,792,794,796,798,801-802]","[3-6,9-10,12-13,15-17,19,21,28-29,31,43,46-47,49-55,58-59,62,70-71]",0.61,0.72,True,0.172357,0.486135,0.236546,0.335851,0.236546,0.69582,0.486135,0.369,0.0162,0.1659,245,74,48,32,14.849976583751648,14.1,27.7,16.04190207156309,17.2,29.6,20.327979139504563,20.7,4.3,22.594941329856585,23.1,4.8,0.78,0.0014026677364356636,76,30,"208,209,211,212,215,217,218,219,220,221,222,223,225,226,229,401,448,449,454,524,525,526,527,543,545,546,566,568,570,604,606,608,609,610,611,612,634,656,657,678,679,681,704,706,707,724,726,728,746,748,750,768,770,771,772,774,777,778,779,780,782,785,788,789,793,794,795,796,797,798,801,802,806,808,809","1,2,3,4,5,9,10,12,13,14,15,16,17,19,20,21,28,29,31,32,34,35,36,38,40,43,45,46,47,49,50,51,52,53,54,55,56,59,61,62,64,65,66,67,68,69,70,71,72,73,74,75,76,77,82,83,84,85,86,87,89,91,107,108,109,110,111,112,114,115",75,70,198,7,0.4321185870105734,,,,6109.253857346972,3054.626928673486,,benchmark_ShrakeRupley_256pt_Bondi,401,802,208,809,geometric_4.5A,,
Rx,57,sre2,rx57_and_sre2_atp,model_3,4,Yes,,A,B,C,845,118,31,A,B,C:\Users\13441\Desktop\Ranking\Rx\rx57_and_sre2_atp\fold_rx57_and_sre2_atp_model_3.cif,C:\Users\13441\Desktop\Ranking\Rx\rx57_and_sre2_atp\fold_rx57_and_sre2_atp_full_data_3.json,C:\Users\13441\Desktop\Ranking\Rx\rx57_and_sre2_atp\fold_rx57_and_sre2_atp_summary_confidences_3.json,0.59,0.72,0.65,False,0.61,4.26,4.76,0.2297,1823.2,418.7,0.2351,0.1664,0.3169,23575.0,141.0,76.8,56.7,443.0,77.0,42.0,31.0,80.5,70.6,74.0,70.4,"[2-20,24-25,27-37,56-78,88,91-97,99,102-103,372,374-418,423-477,500-513,517-530,538-574,583,585,587-641,647-693,695,697-802]",[1-77],"[401,403,406,446,449-450,454-455,527,543,545-546,548,566,568,570,604,606,608-610,634,656-657,678-679,704,706,724,726,728,746,748,750,768,770,772,792,794,796,800-801]","[3-6,9-10,12-13,15-21,28-29,31,43,46-47,49-55,58-59,62]",0.61,0.72,True,0.174301,0.500081,0.235107,0.331333,0.235107,0.698139,0.500081,0.3289,0.0166,0.1664,262,74,50,33,14.843143245744411,14.1,27.7,16.085303491235692,17.7,29.8,20.394001604653496,20.8,4.3,22.63529736235082,23.2,4.8,0.78,0.0014026677364356636,76,30,"208,209,212,215,216,217,218,219,220,221,222,226,229,401,447,448,449,454,525,526,527,545,546,568,608,609,610,611,612,634,656,657,678,679,681,704,706,707,724,726,728,746,748,750,768,770,771,772,774,777,778,779,780,781,782,785,795,796,797,800,801,802,804,806,808,809","1,2,3,4,9,10,12,13,14,15,16,17,19,20,21,28,31,32,33,34,35,36,38,43,46,47,49,50,51,52,53,54,55,56,57,59,61,62,64,65,66,68,69,70,71,72,73,74,75,76,77,82,107,108,109,110,111,112,114,115,116",66,61,180,5,0.6119517216817543,,,,5649.518332778613,2824.7591663893063,,benchmark_ShrakeRupley_256pt_Bondi,401,801,208,809,geometric_4.5A,,
Rx,57,sre2,rx57_and_sre2_atp,model_4,5,Yes,,A,B,C,845,118,31,A,B,C:\Users\13441\Desktop\Ranking\Rx\rx57_and_sre2_atp\fold_rx57_and_sre2_atp_model_4.cif,C:\Users\13441\Desktop\Ranking\Rx\rx57_and_sre2_atp\fold_rx57_and_sre2_atp_full_data_4.json,C:\Users\13441\Desktop\Ranking\Rx\rx57_and_sre2_atp\fold_rx57_and_sre2_atp_summary_confidences_4.json,0.55,0.72,0.62,False,0.58,4.69,5.19,0.2224,1153.2,256.5,0.1303,0.1466,0.3373,12201.0,109.0,76.2,55.4,349.0,75.0,29.0,25.0,80.0,69.7,69.8,68.1,"[3-16,19,28,31-32,58-59,61-67,69-71,74,379,382,384,386-417,424-446,453-471,475,501-503,509,518-523,539-571,588,590-639,649-685,687,689-691,697-717,719-802]",[2-76],"[403,546,606,608-612,634,656-657,678-679,704,706,724,726,728,746,748,750,768,770,772,792,794,796,800-801]","[3-4,6,9-10,12-13,15-21,28-29,43,46-47,49-54]",0.58,0.72,True,0.12421,0.340718,0.130253,0.247055,0.130253,0.673186,0.340718,0.2309,0.016,0.1466,124,61,42,24,14.912646877366162,14.0,27.8,16.090576560915544,17.9,29.5,21.278974024671548,21.6,4.7,23.78740146424631,24.7,5.2,0.78,0.0014026677364356636,76,30,"215,216,217,218,219,220,221,229,448,449,454,527,546,568,607,608,609,610,611,612,634,656,657,678,679,681,704,706,707,724,726,728,746,748,750,768,770,771,772,773,774,777,778,779,780,781,782,785,789,793,795,796,797,800,801,802,804,806,808,809","1,2,3,4,9,10,12,13,14,15,16,17,18,19,20,21,28,29,31,43,47,49,50,51,52,53,54,55,56,57,59,65,66,67,69,70,71,72,73,74,83,85,87,91,107,108,109,110,111,112,114,115",60,52,149,0,1.767471316797077,,,,5127.51333949336,2563.75666974668,,benchmark_ShrakeRupley_256pt_Bondi,403,801,215,809,geometric_4.5A,,
Rx,58,sre2,rx58_and_sre2_atp,model_0,1,Partially,,A,B,C,864,118,31,A,B,C:\Users\13441\Desktop\Ranking\Rx\rx58_and_sre2_atp\fold_rx58_and_sre2_atp_model_0.cif,C:\Users\13441\Desktop\Ranking\Rx\rx58_and_sre2_atp\fold_rx58_and_sre2_atp_full_data_0.json,C:\Users\13441\Desktop\Ranking\Rx\rx58_and_sre2_atp\fold_rx58_and_sre2_atp_summary_confidences_0.json,0.51,0.66,0.6,False,0.16,21.99,21.7,0.0,0.0,0.0,0.0,0.0,0.0,0.0,0.0,71.7,56.5,0.0,0.0,0.0,0.0,,,,,,,,,0.16,0.66,True,0.0,0.0,0.0,0.0,0.0,0.0,0.0,0.04,0.0086,0.0,0,0,0,0,16.69897992575426,15.5,30.6,17.205236853541937,19.8,30.9,29.125156936597616,29.2,22.0,29.88978440834903,30.3,21.7,0.16,0.0006122489014438168,0,0,"449,583,584,585,586,587,611,612,613,614,616,634,636,640,659,661,662,683,685,686,689,690,712,782,784,795,797,812,813,814,815,816,817,818,819","1,2,4,10,12,13,14,16,17,19,20,25,27,28,29,30,31,51,71,106,107,108,109,110,111,112,113,114",35,28,72,0,1.9300075479706411,,,,2907.2272841792246,1453.6136420896123,,benchmark_ShrakeRupley_256pt_Bondi,,,449,819,geometric_4.5A,,
Rx,58,sre2,rx58_and_sre2_atp,model_1,2,Partially,,A,B,C,864,118,31,A,B,C:\Users\13441\Desktop\Ranking\Rx\rx58_and_sre2_atp\fold_rx58_and_sre2_atp_model_1.cif,C:\Users\13441\Desktop\Ranking\Rx\rx58_and_sre2_atp\fold_rx58_and_sre2_atp_full_data_1.json,C:\Users\13441\Desktop\Ranking\Rx\rx58_and_sre2_atp\fold_rx58_and_sre2_atp_summary_confidences_1.json,0.5,0.66,0.6,False,0.17,20.58,20.51,0.0,0.0,0.0,0.0,0.0,0.0,0.0,0.0,71.7,57.0,0.0,0.0,0.0,0.0,,,,,,,,,0.17,0.66,True,0.0,0.0,0.0,0.0,0.0,0.0,0.0,0.0422,0.0086,0.0,0,0,0,0,16.77340631839835,15.7,30.3,17.080877879182964,19.95,30.5,29.089377354048967,29.5,20.6,29.9426877354049,30.3,20.5,0.16,0.0006122489014438168,0,0,"220,222,225,449,570,572,573,575,576,584,608,609,610,613,749,750,755,756,759,762,766,776,779,780,782,786,789,790,793,795,797,815","1,4,7,12,15,16,19,20,21,23,24,25,28,33,46,50,107,109,110,111,112,113,114,115,116",32,25,52,0,1.8251376765924723,,,,2942.0774574506095,1471.0387287253047,,benchmark_ShrakeRupley_256pt_Bondi,,,220,815,geometric_4.5A,,
Rx,58,sre2,rx58_and_sre2_atp,model_2,3,Partially,,A,B,C,864,118,31,A,B,C:\Users\13441\Desktop\Ranking\Rx\rx58_and_sre2_atp\fold_rx58_and_sre2_atp_model_2.cif,C:\Users\13441\Desktop\Ranking\Rx\rx58_and_sre2_atp\fold_rx58_and_sre2_atp_full_data_2.json,C:\Users\13441\Desktop\Ranking\Rx\rx58_and_sre2_atp\fold_rx58_and_sre2_atp_summary_confidences_2.json,0.51,0.66,0.59,False,0.16,22.27,20.99,0.0,0.0,0.0,0.0,0.0,0.0,0.0,0.0,71.7,55.1,0.0,0.0,0.0,0.0,,,,,,,,,0.16,0.66,True,0.0,0.0,0.0,0.0,0.0,0.0,0.0,0.0362,0.0087,0.0,0,0,0,0,16.627791189219344,15.7,30.4,17.414044618281906,20.3,30.9,29.264848163841812,29.5,22.3,30.075932791902073,30.4,21.0,0.16,0.0006122489014438168,0,0,"190,225,572,575,576,583,584,585,586,609,610,611,612,613,614,634,636,681,683,712,766,786,795,812,818","1,3,4,5,9,12,16,17,19,20,21,23,24,25,27,28,29,50,51,112,114,115,116,118",25,24,47,0,1.85775520440316,,,,2391.8570302365624,1195.9285151182812,,benchmark_ShrakeRupley_256pt_Bondi,,,190,818,geometric_4.5A,,
Rx,58,sre2,rx58_and_sre2_atp,model_3,4,Partially,,A,B,C,864,118,31,A,B,C:\Users\13441\Desktop\Ranking\Rx\rx58_and_sre2_atp\fold_rx58_and_sre2_atp_model_3.cif,C:\Users\13441\Desktop\Ranking\Rx\rx58_and_sre2_atp\fold_rx58_and_sre2_atp_full_data_3.json,C:\Users\13441\Desktop\Ranking\Rx\rx58_and_sre2_atp\fold_rx58_and_sre2_atp_summary_confidences_3.json,0.51,0.67,0.58,False,0.16,25.23,23.89,0.0,0.0,0.0,0.0,0.0,0.0,0.0,0.0,72.1,56.9,0.0,0.0,0.0,0.0,,,,,,,,,0.16,0.67,True,0.0,0.0,0.0,0.0,0.0,0.0,0.0,0.1335,0.0093,0.0,0,0,0,0,16.319495407922407,15.3,29.8,16.567441692017965,19.8,29.7,30.214069365976144,30.4,25.2,30.327221633709982,30.8,23.9,0.16,0.0006122489014438168,0,0,"21,22,23,26,27,30,82,83,86,87,89,90,91,93,94,97,98,101","1,4,9,12,13,15,16,19,20,23,25,26,27,28,29,31,109,111,112,113,114,116,118",18,23,45,0,2.0355402917026013,,,,2013.9855688219122,1006.9927844109561,,benchmark_ShrakeRupley_256pt_Bondi,,,21,101,geometric_4.5A,,
Rx,58,sre2,rx58_and_sre2_atp,model_4,5,Partially,,A,B,C,864,118,31,A,B,C:\Users\13441\Desktop\Ranking\Rx\rx58_and_sre2_atp\fold_rx58_and_sre2_atp_model_4.cif,C:\Users\13441\Desktop\Ranking\Rx\rx58_and_sre2_atp\fold_rx58_and_sre2_atp_full_data_4.json,C:\Users\13441\Desktop\Ranking\Rx\rx58_and_sre2_atp\fold_rx58_and_sre2_atp_summary_confidences_4.json,0.51,0.66,0.57,False,0.15,23.68,22.42,0.0,0.0,0.0,0.0,0.0,0.0,0.0,0.0,71.7,56.2,0.0,0.0,0.0,0.0,,,,,,,,,0.15,0.66,True,0.0,0.0,0.0,0.0,0.0,0.0,0.0,0.0512,0.0089,0.0,0,0,0,0,16.562840650615854,15.7,29.8,17.231862958134144,19.7,30.8,29.642038410232264,29.8,23.7,30.11494134494664,30.5,22.4,0.16,0.0006122489014438168,0,0,"583,585,586,587,612,614,616,634,636,637,638,639,661,683,685,686,689,712","1,4,5,9,10,12,13,14,16,17,19,20,27,28,29,47,50,51",18,18,35,0,2.0655755827065247,,,,1704.3346607266828,852.1673303633414,,benchmark_ShrakeRupley_256pt_Bondi,,,583,712,geometric_4.5A,,
Rx,59,sre2,rx59_and_sre2_atp,model_0,1,Yes,,A,B,C,870,118,31,A,B,C:\Users\13441\Desktop\Ranking\Rx\rx59_and_sre2_atp\fold_rx59_and_sre2_atp_model_0.cif,C:\Users\13441\Desktop\Ranking\Rx\rx59_and_sre2_atp\fold_rx59_and_sre2_atp_full_data_0.json,C:\Users\13441\Desktop\Ranking\Rx\rx59_and_sre2_atp\fold_rx59_and_sre2_atp_summary_confidences_0.json,0.48,0.66,0.56,False,0.24,15.44,16.01,0.0,0.0,0.0,0.0,0.0,0.0,0.0,0.0,72.5,55.3,0.0,0.0,0.0,0.0,,,,,,,,,0.24,0.66,True,0.0,0.0,0.0,0.0,0.0,0.0,0.0,0.162,0.0097,0.0,0,0,0,0,16.698665529145668,16.6,29.2,16.84525568593365,19.7,30.4,26.987777128384963,27.8,15.4,29.469875316579003,30.0,16.0,0.32,0.0006665692577440093,1,0,"208,209,212,215,217,218,219,220,221,222,225,226,229,526,527,546,548,568,569,570,572,573,575,576,606,607,608,609,610,611,612,613,679,681,683,709,710,733,754,755,757","1,2,3,4,9,10,12,13,15,16,17,18,19,20,21,24,27,28,29,30,31,32,34,36,37,38,39,40,41,42,43,44,45,46,51,52,53,56,75,76,78,117,118",41,43,109,17,0.8182791212513716,,,,3409.023334766778,1704.511667383389,,benchmark_ShrakeRupley_256pt_Bondi,,,208,757,geometric_4.5A,,
Rx,59,sre2,rx59_and_sre2_atp,model_1,2,Yes,,A,B,C,870,118,31,A,B,C:\Users\13441\Desktop\Ranking\Rx\rx59_and_sre2_atp\fold_rx59_and_sre2_atp_model_1.cif,C:\Users\13441\Desktop\Ranking\Rx\rx59_and_sre2_atp\fold_rx59_and_sre2_atp_full_data_1.json,C:\Users\13441\Desktop\Ranking\Rx\rx59_and_sre2_atp\fold_rx59_and_sre2_atp_summary_confidences_1.json,0.48,0.67,0.56,False,0.28,16.11,14.73,0.0,0.0,0.0,0.0,0.0,0.0,0.0,0.0,72.8,54.0,0.0,0.0,0.0,0.0,,,,,,,,,0.28,0.67,True,0.0,0.0,0.0,0.0,0.0,0.0,0.0,0.2166,0.0098,0.0,0,0,0,0,16.60514939883338,16.5,29.0,17.411755758365928,20.6,30.6,26.517306643288528,27.8,16.1,28.46077245275667,29.3,14.7,0.32,0.0006665692577440093,1,0,"208,209,212,215,216,217,218,219,220,221,222,225,226,229,233,403,406,454,506,527,528,529,546,548,568,569,570,572,573,576,607,608,609,610,611,612,613,678,709,710,733,754","1,2,3,4,5,6,7,9,12,13,15,16,17,18,19,20,21,23,24,25,26,27,28,31,39,43,46,49,50,51,53,59,62,63,64,65,66,67,68,69,70,71,72",42,43,107,9,0.8920139258200239,,,,3588.2768438128496,1794.1384219064248,,benchmark_ShrakeRupley_256pt_Bondi,,,208,754,geometric_4.5A,,
Rx,59,sre2,rx59_and_sre2_atp,model_2,3,Yes,,A,B,C,870,118,31,A,B,C:\Users\13441\Desktop\Ranking\Rx\rx59_and_sre2_atp\fold_rx59_and_sre2_atp_model_2.cif,C:\Users\13441\Desktop\Ranking\Rx\rx59_and_sre2_atp\fold_rx59_and_sre2_atp_full_data_2.json,C:\Users\13441\Desktop\Ranking\Rx\rx59_and_sre2_atp\fold_rx59_and_sre2_atp_summary_confidences_2.json,0.47,0.67,0.55,False,0.21,16.7,16.59,0.0,0.0,0.0,0.0,0.0,0.0,0.0,0.0,72.9,56.8,0.0,0.0,0.0,0.0,,,,,,,,,0.21,0.67,True,0.0,0.0,0.0,0.0,0.0,0.0,0.0,0.0598,0.0093,0.0,0,0,0,0,16.376302659947356,16.3,28.7,16.462994350282486,19.5,29.8,28.10422072861874,28.9,16.7,29.88590590298071,30.4,16.6,0.32,0.0006665692577440093,1,0,"220,221,222,225,527,570,572,573,575,576,583,608,609,611,612,613,683,685","13,16,17,19,20,21,25,26,27,28,30,42,43,44,46,47,50,51,110,112,114",18,21,42,0,1.6209463954892434,,,,1677.7549313741522,838.8774656870761,,benchmark_ShrakeRupley_256pt_Bondi,,,220,685,geometric_4.5A,,
Rx,59,sre2,rx59_and_sre2_atp,model_3,4,Yes,,A,B,C,870,118,31,A,B,C:\Users\13441\Desktop\Ranking\Rx\rx59_and_sre2_atp\fold_rx59_and_sre2_atp_model_3.cif,C:\Users\13441\Desktop\Ranking\Rx\rx59_and_sre2_atp\fold_rx59_and_sre2_atp_full_data_3.json,C:\Users\13441\Desktop\Ranking\Rx\rx59_and_sre2_atp\fold_rx59_and_sre2_atp_summary_confidences_3.json,0.43,0.66,0.52,False,0.32,14.48,14.05,0.0,0.0,0.0,0.0,0.0,0.0,0.0,0.0,72.5,56.3,0.0,0.0,0.0,0.0,,,,,,,,,0.32,0.66,True,0.0,0.0,0.0,0.0,0.0,0.0,0.0,0.1993,0.0101,0.0,0,0,0,0,17.13977249580043,17.4,29.5,17.30714906562364,21.1,30.9,25.834854860705242,27.2,14.5,27.463225209429186,28.4,14.1,0.32,0.0006665692577440093,1,0,"206,207,208,209,212,216,219,220,221,222,223,224,225,226,508,525,526,527,528,529,546,548,568,570,571,572,573,576,608,609,612,613,750,752,772,774,795,797,798,802,806,823,824,825,844","1,2,3,4,5,6,9,12,13,15,16,17,18,19,20,21,23,24,25,26,28,29,31,43,47,54,55,57,58,59,60,61,62,63,64,65,66,67,69,74,75,76,110,112,114,115,116,117,118",45,49,113,4,1.2351367941147715,,,,3816.6601201196536,1908.3300600598268,,benchmark_ShrakeRupley_256pt_Bondi,,,206,844,geometric_4.5A,,
Rx,59,sre2,rx59_and_sre2_atp,model_4,5,Yes,,A,B,C,870,118,31,A,B,C:\Users\13441\Desktop\Ranking\Rx\rx59_and_sre2_atp\fold_rx59_and_sre2_atp_model_4.cif,C:\Users\13441\Desktop\Ranking\Rx\rx59_and_sre2_atp\fold_rx59_and_sre2_atp_full_data_4.json,C:\Users\13441\Desktop\Ranking\Rx\rx59_and_sre2_atp\fold_rx59_and_sre2_atp_summary_confidences_4.json,0.43,0.67,0.51,False,0.34,13.25,13.04,0.0,0.0,0.0,0.0,0.0,0.0,0.0,0.0,73.0,55.3,0.0,0.0,0.0,0.0,,,,,,,,,0.34,0.67,True,0.0,0.0,0.0,0.0,0.0,0.0,0.0,0.2771,0.0101,0.0,0,0,0,0,16.74420366916657,16.8,29.1,16.1294799362596,19.7,29.1,25.204511007208257,26.3,13.2,27.21296610169492,28.1,13.0,0.32,0.0006665692577440093,1,0,"206,207,208,209,210,211,212,213,216,217,218,219,220,221,222,223,224,225,226,229,397,505,506,508,524,525,526,527,528,529,546,548,568,570,572,573,575,576,606,607,608,609,610,611,612,613,680,682,683,709,710","1,2,3,4,5,6,7,9,12,13,15,16,17,18,19,20,21,23,24,25,26,28,29,31,41,44,45,48,56,57,58,59,60,61,62,63,64,65,66,67,68,69,70,73,74,75,76,77,79,101,110,113,114,115,116,117,118",51,57,154,16,0.3825040585393658,,,,4220.110281657676,2110.055140828838,,benchmark_ShrakeRupley_256pt_Bondi,,,206,710,geometric_4.5A,,
Rx,60,sre2,rx60_and_sre2_atp,model_0,1,Yes,,A,B,C,904,118,31,A,B,C:\Users\13441\Desktop\Ranking\Rx\rx60_and_sre2_atp\fold_rx60_and_sre2_atp_model_0.cif,C:\Users\13441\Desktop\Ranking\Rx\rx60_and_sre2_atp\fold_rx60_and_sre2_atp_full_data_0.json,C:\Users\13441\Desktop\Ranking\Rx\rx60_and_sre2_atp\fold_rx60_and_sre2_atp_summary_confidences_0.json,0.48,0.65,0.55,False,0.28,15.96,16.56,0.0,0.0,0.0,0.0,0.0,0.0,0.0,0.0,71.4,54.1,0.0,0.0,0.0,0.0,,,,,,,,,0.28,0.65,True,0.0,0.0,0.0,0.0,0.0,0.0,0.0,0.2047,0.0097,0.0,0,0,0,0,17.853511402502967,17.9,30.2,17.02004925394756,19.6,30.8,26.64518055347233,27.6,16.0,28.301381805909706,28.9,16.6,0.33,0.0008164279286035699,3,0,"208,209,211,212,215,216,217,218,219,220,221,222,225,226,229,527,528,529,546,548,568,570,571,574,577,608,609,612,681,682,683,684,708,775","1,2,3,4,6,7,8,12,13,14,15,16,17,18,19,20,21,22,23,24,25,26,28,29,31,39,47,49,50,51,52,53,54,58,59,60,61,62,63,64,65,66,67,68,69,70,74",34,47,112,18,0.38040439243933816,,,,3454.9623925362785,1727.4811962681392,,benchmark_ShrakeRupley_256pt_Bondi,,,208,775,geometric_4.5A,,
Rx,60,sre2,rx60_and_sre2_atp,model_1,2,Yes,,A,B,C,904,118,31,A,B,C:\Users\13441\Desktop\Ranking\Rx\rx60_and_sre2_atp\fold_rx60_and_sre2_atp_model_1.cif,C:\Users\13441\Desktop\Ranking\Rx\rx60_and_sre2_atp\fold_rx60_and_sre2_atp_full_data_1.json,C:\Users\13441\Desktop\Ranking\Rx\rx60_and_sre2_atp\fold_rx60_and_sre2_atp_summary_confidences_1.json,0.49,0.65,0.55,False,0.31,15.63,15.78,0.0,0.0,0.0,0.0,0.0,0.0,0.0,0.0,71.5,55.0,0.0,0.0,0.0,0.0,,,,,,,,,0.31,0.65,True,0.0,0.0,0.0,0.0,0.0,0.0,0.0,0.2017,0.0092,0.0,0,0,0,0,17.91790663373808,17.9,30.4,16.46553672316384,19.1,29.8,26.086346932653367,27.1,15.6,27.82576214939253,28.5,15.8,0.33,0.0008164279286035699,3,0,"208,209,211,212,215,216,217,218,219,220,221,222,223,224,225,226,227,229,505,506,507,526,527,528,529,546,548,568,570,571,574,577,608,609,612,683,684,750,775,778,785,804,805,806,807,808,809,811,814,815,816,817,820,823,825,826,827,828,829,830,831,833,835","1,2,3,4,5,6,7,8,9,11,12,13,15,16,17,19,20,21,22,23,24,28,29,31,48,49,50,51,52,53,54,55,56,58,59,60,61,62,63,64,65,66,67,68,69,70,73,74,75,76,77,79,106,108,109,110,111,112,113,114,115,116",63,62,184,26,0.5670626053474728,,,,5486.005916076772,2743.002958038386,,benchmark_ShrakeRupley_256pt_Bondi,,,208,835,geometric_4.5A,,
Rx,60,sre2,rx60_and_sre2_atp,model_2,3,Yes,,A,B,C,904,118,31,A,B,C:\Users\13441\Desktop\Ranking\Rx\rx60_and_sre2_atp\fold_rx60_and_sre2_atp_model_2.cif,C:\Users\13441\Desktop\Ranking\Rx\rx60_and_sre2_atp\fold_rx60_and_sre2_atp_full_data_2.json,C:\Users\13441\Desktop\Ranking\Rx\rx60_and_sre2_atp\fold_rx60_and_sre2_atp_summary_confidences_2.json,0.46,0.64,0.54,False,0.29,15.75,15.54,0.0,0.0,0.0,0.0,0.0,0.0,0.0,0.0,71.3,54.3,0.0,0.0,0.0,0.0,,,,,,,,,0.29,0.64,True,0.0,0.0,0.0,0.0,0.0,0.0,0.0,0.2465,0.0097,0.0,0,0,0,0,18.07806757710287,18.4,30.2,16.96090105751123,19.4,30.6,26.486267249137544,27.5,15.7,28.07625243737813,28.7,15.5,0.33,0.0008164279286035699,3,0,"208,209,210,212,213,216,217,218,219,220,221,222,223,225,226,229,505,506,507,525,526,527,528,529,546,547,548,568,570,571,574,577,608,609,657,681,682,683,775","1,2,3,4,9,12,13,15,16,17,18,19,20,21,22,23,24,28,29,31,41,43,45,48,49,50,51,54,57,58,59,60,61,62,63,64,65,66,67,68,69,70,71,72,73,74,75,76,77,79",39,50,126,6,0.8922396232284422,,,,3491.0871639433485,1745.5435819716743,,benchmark_ShrakeRupley_256pt_Bondi,,,208,775,geometric_4.5A,,
Rx,60,sre2,rx60_and_sre2_atp,model_3,4,Yes,,A,B,C,904,118,31,A,B,C:\Users\13441\Desktop\Ranking\Rx\rx60_and_sre2_atp\fold_rx60_and_sre2_atp_model_3.cif,C:\Users\13441\Desktop\Ranking\Rx\rx60_and_sre2_atp\fold_rx60_and_sre2_atp_full_data_3.json,C:\Users\13441\Desktop\Ranking\Rx\rx60_and_sre2_atp\fold_rx60_and_sre2_atp_summary_confidences_3.json,0.41,0.65,0.5,False,0.28,16.13,16.79,0.0,0.0,0.0,0.0,0.0,0.0,0.0,0.0,71.0,52.4,0.0,0.0,0.0,0.0,,,,,,,,,0.28,0.65,True,0.0,0.0,0.0,0.0,0.0,0.0,0.0,0.2074,0.0091,0.0,0,0,0,0,17.94832931526181,17.9,30.4,17.00551209619006,20.8,30.0,26.394596520173994,27.2,16.1,28.541903217339136,29.2,16.8,0.33,0.0008164279286035699,3,0,"206,208,209,210,212,213,217,218,219,220,221,222,223,224,225,226,229,400,401,447,449,454,506,524,525,526,527,528,529,546,548,568,570,607,608,609,610,611,657,680,681,682,683,684,708,750,751,799,800,801,802,803,804,805,806,809,814,816,821,823,824,825,826,827,828,829,830,831,832,833,834","1,2,3,4,5,10,12,13,15,16,17,19,20,21,28,29,31,35,41,44,45,46,47,49,50,51,52,53,54,55,56,57,58,59,61,62,64,65,66,67,68,69,70,71,72,73,74,75,76,77,106,107,108,109,110,111,112,113,114,115,116",71,61,188,4,1.4382386436872903,,,,6153.560867550412,3076.780433775206,,benchmark_ShrakeRupley_256pt_Bondi,,,206,834,geometric_4.5A,,
Rx,60,sre2,rx60_and_sre2_atp,model_4,5,Yes,,A,B,C,904,118,31,A,B,C:\Users\13441\Desktop\Ranking\Rx\rx60_and_sre2_atp\fold_rx60_and_sre2_atp_model_4.cif,C:\Users\13441\Desktop\Ranking\Rx\rx60_and_sre2_atp\fold_rx60_and_sre2_atp_full_data_4.json,C:\Users\13441\Desktop\Ranking\Rx\rx60_and_sre2_atp\fold_rx60_and_sre2_atp_summary_confidences_4.json,0.42,0.64,0.49,False,0.3,16.24,15.83,0.0,0.0,0.0,0.0,0.0,0.0,0.0,0.0,71.2,54.9,0.0,0.0,0.0,0.0,,,,,,,,,0.3,0.64,True,0.0,0.0,0.0,0.0,0.0,0.0,0.0,0.1722,0.0098,0.0,0,0,0,0,18.088108468330738,18.3,30.2,16.886607272200493,19.6,30.3,26.49110263236838,27.6,16.2,28.002903292335386,28.7,15.8,0.33,0.0008164279286035699,3,0,"207,208,209,211,212,217,218,219,220,221,222,223,225,226,229,527,528,529,546,548,568,569,570,571,574,577,608,609,611,612,682,683,684,808,809","1,2,4,6,10,12,13,14,15,16,17,19,20,21,22,23,24,25,28,29,31,39,45,46,47,49,50,51,52,53,54,55,58,59,60,61,62,63,64,65,66,67,69,74,77,79",35,46,97,3,0.7766651701977968,,,,3338.085514877758,1669.042757438879,,benchmark_ShrakeRupley_256pt_Bondi,,,207,809,geometric_4.5A,,
Rx,61,sre2,rx61_and_sre2_atp,model_0,1,Partially,,A,B,C,1008,118,31,A,B,C:\Users\13441\Desktop\Ranking\Rx\rx61_and_sre2_atp\fold_rx61_and_sre2_atp_model_0.cif,C:\Users\13441\Desktop\Ranking\Rx\rx61_and_sre2_atp\fold_rx61_and_sre2_atp_full_data_0.json,C:\Users\13441\Desktop\Ranking\Rx\rx61_and_sre2_atp\fold_rx61_and_sre2_atp_summary_confidences_0.json,0.51,0.67,0.58,False,0.28,14.23,14.84,0.0,0.0,0.0,0.0,0.0,0.0,0.0,0.0,71.2,53.2,0.0,0.0,0.0,0.0,,,,,,,,,0.28,0.67,True,0.0,0.0,0.0,0.0,0.0,0.0,0.0,0.0601,0.0102,0.0,0,0,0,0,18.04960681972226,18.5,29.6,17.50966970882225,20.2,31.0,25.776483891579232,26.9,14.2,28.86444797551789,29.3,14.8,0.19,0.000676789077212806,0,0,"401,527,528,546,548,568,574,577,607,609,610,612,613,614,680,681,683,685,686,710,739,741,766,825,847,848,959","1,2,4,5,7,9,12,13,15,16,17,19,20,24,25,26,27,28,29,30,31,32,33,36,37,38,39,71,112,114",27,30,66,0,1.6123353698818625,,,,2777.3356815472935,1388.6678407736467,,benchmark_ShrakeRupley_256pt_Bondi,,,401,959,geometric_4.5A,,
Rx,61,sre2,rx61_and_sre2_atp,model_1,2,Partially,,A,B,C,1008,118,31,A,B,C:\Users\13441\Desktop\Ranking\Rx\rx61_and_sre2_atp\fold_rx61_and_sre2_atp_model_1.cif,C:\Users\13441\Desktop\Ranking\Rx\rx61_and_sre2_atp\fold_rx61_and_sre2_atp_full_data_1.json,C:\Users\13441\Desktop\Ranking\Rx\rx61_and_sre2_atp\fold_rx61_and_sre2_atp_summary_confidences_1.json,0.5,0.65,0.57,False,0.26,13.77,15.29,0.0,0.0,0.0,0.0,0.0,0.0,0.0,0.0,70.7,53.4,0.0,0.0,0.0,0.0,,,,,,,,,0.26,0.65,True,0.0,0.0,0.0,0.0,0.0,0.0,0.0,0.032,0.0095,0.0,0,0,0,0,18.337778605318327,19.1,29.8,17.115964073591194,20.35,30.5,26.236588646758136,27.4,13.8,29.483880649717516,29.9,15.3,0.19,0.000676789077212806,0,0,"399,401,446,524,527,546,568,607,609,610,681,683,710,739,818,825,826,827,828,829,922","1,3,5,8,9,10,13,16,17,19,20,28,51,52,53,56,114,116,118",21,19,33,0,2.222199230821082,,,,1735.156629901511,867.5783149507555,,benchmark_ShrakeRupley_256pt_Bondi,,,399,922,geometric_4.5A,,
Rx,61,sre2,rx61_and_sre2_atp,model_2,3,Partially,,A,B,C,1008,118,31,A,B,C:\Users\13441\Desktop\Ranking\Rx\rx61_and_sre2_atp\fold_rx61_and_sre2_atp_model_2.cif,C:\Users\13441\Desktop\Ranking\Rx\rx61_and_sre2_atp\fold_rx61_and_sre2_atp_full_data_2.json,C:\Users\13441\Desktop\Ranking\Rx\rx61_and_sre2_atp\fold_rx61_and_sre2_atp_summary_confidences_2.json,0.49,0.66,0.55,False,0.29,14.52,15.81,0.0,0.0,0.0,0.0,0.0,0.0,0.0,0.0,70.8,53.2,0.0,0.0,0.0,0.0,,,,,,,,,0.29,0.66,True,0.0,0.0,0.0,0.0,0.0,0.0,0.0,0.0836,0.0096,0.0,0,0,0,0,18.35616429044309,19.2,29.7,16.975068810662034,20.3,30.1,25.4559549031477,25.8,14.5,28.911433111380145,29.2,15.8,0.19,0.000676789077212806,0,0,"289,290,291,292,293,295,325,326,327,329,330,399,401,443,444,445,527,546,568,607,609,610,612,634,678,680,681,683,739,741,763,764,787,845,922,937,938,958,959,960,986,987,1000,1001,1002","1,4,12,13,15,16,17,20,27,28,29,30,31,32,33,36,38,39,71,73,109,110,111,112,113,114,115,116,117,118",45,30,76,0,2.0085367828315746,,,,3814.3472256119576,1907.1736128059788,,benchmark_ShrakeRupley_256pt_Bondi,,,289,1002,geometric_4.5A,,
Rx,61,sre2,rx61_and_sre2_atp,model_3,4,Partially,,A,B,C,1008,118,31,A,B,C:\Users\13441\Desktop\Ranking\Rx\rx61_and_sre2_atp\fold_rx61_and_sre2_atp_model_3.cif,C:\Users\13441\Desktop\Ranking\Rx\rx61_and_sre2_atp\fold_rx61_and_sre2_atp_full_data_3.json,C:\Users\13441\Desktop\Ranking\Rx\rx61_and_sre2_atp\fold_rx61_and_sre2_atp_summary_confidences_3.json,0.48,0.66,0.55,False,0.29,14.34,16.18,0.0,0.0,0.0,0.0,0.0,0.0,0.0,0.0,70.7,53.1,0.0,0.0,0.0,0.0,,,,,,,,,0.29,0.66,True,0.0,0.0,0.0,0.0,0.0,0.0,0.0,0.0841,0.0094,0.0,0,0,0,0,18.147615796566885,18.9,29.6,16.36051716644937,19.7,28.9,25.15315106268496,25.6,14.3,28.944009786117835,29.4,16.2,0.19,0.000676789077212806,0,0,"290,291,292,293,294,296,400,401,446,454,455,526,527,546,568,577,607,608,609,610,611,634,679,739,787,846,847,848,850,851,854,855,856,857,859,895,918,920,922,938,940,959","1,4,12,13,15,16,19,20,21,22,24,25,26,27,28,29,30,31,33,36,37,38,39,43,104,107,110,111,112,114,115,116,117,118",42,34,87,0,2.0487060080126285,,,,3744.755720528418,1872.377860264209,,benchmark_ShrakeRupley_256pt_Bondi,,,290,959,geometric_4.5A,,
Rx,61,sre2,rx61_and_sre2_atp,model_4,5,Partially,,A,B,C,1008,118,31,A,B,C:\Users\13441\Desktop\Ranking\Rx\rx61_and_sre2_atp\fold_rx61_and_sre2_atp_model_4.cif,C:\Users\13441\Desktop\Ranking\Rx\rx61_and_sre2_atp\fold_rx61_and_sre2_atp_full_data_4.json,C:\Users\13441\Desktop\Ranking\Rx\rx61_and_sre2_atp\fold_rx61_and_sre2_atp_summary_confidences_4.json,0.43,0.66,0.52,False,0.26,14.09,15.4,0.0,0.0,0.0,0.0,0.0,0.0,0.0,0.0,70.9,51.9,0.0,0.0,0.0,0.0,,,,,,,,,0.26,0.66,True,0.0,0.0,0.0,0.0,0.0,0.0,0.0,0.0563,0.0101,0.0,0,0,0,0,18.112979283901577,18.6,29.7,17.719346660872084,20.4,31.2,26.310471314231904,27.4,14.1,29.438215462738768,30.0,15.4,0.19,0.000676789077212806,0,0,"401,406,446,508,526,527,528,529,546,548,568,570,574,608,609,610,683,739,741,823,825,844,845,846,959","1,4,9,12,13,15,16,17,20,21,22,23,28,29,50,51,52,53,54,55,56,114,116",25,23,46,1,1.3037916326153467,,,,2085.0841989848873,1042.5420994924436,,benchmark_ShrakeRupley_256pt_Bondi,,,401,959,geometric_4.5A,,
Rx,62,sre2,rx62_and_sre2_atp,model_0,1,Yes,,A,B,C,955,118,31,A,B,C:\Users\13441\Desktop\Ranking\Rx\rx62_and_sre2_atp\fold_rx62_and_sre2_atp_model_0.cif,C:\Users\13441\Desktop\Ranking\Rx\rx62_and_sre2_atp\fold_rx62_and_sre2_atp_full_data_0.json,C:\Users\13441\Desktop\Ranking\Rx\rx62_and_sre2_atp\fold_rx62_and_sre2_atp_summary_confidences_0.json,0.49,0.66,0.57,False,0.25,17.62,17.16,0.0,0.0,0.0,0.0,0.0,0.0,0.0,0.0,67.9,51.4,0.0,0.0,0.0,0.0,,,,,,,,,0.25,0.66,True,0.0,0.0,0.0,0.0,0.0,0.0,0.0,0.1091,0.0092,0.0,0,0,0,0,18.1444480665591,18.2,30.5,17.521736925974214,21.0,30.6,26.834815866536516,27.5,17.6,28.780346082172333,29.3,17.2,0.14,0.0007052089803886771,0,0,"208,216,217,218,219,220,221,229,401,446,454,546,548,568,570,571,573,574,577,607,608,609,610,611,612,613,634,657,678,680,710,712,733,734,755,756,758,759,774,776,777,798,801,803,804,828,829,831,883,890,894,897,898,899,900,901,903,906,919,920,924","1,2,3,4,5,7,9,10,12,13,15,16,17,20,21,22,28,29,31,42,43,46,47,48,49,50,51,52,53,54,55,57,58,59,60,61,62,63,65,66,77,78,110,111,112,114,115,116,118",61,49,120,1,1.2451298285207413,,,,4837.089719657617,2418.5448598288085,,benchmark_ShrakeRupley_256pt_Bondi,,,208,924,geometric_4.5A,,
Rx,62,sre2,rx62_and_sre2_atp,model_1,2,Yes,,A,B,C,955,118,31,A,B,C:\Users\13441\Desktop\Ranking\Rx\rx62_and_sre2_atp\fold_rx62_and_sre2_atp_model_1.cif,C:\Users\13441\Desktop\Ranking\Rx\rx62_and_sre2_atp\fold_rx62_and_sre2_atp_full_data_1.json,C:\Users\13441\Desktop\Ranking\Rx\rx62_and_sre2_atp\fold_rx62_and_sre2_atp_summary_confidences_1.json,0.48,0.65,0.56,False,0.25,18.12,18.55,0.0,0.0,0.0,0.0,0.0,0.0,0.0,0.0,67.5,51.8,0.0,0.0,0.0,0.0,,,,,,,,,0.25,0.65,True,0.0,0.0,0.0,0.0,0.0,0.0,0.0,0.0817,0.009,0.0,0,0,0,0,18.507078380365947,18.8,30.6,17.3520353469506,21.2,30.4,27.01401277841867,27.5,18.1,28.978012245984562,29.4,18.5,0.14,0.0007052089803886771,0,0,"216,217,218,219,220,229,233,401,446,447,448,449,454,568,577,578,606,607,608,609,610,611,612,613,614,634,657,661,662,678,680,681,682,683,685,687,712,731,733,734,755,756,758,798,824,826,828,857","1,2,3,4,5,9,12,13,16,17,20,21,22,27,28,29,31,39,46,47,50,51,53,55,56,58,59,62,63,66,67,70,77,79,111,112,113,114,115,116",48,40,95,0,2.174563641327197,,,,3992.0060524095884,1996.0030262047942,,benchmark_ShrakeRupley_256pt_Bondi,,,216,857,geometric_4.5A,,
Rx,62,sre2,rx62_and_sre2_atp,model_2,3,Yes,,A,B,C,955,118,31,A,B,C:\Users\13441\Desktop\Ranking\Rx\rx62_and_sre2_atp\fold_rx62_and_sre2_atp_model_2.cif,C:\Users\13441\Desktop\Ranking\Rx\rx62_and_sre2_atp\fold_rx62_and_sre2_atp_full_data_2.json,C:\Users\13441\Desktop\Ranking\Rx\rx62_and_sre2_atp\fold_rx62_and_sre2_atp_summary_confidences_2.json,0.47,0.66,0.54,False,0.24,17.49,17.86,0.0,0.0,0.0,0.0,0.0,0.0,0.0,0.0,67.6,52.1,0.0,0.0,0.0,0.0,,,,,,,,,0.24,0.66,True,0.0,0.0,0.0,0.0,0.0,0.0,0.0,0.1056,0.0094,0.0,0,0,0,0,18.04714972504857,18.0,30.4,17.94754454584963,21.8,31.2,27.390258230543967,27.8,17.5,29.224186706895022,29.7,17.9,0.14,0.0007052089803886771,0,0,"215,216,217,218,219,220,221,226,229,548,568,574,577,607,608,609,610,611,612,613,634,678,680,681,682,712,713,715,733,734,755,756,758,759,776,777,779,801,803,804,828,829,830,831,832,834,835","1,2,3,4,5,6,7,8,12,13,14,15,16,17,20,21,22,28,29,31,43,45,46,47,48,49,50,51,52,53,54,55,57,58,59,61,62,63,65,66",47,40,104,0,1.8908327140023002,,,,3544.475242236297,1772.2376211181486,,benchmark_ShrakeRupley_256pt_Bondi,,,215,835,geometric_4.5A,,
Rx,62,sre2,rx62_and_sre2_atp,model_3,4,Yes,,A,B,C,955,118,31,A,B,C:\Users\13441\Desktop\Ranking\Rx\rx62_and_sre2_atp\fold_rx62_and_sre2_atp_model_3.cif,C:\Users\13441\Desktop\Ranking\Rx\rx62_and_sre2_atp\fold_rx62_and_sre2_atp_full_data_3.json,C:\Users\13441\Desktop\Ranking\Rx\rx62_and_sre2_atp\fold_rx62_and_sre2_atp_summary_confidences_3.json,0.47,0.65,0.54,False,0.22,18.23,18.44,0.0,0.0,0.0,0.0,0.0,0.0,0.0,0.0,67.5,52.5,0.0,0.0,0.0,0.0,,,,,,,,,0.22,0.65,True,0.0,0.0,0.0,0.0,0.0,0.0,0.0,0.1032,0.0094,0.0,0,0,0,0,18.306550100431362,18.6,30.2,17.20593220338983,19.7,30.9,27.668376963350788,28.1,18.2,29.65860413523826,30.1,18.4,0.14,0.0007052089803886771,0,0,"217,218,219,221,229,233,609,610,611,634,678,680,681,682,683,684,685,686,712,713,733,734,755,756,758,759,776,777,779,798,801,803,804,828,832","1,2,3,4,5,10,12,13,16,17,20,21,22,24,25,26,27,28,29,30,31,32,36,37,38,42,43,46,50,51,52,53,71,72,73",35,35,73,0,1.8253991527510174,,,,3032.9863376598523,1516.4931688299262,,benchmark_ShrakeRupley_256pt_Bondi,,,217,832,geometric_4.5A,,
Rx,62,sre2,rx62_and_sre2_atp,model_4,5,Yes,,A,B,C,955,118,31,A,B,C:\Users\13441\Desktop\Ranking\Rx\rx62_and_sre2_atp\fold_rx62_and_sre2_atp_model_4.cif,C:\Users\13441\Desktop\Ranking\Rx\rx62_and_sre2_atp\fold_rx62_and_sre2_atp_full_data_4.json,C:\Users\13441\Desktop\Ranking\Rx\rx62_and_sre2_atp\fold_rx62_and_sre2_atp_summary_confidences_4.json,0.47,0.65,0.53,False,0.13,25.06,22.7,0.0,0.0,0.0,0.0,0.0,0.0,0.0,0.0,67.9,53.3,0.0,0.0,0.0,0.0,,,,,,,,,0.13,0.65,True,0.0,0.0,0.0,0.0,0.0,0.0,0.0,0.0599,0.0086,0.0,0,0,0,0,17.95900336966424,18.0,30.0,17.518984499492973,19.8,31.5,30.804262135060785,31.0,25.1,30.69973200816399,31.1,22.7,0.14,0.0007052089803886771,0,0,"21,22,23,26,27,82,83,85,86,87,89,90,93,94,97,849,866,867,868,869,870,871,873,890,893,894,896,899,901","1,3,4,5,9,12,13,15,16,17,19,20,28,31,112,113,114,115,116,117,118",29,21,56,4,1.019381444192032,,,,2632.3855662974665,1316.1927831487333,,benchmark_ShrakeRupley_256pt_Bondi,,,21,901,geometric_4.5A,,
Rx,63,sre2,rx63_and_sre2_atp,model_0,1,Partially,,A,B,C,921,118,31,A,B,C:\Users\13441\Desktop\Ranking\Rx\rx63_and_sre2_atp\fold_rx63_and_sre2_atp_model_0.cif,C:\Users\13441\Desktop\Ranking\Rx\rx63_and_sre2_atp\fold_rx63_and_sre2_atp_full_data_0.json,C:\Users\13441\Desktop\Ranking\Rx\rx63_and_sre2_atp\fold_rx63_and_sre2_atp_summary_confidences_0.json,0.5,0.66,0.57,False,0.2,20.22,19.82,0.0,0.0,0.0,0.0,0.0,0.0,0.0,0.0,71.7,54.7,0.0,0.0,0.0,0.0,,,,,,,,,0.2,0.66,True,0.0,0.0,0.0,0.0,0.0,0.0,0.0,0.0651,0.0089,0.0,0,0,0,0,16.844266864938866,16.9,28.6,16.78702737940026,19.9,30.2,27.769621266493683,28.0,20.2,29.684232319328657,30.1,19.8,0.15,0.0006915843132924786,0,0,"206,208,209,218,219,220,221,223,449,506,527,546,568,570,573,574,576,577,583,609,610,611,612,613,678,682,683,684,705,707,708,710,728,730,731,752","1,2,3,4,5,9,12,13,15,16,17,19,20,21,23,24,25,26,28,29,31,106,107,108,109,110,111,112,113,114,117,118",36,32,61,1,1.4030012526511193,,,,3074.4032004317105,1537.2016002158553,,benchmark_ShrakeRupley_256pt_Bondi,,,206,752,geometric_4.5A,,
Rx,63,sre2,rx63_and_sre2_atp,model_1,2,Partially,,A,B,C,921,118,31,A,B,C:\Users\13441\Desktop\Ranking\Rx\rx63_and_sre2_atp\fold_rx63_and_sre2_atp_model_1.cif,C:\Users\13441\Desktop\Ranking\Rx\rx63_and_sre2_atp\fold_rx63_and_sre2_atp_full_data_1.json,C:\Users\13441\Desktop\Ranking\Rx\rx63_and_sre2_atp\fold_rx63_and_sre2_atp_summary_confidences_1.json,0.5,0.66,0.56,False,0.23,19.06,17.82,0.0,0.0,0.0,0.0,0.0,0.0,0.0,0.0,71.7,54.9,0.0,0.0,0.0,0.0,,,,,,,,,0.23,0.66,True,0.0,0.0,0.0,0.0,0.0,0.0,0.0,0.0718,0.009,0.0,0,0,0,0,17.01696584525327,17.1,28.9,16.358373171085038,19.2,29.2,26.791328511750308,27.1,19.1,29.25010765748358,29.6,17.8,0.15,0.0006915843132924786,0,0,"216,217,218,219,220,221,222,225,229,405,449,454,527,568,570,572,573,575,576,607,608,609,610,611,612,676,678,680,682,683,684,705,707,708,731,750,752,753,777,801,803,823,825,828,849,850,851,852,853,855","1,2,3,4,9,10,11,12,13,15,16,17,20,21,22,23,24,27,28,29,30,31,32,33,36,38,39,42,43,46,47,50,71,107,108,109,110,111,112,113,114,115,116,117,118",50,45,114,1,0.8345681154042267,,,,4099.167270080046,2049.583635040023,,benchmark_ShrakeRupley_256pt_Bondi,,,216,855,geometric_4.5A,,
Rx,63,sre2,rx63_and_sre2_atp,model_2,3,Partially,,A,B,C,921,118,31,A,B,C:\Users\13441\Desktop\Ranking\Rx\rx63_and_sre2_atp\fold_rx63_and_sre2_atp_model_2.cif,C:\Users\13441\Desktop\Ranking\Rx\rx63_and_sre2_atp\fold_rx63_and_sre2_atp_full_data_2.json,C:\Users\13441\Desktop\Ranking\Rx\rx63_and_sre2_atp\fold_rx63_and_sre2_atp_summary_confidences_2.json,0.48,0.66,0.55,False,0.25,18.04,18.01,0.0,0.0,0.0,0.0,0.0,0.0,0.0,0.0,71.9,53.6,0.0,0.0,0.0,0.0,,,,,,,,,0.25,0.66,True,0.0,0.0,0.0,0.0,0.0,0.0,0.0,0.1271,0.0093,0.0,0,0,0,0,17.020385804654676,17.3,28.5,16.62795161523975,19.75,29.6,26.288515614935864,26.6,18.0,28.673746296398534,29.1,18.0,0.15,0.0006915843132924786,0,0,"140,181,209,212,215,216,217,218,219,220,221,226,229,233,445,446,449,454,527,546,568,577,578,606,607,608,609,610,611,612,613,657,680,682,683,684,707,708,730,731,752,753,776,777,803,804,825,826,828,846,848,850,853,876,878,900","1,4,9,10,11,12,13,14,16,17,19,20,21,25,28,29,35,36,37,38,39,41,42,43,45,46,47,49,50,51,52,72,73,74,75,76,77,78,107,108,109,110,111,112,113,114,115,116,118",56,49,120,1,1.267555716671441,,,,4655.345585408209,2327.6727927041047,,benchmark_ShrakeRupley_256pt_Bondi,,,140,900,geometric_4.5A,,
Rx,63,sre2,rx63_and_sre2_atp,model_3,4,Partially,,A,B,C,921,118,31,A,B,C:\Users\13441\Desktop\Ranking\Rx\rx63_and_sre2_atp\fold_rx63_and_sre2_atp_model_3.cif,C:\Users\13441\Desktop\Ranking\Rx\rx63_and_sre2_atp\fold_rx63_and_sre2_atp_full_data_3.json,C:\Users\13441\Desktop\Ranking\Rx\rx63_and_sre2_atp\fold_rx63_and_sre2_atp_summary_confidences_3.json,0.49,0.66,0.55,False,0.25,18.08,18.27,0.0,0.0,0.0,0.0,0.0,0.0,0.0,0.0,71.9,53.8,0.0,0.0,0.0,0.0,,,,,,,,,0.25,0.66,True,0.0,0.0,0.0,0.0,0.0,0.0,0.0,0.1959,0.0095,0.0,0,0,0,0,17.002916843695417,17.3,28.5,16.59219904389396,19.9,29.7,26.308535306133717,26.8,18.1,28.851441874160365,29.4,18.3,0.15,0.0006915843132924786,0,0,"208,209,212,213,215,216,217,218,219,220,221,222,225,229,233,400,401,448,449,454,524,527,546,568,577,606,607,608,609,610,611,612,657,678,680,682,683,684,707,708,728,731,748,750,752,755,774,776,777,801,802,803,804,823,824,825,826,828,846,850,851,852,853,855","1,2,3,4,5,9,10,12,13,16,17,20,21,22,24,25,26,27,28,29,32,34,35,36,37,38,39,41,42,43,45,46,47,50,51,56,68,69,70,72,73,74,75,76,77,78,108,109,110,111,112,113,114,115,116,117,118",64,57,143,4,0.9551699054710001,,,,5104.077068115057,2552.0385340575285,,benchmark_ShrakeRupley_256pt_Bondi,,,208,855,geometric_4.5A,,
Rx,63,sre2,rx63_and_sre2_atp,model_4,5,Partially,,A,B,C,921,118,31,A,B,C:\Users\13441\Desktop\Ranking\Rx\rx63_and_sre2_atp\fold_rx63_and_sre2_atp_model_4.cif,C:\Users\13441\Desktop\Ranking\Rx\rx63_and_sre2_atp\fold_rx63_and_sre2_atp_full_data_4.json,C:\Users\13441\Desktop\Ranking\Rx\rx63_and_sre2_atp\fold_rx63_and_sre2_atp_summary_confidences_4.json,0.32,0.57,0.41,False,0.26,17.67,18.22,0.0,0.0,0.0,0.0,0.0,0.0,0.0,0.0,70.5,54.3,0.0,0.0,0.0,0.0,,,,,,,,,0.26,0.57,True,0.0,0.0,0.0,0.0,0.0,0.0,0.0,0.0858,0.0095,0.0,0,0,0,0,20.05704066940471,22.8,30.3,16.452151238591917,19.7,29.4,26.683102375825836,28.0,17.7,28.80953182796886,29.5,18.2,0.15,0.0006915843132924786,0,0,"291,294,295,296,397,399,400,401,445,446,447,448,449,454,527,546,548,568,570,577,608,609,610,612,678,684,705,707,728,730,731,750,752,776,777,801,803,804,821,823,846,850,852,876,878,900","1,4,9,10,13,14,16,17,18,21,23,24,25,26,28,29,39,43,46,47,50,51,53,69,70,71,72,105,107,108,109,110,111,112,113,114,115,116,117,118",46,40,89,0,2.3911719287977853,,,,3640.465290224811,1820.2326451124054,,benchmark_ShrakeRupley_256pt_Bondi,,,291,900,geometric_4.5A,,
Rx,64,sre2,rx64_and_sre2_atp,model_0,1,Yes,,A,B,C,973,118,31,A,B,C:\Users\13441\Desktop\Ranking\Rx\rx64_and_sre2_atp\fold_rx64_and_sre2_atp_model_0.cif,C:\Users\13441\Desktop\Ranking\Rx\rx64_and_sre2_atp\fold_rx64_and_sre2_atp_full_data_0.json,C:\Users\13441\Desktop\Ranking\Rx\rx64_and_sre2_atp\fold_rx64_and_sre2_atp_summary_confidences_0.json,0.49,0.64,0.55,False,0.19,21.22,20.98,0.0,0.0,0.0,0.0,0.0,0.0,0.0,0.0,68.0,53.6,0.0,0.0,0.0,0.0,,,,,,,,,0.19,0.64,True,0.0,0.0,0.0,0.0,0.0,0.0,0.0,0.0667,0.0087,0.0,0,0,0,0,18.443789624385147,19.1,29.9,16.992155584528465,19.5,30.1,28.5235049732611,28.8,21.2,29.90411796470814,30.1,21.0,0.09,0.0005413973905621266,0,0,"216,217,218,219,220,221,225,229,574,577,607,608,609,610,612,678,680,681,683,685,709,710,712,732,733,754,755,757,775,797,800,856,857,860,904,907,918,930,953,967","1,2,3,4,5,9,12,13,15,16,17,19,20,21,22,27,28,29,30,31,32,33,36,38,39,42,43,46,47,50,70,71,110,111,112,114,116,118",40,38,90,0,1.6450489298566202,,,,3993.161971974045,1996.5809859870226,,benchmark_ShrakeRupley_256pt_Bondi,,,216,967,geometric_4.5A,,
Rx,64,sre2,rx64_and_sre2_atp,model_1,2,Yes,,A,B,C,973,118,31,A,B,C:\Users\13441\Desktop\Ranking\Rx\rx64_and_sre2_atp\fold_rx64_and_sre2_atp_model_1.cif,C:\Users\13441\Desktop\Ranking\Rx\rx64_and_sre2_atp\fold_rx64_and_sre2_atp_full_data_1.json,C:\Users\13441\Desktop\Ranking\Rx\rx64_and_sre2_atp\fold_rx64_and_sre2_atp_summary_confidences_1.json,0.49,0.63,0.55,False,0.17,22.96,21.04,0.0,0.0,0.0,0.0,0.0,0.0,0.0,0.0,68.2,54.6,0.0,0.0,0.0,0.0,,,,,,,,,0.17,0.63,True,0.0,0.0,0.0,0.0,0.0,0.0,0.0,0.036,0.0086,0.0,0,0,0,0,18.513503694398977,19.1,30.0,17.191699261190788,19.4,30.7,29.221501733238107,29.4,23.0,30.106093333565592,30.4,21.0,0.09,0.0005413973905621266,0,0,"218,219,220,221,229,574,577,578,612,681,683,685,688,710,733,757,854,856,901,930,970","1,2,3,4,5,9,10,16,19,20,21,27,28,29,47,50,51,53,56,111,114,116",21,22,32,0,2.359250604705829,,,,1872.6702026412104,936.3351013206052,,benchmark_ShrakeRupley_256pt_Bondi,,,218,970,geometric_4.5A,,
Rx,64,sre2,rx64_and_sre2_atp,model_2,3,Yes,,A,B,C,973,118,31,A,B,C:\Users\13441\Desktop\Ranking\Rx\rx64_and_sre2_atp\fold_rx64_and_sre2_atp_model_2.cif,C:\Users\13441\Desktop\Ranking\Rx\rx64_and_sre2_atp\fold_rx64_and_sre2_atp_full_data_2.json,C:\Users\13441\Desktop\Ranking\Rx\rx64_and_sre2_atp\fold_rx64_and_sre2_atp_summary_confidences_2.json,0.48,0.64,0.54,False,0.2,21.95,22.76,0.0,0.0,0.0,0.0,0.0,0.0,0.0,0.0,68.0,54.0,0.0,0.0,0.0,0.0,,,,,,,,,0.2,0.64,True,0.0,0.0,0.0,0.0,0.0,0.0,0.0,0.0855,0.0089,0.0,0,0,0,0,18.489101311543358,19.1,30.0,17.286650731565985,19.85,30.9,28.63569686623583,29.0,22.0,29.852719180587734,30.1,22.8,0.09,0.0005413973905621266,0,0,"215,216,217,218,219,221,229,577,608,609,610,612,661,680,681,682,683,684,685,688,690,709,710,712,732,733,754,755,757,775,776,778,795,797,800,802,854,855,856,857,858","1,2,3,4,9,10,12,13,16,17,19,20,24,25,26,27,28,29,30,31,32,33,36,37,38,39,41,42,46,47,50,51,52,53,56,116,118",41,37,89,0,1.6248554857169673,,,,3121.63964760985,1560.819823804925,,benchmark_ShrakeRupley_256pt_Bondi,,,215,858,geometric_4.5A,,
Rx,64,sre2,rx64_and_sre2_atp,model_3,4,Yes,,A,B,C,973,118,31,A,B,C:\Users\13441\Desktop\Ranking\Rx\rx64_and_sre2_atp\fold_rx64_and_sre2_atp_model_3.cif,C:\Users\13441\Desktop\Ranking\Rx\rx64_and_sre2_atp\fold_rx64_and_sre2_atp_full_data_3.json,C:\Users\13441\Desktop\Ranking\Rx\rx64_and_sre2_atp\fold_rx64_and_sre2_atp_summary_confidences_3.json,0.47,0.64,0.54,False,0.2,21.96,21.29,0.0,0.0,0.0,0.0,0.0,0.0,0.0,0.0,68.2,54.2,0.0,0.0,0.0,0.0,,,,,,,,,0.2,0.64,True,0.0,0.0,0.0,0.0,0.0,0.0,0.0,0.0726,0.0086,0.0,0,0,0,0,18.442376046252946,19.1,29.8,16.92284513979429,19.8,30.0,28.36297925340115,28.7,22.0,29.698697023011132,30.0,21.3,0.09,0.0005413973905621266,0,0,"192,216,217,218,219,221,229,238,574,577,607,608,609,610,611,612,634,680,681,682,683,684,688,709,710,733,755,757,775,776,854,856,857,858,859,860,861,899,900,901,902,903,904,905,907,914,918,930,948,949,951,952,953,954,955,963,967","1,3,4,9,12,13,14,16,17,20,21,24,25,26,27,28,29,30,32,33,36,37,38,39,43,46,47,49,50,51,52,53,71,72,73,107,108,109,110,111,112,113,114,115,116,117,118",57,47,118,0,1.8316699230874847,,,,4548.44930217322,2274.22465108661,,benchmark_ShrakeRupley_256pt_Bondi,,,192,967,geometric_4.5A,,
Rx,64,sre2,rx64_and_sre2_atp,model_4,5,Yes,,A,B,C,973,118,31,A,B,C:\Users\13441\Desktop\Ranking\Rx\rx64_and_sre2_atp\fold_rx64_and_sre2_atp_model_4.cif,C:\Users\13441\Desktop\Ranking\Rx\rx64_and_sre2_atp\fold_rx64_and_sre2_atp_full_data_4.json,C:\Users\13441\Desktop\Ranking\Rx\rx64_and_sre2_atp\fold_rx64_and_sre2_atp_summary_confidences_4.json,0.47,0.63,0.54,False,0.19,22.28,20.67,0.0,0.0,0.0,0.0,0.0,0.0,0.0,0.0,68.1,53.9,0.0,0.0,0.0,0.0,,,,,,,,,0.19,0.63,True,0.0,0.0,0.0,0.0,0.0,0.0,0.0,0.054,0.0086,0.0,0,0,0,0,18.527125178164347,19.2,30.0,17.03177603940316,19.5,30.1,28.783139686797778,29.1,22.3,29.957593150661065,30.2,20.7,0.09,0.0005413973905621266,0,0,"212,215,216,217,218,219,221,226,229,237,574,577,609,611,612,681,683,684,685,710,733,755,757,800,852,854,856,857,858,859,903,904,907,918,930,953","1,3,4,9,10,12,13,14,16,20,21,22,23,24,25,27,28,29,30,32,33,36,37,38,39,40,47,50,51,52,71,73,110,111,112,113,114,116,118",36,39,74,3,1.0334566876878306,,,,3116.26400951543,1558.132004757715,,benchmark_ShrakeRupley_256pt_Bondi,,,212,953,geometric_4.5A,,
Rx,65,sre2,rx65_and_sre2_atp,model_0,1,Partially,,A,B,C,774,118,31,A,B,C:\Users\13441\Desktop\Ranking\Rx\rx65_and_sre2_atp\fold_rx65_and_sre2_atp_model_0.cif,C:\Users\13441\Desktop\Ranking\Rx\rx65_and_sre2_atp\fold_rx65_and_sre2_atp_full_data_0.json,C:\Users\13441\Desktop\Ranking\Rx\rx65_and_sre2_atp\fold_rx65_and_sre2_atp_summary_confidences_0.json,0.55,0.68,0.62,False,0.16,22.04,21.07,0.0,0.0,0.0,0.0,0.0,0.0,0.0,0.0,74.1,57.8,0.0,0.0,0.0,0.0,,,,,,,,,0.16,0.68,True,0.0,0.0,0.0,0.0,0.0,0.0,0.0,0.045,0.0087,0.0,0,0,0,0,14.974845813652635,13.7,28.4,16.89819643633203,19.25,30.4,29.032206674549993,29.2,22.0,29.6572920772566,30.1,21.1,0.18,0.0006927473393772173,0,0,"449,450,549,573,576,577,578,579,580,581,582,583,586,611,612,613,683,684,685,725,726,728,731,743,746,747,748,749,751,754","1,9,12,13,16,17,19,20,26,27,28,29,30,31,32,33,108,110,111,112,113,114,115,116",30,24,55,0,1.8196290059932705,,,,2625.0090282070214,1312.5045141035107,,benchmark_ShrakeRupley_256pt_Bondi,,,449,754,geometric_4.5A,,
Rx,65,sre2,rx65_and_sre2_atp,model_1,2,Partially,,A,B,C,774,118,31,A,B,C:\Users\13441\Desktop\Ranking\Rx\rx65_and_sre2_atp\fold_rx65_and_sre2_atp_model_1.cif,C:\Users\13441\Desktop\Ranking\Rx\rx65_and_sre2_atp\fold_rx65_and_sre2_atp_full_data_1.json,C:\Users\13441\Desktop\Ranking\Rx\rx65_and_sre2_atp\fold_rx65_and_sre2_atp_summary_confidences_1.json,0.55,0.68,0.62,False,0.17,21.55,19.93,0.0,0.0,0.0,0.0,0.0,0.0,0.0,0.0,73.8,57.6,0.0,0.0,0.0,0.0,,,,,,,,,0.17,0.68,True,0.0,0.0,0.0,0.0,0.0,0.0,0.0,0.0534,0.0089,0.0,0,0,0,0,15.284139113691747,13.8,29.1,16.950586701434162,19.5,30.6,28.822076599658395,28.9,21.6,29.4266598782464,30.0,19.9,0.18,0.0006927473393772173,0,0,"581,582,583,584,585,586,587,589,611,612,614,616,634,636,661,684,687,690,692,719","1,2,3,4,5,9,12,13,16,17,20,21,28,39,47,50,51,117",20,18,42,0,2.2109635220223085,,,,1918.465768166257,959.2328840831285,,benchmark_ShrakeRupley_256pt_Bondi,,,581,719,geometric_4.5A,,
Rx,65,sre2,rx65_and_sre2_atp,model_2,3,Partially,,A,B,C,774,118,31,A,B,C:\Users\13441\Desktop\Ranking\Rx\rx65_and_sre2_atp\fold_rx65_and_sre2_atp_model_2.cif,C:\Users\13441\Desktop\Ranking\Rx\rx65_and_sre2_atp\fold_rx65_and_sre2_atp_full_data_2.json,C:\Users\13441\Desktop\Ranking\Rx\rx65_and_sre2_atp\fold_rx65_and_sre2_atp_summary_confidences_2.json,0.54,0.68,0.61,False,0.14,22.66,21.25,0.0,0.0,0.0,0.0,0.0,0.0,0.0,0.0,74.4,57.7,0.0,0.0,0.0,0.0,,,,,,,,,0.14,0.68,True,0.0,0.0,0.0,0.0,0.0,0.0,0.0,0.0243,0.0087,0.0,0,0,0,0,14.894290675946262,13.8,27.8,17.091221208170357,19.4,30.7,29.76332501204397,30.0,22.7,29.93284062541059,30.5,21.3,0.18,0.0006927473393772173,0,0,"576,577,578,579,580,581,582,583,612,685","1,4,12,16,17,20,21,28,29",10,9,15,0,2.3501731167369995,,,,821.1238298190492,410.5619149095246,,benchmark_ShrakeRupley_256pt_Bondi,,,576,685,geometric_4.5A,,
Rx,65,sre2,rx65_and_sre2_atp,model_3,4,Partially,,A,B,C,774,118,31,A,B,C:\Users\13441\Desktop\Ranking\Rx\rx65_and_sre2_atp\fold_rx65_and_sre2_atp_model_3.cif,C:\Users\13441\Desktop\Ranking\Rx\rx65_and_sre2_atp\fold_rx65_and_sre2_atp_full_data_3.json,C:\Users\13441\Desktop\Ranking\Rx\rx65_and_sre2_atp\fold_rx65_and_sre2_atp_summary_confidences_3.json,0.54,0.67,0.61,False,0.18,22.12,19.94,0.0,0.0,0.0,0.0,0.0,0.0,0.0,0.0,73.4,58.3,0.0,0.0,0.0,0.0,,,,,,,,,0.18,0.67,True,0.0,0.0,0.0,0.0,0.0,0.0,0.0,0.0378,0.0087,0.0,0,0,0,0,15.520961320537118,14.0,29.4,16.381826741996232,18.8,29.3,28.524674812770986,28.7,22.1,29.36874917882013,29.9,19.9,0.18,0.0006927473393772173,0,0,"450,549,573,574,576,577,582,583,585,586,609,611,612,613,661,675,676,677,678,679,680,681,682,683,684,685,686,687,688,714,716,717,718,719,720","1,4,9,12,13,16,17,20,21,28,29,31,105,106,107,108,109,110,111,112,113,114,115,116,117,118",35,26,66,1,1.2821651664039984,,,,2812.650457102237,1406.3252285511185,,benchmark_ShrakeRupley_256pt_Bondi,,,450,720,geometric_4.5A,,
Rx,65,sre2,rx65_and_sre2_atp,model_4,5,Partially,,A,B,C,774,118,31,A,B,C:\Users\13441\Desktop\Ranking\Rx\rx65_and_sre2_atp\fold_rx65_and_sre2_atp_model_4.cif,C:\Users\13441\Desktop\Ranking\Rx\rx65_and_sre2_atp\fold_rx65_and_sre2_atp_full_data_4.json,C:\Users\13441\Desktop\Ranking\Rx\rx65_and_sre2_atp\fold_rx65_and_sre2_atp_summary_confidences_4.json,0.5,0.67,0.58,False,0.13,24.04,22.93,0.0,0.0,0.0,0.0,0.0,0.0,0.0,0.0,73.6,58.1,0.0,0.0,0.0,0.0,,,,,,,,,0.13,0.67,True,0.0,0.0,0.0,0.0,0.0,0.0,0.0,0.0188,0.0084,0.0,0,0,0,0,15.336377113899003,14.1,28.8,17.168354338693323,18.9,31.5,30.015026496737182,30.2,24.0,30.215154600797092,30.7,22.9,0.18,0.0006927473393772173,0,0,"585,587,661","1,13,28",3,3,3,0,3.2070603571566543,,,,221.50573603073485,110.75286801536743,,benchmark_ShrakeRupley_256pt_Bondi,,,585,661,geometric_4.5A,,
Rx,66,sre20,rx66_and_sre20_atp,model_0,1,Yes,,A,B,C,966,122,31,A,B,C:\Users\13441\Desktop\Ranking\Rx\rx66_and_sre20_atp\fold_rx66_and_sre20_atp_model_0.cif,C:\Users\13441\Desktop\Ranking\Rx\rx66_and_sre20_atp\fold_rx66_and_sre20_atp_full_data_0.json,C:\Users\13441\Desktop\Ranking\Rx\rx66_and_sre20_atp\fold_rx66_and_sre20_atp_summary_confidences_0.json,0.5,0.66,0.55,False,0.25,18.17,23.56,0.0,0.0,0.0,0.0,0.0,0.0,0.0,0.0,70.4,31.0,0.0,0.0,0.0,0.0,,,,,,,,,0.25,0.66,True,0.0,0.0,0.0,0.0,0.0,0.0,0.0,0.0365,0.0088,0.0,0,0,0,0,17.587183084993402,17.8,28.9,20.985855575125317,23.1,26.7,25.74502935885687,25.8,18.2,29.998801038590777,30.3,23.6,0.1,0.0007080915045989886,0,0,"397,398,399,400,401,403,405,443,445,446,454,524,570,573,574,577,607,608,609,610,611,612,710,733,754,755,757,777,778,799,801,823,826,878,881,921,923","5,9,11,12,18,20,21,22,25,26,27,29,31,32,34,35,37,42,43,44,45,46,56,57,58,59,61,63,74,75,78,80,81,100,101,102,122",37,37,59,0,2.409661669523847,,,,3147.9270124960562,1573.9635062480281,,benchmark_ShrakeRupley_256pt_Bondi,,,397,923,geometric_4.5A,,
Rx,66,sre20,rx66_and_sre20_atp,model_1,2,Yes,,A,B,C,966,122,31,A,B,C:\Users\13441\Desktop\Ranking\Rx\rx66_and_sre20_atp\fold_rx66_and_sre20_atp_model_1.cif,C:\Users\13441\Desktop\Ranking\Rx\rx66_and_sre20_atp\fold_rx66_and_sre20_atp_full_data_1.json,C:\Users\13441\Desktop\Ranking\Rx\rx66_and_sre20_atp\fold_rx66_and_sre20_atp_summary_confidences_1.json,0.5,0.66,0.55,False,0.29,15.69,19.52,0.0,0.0,0.0,0.0,0.0,0.0,0.0,0.0,71.0,31.4,0.0,0.0,0.0,0.0,,,,,,,,,0.29,0.66,True,0.0,0.0,0.0,0.0,0.0,0.0,0.0,0.0459,0.009,0.0,0,0,0,0,17.50296087707442,17.7,28.8,20.619258908007044,22.4,26.2,24.693538505922685,24.6,15.7,29.685254386858094,30.0,19.5,0.1,0.0007080915045989886,0,0,"295,326,397,399,400,401,403,405,445,446,449,454,455,524,568,570,573,577,608,609,610,612,678,682,683,707,709,710,712,730,732,733,735,754,755,757,777,778,799,824,825,826,850,851,876,878,896,921","1,2,3,5,9,11,16,17,18,22,24,25,26,27,29,56,58,61,63,74,76,77,86,88,90,91,92,94,96,97,98,99,100,101,102,103,107,108,109,110,115,117,120,121,122",48,45,94,0,1.9125825437360933,,,,3794.3403069568362,1897.1701534784181,,benchmark_ShrakeRupley_256pt_Bondi,,,295,921,geometric_4.5A,,
Rx,66,sre20,rx66_and_sre20_atp,model_2,3,Yes,,A,B,C,966,122,31,A,B,C:\Users\13441\Desktop\Ranking\Rx\rx66_and_sre20_atp\fold_rx66_and_sre20_atp_model_2.cif,C:\Users\13441\Desktop\Ranking\Rx\rx66_and_sre20_atp\fold_rx66_and_sre20_atp_full_data_2.json,C:\Users\13441\Desktop\Ranking\Rx\rx66_and_sre20_atp\fold_rx66_and_sre20_atp_summary_confidences_2.json,0.49,0.65,0.54,False,0.27,16.46,20.07,0.0,0.0,0.0,0.0,0.0,0.0,0.0,0.0,70.4,30.5,0.0,0.0,0.0,0.0,,,,,,,,,0.27,0.65,True,0.0,0.0,0.0,0.0,0.0,0.0,0.0,0.0438,0.009,0.0,0,0,0,0,17.81948154346217,18.2,29.0,21.13399945806801,23.0,27.3,25.19092675559176,25.3,16.5,29.679783117808775,30.0,20.1,0.1,0.0007080915045989886,0,0,"289,291,395,396,397,400,401,406,447,449,454,503,505,522,523,524,525,543,568,574,709,710,733,754,755,757,775,777,778,799,801,816,819,822,824,845,846,848,850,851,874,876,878,879,894,896,918,919,923,949","1,2,3,4,5,6,7,9,11,12,20,24,25,43,75,76,77,78,79,88,90,91,92,96,98,101,103,104,107,108,109",50,31,70,0,2.396741341154905,,,,3419.8196289965963,1709.9098144982981,,benchmark_ShrakeRupley_256pt_Bondi,,,289,949,geometric_4.5A,,
Rx,66,sre20,rx66_and_sre20_atp,model_3,4,Yes,,A,B,C,966,122,31,A,B,C:\Users\13441\Desktop\Ranking\Rx\rx66_and_sre20_atp\fold_rx66_and_sre20_atp_model_3.cif,C:\Users\13441\Desktop\Ranking\Rx\rx66_and_sre20_atp\fold_rx66_and_sre20_atp_full_data_3.json,C:\Users\13441\Desktop\Ranking\Rx\rx66_and_sre20_atp\fold_rx66_and_sre20_atp_summary_confidences_3.json,0.47,0.65,0.53,False,0.27,16.32,19.95,0.0,0.0,0.0,0.0,0.0,0.0,0.0,0.0,70.7,30.8,0.0,0.0,0.0,0.0,,,,,,,,,0.27,0.65,True,0.0,0.0,0.0,0.0,0.0,0.0,0.0,0.0386,0.0091,0.0,0,0,0,0,17.860059644493074,18.2,29.1,21.10815607641241,23.1,26.9,25.206105114889862,25.2,16.3,29.811652750907918,30.2,20.0,0.1,0.0007080915045989886,0,0,"326,399,400,401,403,405,445,446,447,449,450,454,570,573,606,608,609,611,612,657,679,681,707,709,710,733,754,755,757,775,777,778,798,799,822,825,826,851,919,923,947,948,949","2,23,37,39,40,42,43,50,53,71,72,74,76,78,88,89,90,91,92,93,95,96,100,101,102,103,104,107,108,110,111,112,113,115,117",43,35,68,0,1.882993926842247,,,,3352.0302347251877,1676.0151173625939,,benchmark_ShrakeRupley_256pt_Bondi,,,326,949,geometric_4.5A,,
Rx,66,sre20,rx66_and_sre20_atp,model_4,5,Yes,,A,B,C,966,122,31,A,B,C:\Users\13441\Desktop\Ranking\Rx\rx66_and_sre20_atp\fold_rx66_and_sre20_atp_model_4.cif,C:\Users\13441\Desktop\Ranking\Rx\rx66_and_sre20_atp\fold_rx66_and_sre20_atp_full_data_4.json,C:\Users\13441\Desktop\Ranking\Rx\rx66_and_sre20_atp\fold_rx66_and_sre20_atp_summary_confidences_4.json,0.46,0.65,0.51,False,0.25,16.84,19.67,0.0,0.0,0.0,0.0,0.0,0.0,0.0,0.0,70.8,30.8,0.0,0.0,0.0,0.0,,,,,,,,,0.25,0.65,True,0.0,0.0,0.0,0.0,0.0,0.0,0.0,0.0339,0.0091,0.0,0,0,0,0,17.656726096611205,18.0,28.9,20.889479745291965,22.8,26.7,25.751487458846686,25.9,16.8,29.938398160404574,30.2,19.7,0.1,0.0007080915045989886,0,0,"319,322,323,326,399,401,445,446,573,574,577,683,709,733,752,754,755,757,775,777,778,798,799,819,822,825,826,851,878,879,899,923,949","21,22,23,24,25,54,58,59,60,61,66,74,75,76,78,88,90,91,98,100,101,102,103,104,107,108,109,110,111",33,29,50,0,1.6420063710934587,,,,2719.9857309414265,1359.9928654707132,,benchmark_ShrakeRupley_256pt_Bondi,,,319,949,geometric_4.5A,,
Rx,67,sre20,rx67_and_sre20_atp,model_0,1,Yes,,A,B,C,873,122,31,A,B,C:\Users\13441\Desktop\Ranking\Rx\rx67_and_sre20_atp\fold_rx67_and_sre20_atp_model_0.cif,C:\Users\13441\Desktop\Ranking\Rx\rx67_and_sre20_atp\fold_rx67_and_sre20_atp_full_data_0.json,C:\Users\13441\Desktop\Ranking\Rx\rx67_and_sre20_atp\fold_rx67_and_sre20_atp_summary_confidences_0.json,0.54,0.71,0.62,False,0.29,10.62,13.15,0.0233,10.4,0.2,0.0,0.0193,0.0281,27.0,4.0,73.4,31.8,14.0,8.0,3.0,3.0,76.5,45.6,68.3,44.6,"[403,405-406,455,709-711,731-734,736,754,757]","[88,90,95-98,104-105]","[709-710,733]","[96,104-105]",0.29,0.71,True,0.0,0.0,0.0,0.0,0.0,0.0,0.0,0.051,0.0105,0.0193,0,0,0,0,15.460487142301671,14.4,29.1,22.331425281127217,24.7,29.2,25.2936153831709,27.5,10.6,28.98765233883537,30.2,13.1,0.42,0.0009962818996112897,4,0,"217,218,220,221,224,225,229,233,396,400,403,406,449,454,455,523,524,527,545,546,568,606,607,609,610,657,680,681,682,683,684,685,688,709,710,712,733,735,755,756,758,780,781","7,68,70,73,74,75,76,77,78,88,90,91,92,93,94,95,96,98,101,103,104,105,107,109,110,111,112,113,114,115,117,118,119,120,121",43,35,83,0,1.9522615212979706,,,,3525.2761301359233,1762.6380650679616,,benchmark_ShrakeRupley_256pt_Bondi,709,733,217,781,geometric_4.5A,,
Rx,67,sre20,rx67_and_sre20_atp,model_1,2,Yes,,A,B,C,873,122,31,A,B,C:\Users\13441\Desktop\Ranking\Rx\rx67_and_sre20_atp\fold_rx67_and_sre20_atp_model_1.cif,C:\Users\13441\Desktop\Ranking\Rx\rx67_and_sre20_atp\fold_rx67_and_sre20_atp_full_data_1.json,C:\Users\13441\Desktop\Ranking\Rx\rx67_and_sre20_atp\fold_rx67_and_sre20_atp_summary_confidences_1.json,0.54,0.7,0.61,False,0.3,10.44,12.78,0.0275,7.5,0.2,0.0,0.0259,0.0292,14.0,4.0,73.5,30.8,4.0,8.0,3.0,3.0,69.9,45.2,68.4,44.5,"[709-710,732-733]","[90,95-98,104-106]","[709-710,733]","[96,104-105]",0.3,0.7,True,0.0,0.0,0.0,0.0,0.0,0.0,0.0,0.0437,0.0104,0.0259,0,0,0,0,15.565071539666025,14.5,29.3,22.029277875626605,24.3,28.1,25.1357810827559,26.4,10.4,28.9829220888964,30.3,12.8,0.42,0.0009962818996112897,4,0,"209,217,218,220,221,222,229,233,400,401,449,454,527,546,568,574,606,607,609,610,611,612,657,678,680,681,682,683,684,685,688,709,710,712,733,735,755,756,758,778,780,781","10,11,12,13,55,57,61,64,66,68,88,90,91,92,93,94,95,96,98,101,103,104,105,106,107,108,109,110,111,112,113,114,115,117,118,120,121",42,37,81,0,1.873560512114408,,,,3488.857335108908,1744.428667554454,,benchmark_ShrakeRupley_256pt_Bondi,709,733,209,781,geometric_4.5A,,
Rx,67,sre20,rx67_and_sre20_atp,model_2,3,Yes,,A,B,C,873,122,31,A,B,C:\Users\13441\Desktop\Ranking\Rx\rx67_and_sre20_atp\fold_rx67_and_sre20_atp_model_2.cif,C:\Users\13441\Desktop\Ranking\Rx\rx67_and_sre20_atp\fold_rx67_and_sre20_atp_full_data_2.json,C:\Users\13441\Desktop\Ranking\Rx\rx67_and_sre20_atp\fold_rx67_and_sre20_atp_summary_confidences_2.json,0.54,0.71,0.61,False,0.32,11.03,13.21,0.026,3.0,0.1,0.0,0.0162,0.0417,9.0,1.0,73.3,30.5,5.0,4.0,1.0,1.0,72.6,46.0,70.4,47.0,"[401,403,709-710,733]","[90,95-97]",[733],[96],0.32,0.71,True,0.0,0.0,0.0,0.0,0.0,0.0,0.0,0.073,0.0096,0.0162,0,0,0,0,15.608444859547905,14.5,29.5,22.053739330714,24.0,28.6,24.06514844234128,24.5,11.0,28.800316414098738,29.8,13.2,0.42,0.0009962818996112897,4,0,"194,196,209,212,215,216,217,218,220,221,229,232,233,237,400,401,403,405,406,409,410,446,447,448,449,454,522,523,524,527,543,546,568,604,607,609,610,611,612,657,678,680,681,683,684,685,686,709,710,712,733,735,755,756,758,772,773,774,775,776,777,778,779,780,781,794,795,796,797,798,799,800,801,803,818,820,824,826,840,842","1,2,3,4,5,6,7,8,9,10,11,12,14,15,16,17,18,19,20,22,33,34,35,58,59,60,62,88,89,90,91,92,93,94,95,96,98,101,103,104,105,107,109,110,111,112,113,114,115,116,117,118,120,121",80,54,164,1,1.0855841253673253,,,,6139.511503215186,3069.755751607593,,benchmark_ShrakeRupley_256pt_Bondi,733,733,194,842,geometric_4.5A,,
Rx,67,sre20,rx67_and_sre20_atp,model_3,4,Yes,,A,B,C,873,122,31,A,B,C:\Users\13441\Desktop\Ranking\Rx\rx67_and_sre20_atp\fold_rx67_and_sre20_atp_model_3.cif,C:\Users\13441\Desktop\Ranking\Rx\rx67_and_sre20_atp\fold_rx67_and_sre20_atp_full_data_3.json,C:\Users\13441\Desktop\Ranking\Rx\rx67_and_sre20_atp\fold_rx67_and_sre20_atp_summary_confidences_3.json,0.55,0.71,0.6,False,0.28,11.11,13.88,0.0292,2.2,0.1,0.0,0.0292,0.0292,5.0,1.0,73.3,31.1,4.0,2.0,1.0,1.0,69.4,45.4,70.2,45.8,"[709-710,732-733]",[96-97],[733],[96],0.28,0.71,True,0.0,0.0,0.0,0.0,0.0,0.0,0.0,0.0469,0.0103,0.0292,0,0,0,0,15.415933930241602,14.4,28.9,22.009273811136705,24.3,28.2,25.293633222541455,26.9,11.1,29.137543424783583,30.4,13.9,0.42,0.0009962818996112897,4,0,"208,218,219,220,221,225,229,397,400,401,406,449,454,524,528,546,568,574,577,606,607,608,609,610,611,612,657,678,680,682,683,684,685,709,710,733,753,755,756,778,780,781","2,40,53,58,59,60,61,66,87,88,89,90,91,92,93,94,95,96,98,103,104,105,107,109,110,111,113,114,115,117,118,121",42,32,77,0,1.7765236804874076,,,,3611.443610720122,1805.721805360061,,benchmark_ShrakeRupley_256pt_Bondi,733,733,208,781,geometric_4.5A,,
Rx,67,sre20,rx67_and_sre20_atp,model_4,5,Yes,,A,B,C,873,122,31,A,B,C:\Users\13441\Desktop\Ranking\Rx\rx67_and_sre20_atp\fold_rx67_and_sre20_atp_model_4.cif,C:\Users\13441\Desktop\Ranking\Rx\rx67_and_sre20_atp\fold_rx67_and_sre20_atp_full_data_4.json,C:\Users\13441\Desktop\Ranking\Rx\rx67_and_sre20_atp\fold_rx67_and_sre20_atp_summary_confidences_4.json,0.55,0.71,0.58,False,0.3,10.94,13.99,0.0,0.0,0.0,0.0,0.0219,0.0,4.0,0.0,73.1,31.0,4.0,1.0,0.0,0.0,69.5,46.0,,,"[709-710,732-733]",[97],,,0.3,0.71,True,0.0,0.0,0.0,0.0,0.0,0.0,0.0,0.0433,0.0096,0.0219,0,0,0,0,15.453125492606954,14.6,28.7,21.75878607234792,24.1,27.6,24.647582295833104,25.6,10.9,28.98961091393912,30.0,14.0,0.42,0.0009962818996112897,4,0,"194,195,208,215,216,217,218,219,220,221,222,225,226,228,229,232,233,237,397,400,406,449,454,524,527,546,568,577,607,609,610,611,612,657,678,680,681,683,684,685,688,709,710,733,735,755,756,758,778,780,781,800,803,858","1,2,7,9,11,12,14,16,18,19,20,21,22,23,24,25,33,35,62,64,67,88,90,91,92,93,94,95,96,98,101,103,104,105,106,107,108,109,110,111,112,113,114,115,117,118,121",54,47,109,0,1.661936750435766,,,,4230.962275343494,2115.481137671747,,benchmark_ShrakeRupley_256pt_Bondi,,,194,858,geometric_4.5A,,
Rx,68,sre20,rx68_and_sre20_atp,model_0,1,Yes,,A,B,C,894,122,31,A,B,C:\Users\13441\Desktop\Ranking\Rx\rx68_and_sre20_atp\fold_rx68_and_sre20_atp_model_0.cif,C:\Users\13441\Desktop\Ranking\Rx\rx68_and_sre20_atp\fold_rx68_and_sre20_atp_full_data_0.json,C:\Users\13441\Desktop\Ranking\Rx\rx68_and_sre20_atp\fold_rx68_and_sre20_atp_summary_confidences_0.json,0.59,0.73,0.64,False,0.32,11.07,14.84,0.0,0.0,0.0,0.0,0.0302,0.0,4.0,0.0,74.9,32.3,3.0,2.0,0.0,0.0,65.7,48.0,,,"[709-710,733]","[90,96]",,,0.32,0.73,True,0.0,0.0,0.0,0.0,0.0,0.0,0.0,0.0424,0.0104,0.0302,0,0,0,0,14.62949337501973,13.2,28.1,20.762017341823604,22.6,26.6,23.10975354824513,22.9,11.1,29.143704844684052,30.0,14.8,0.46,0.0007822642754978546,6,0,"398,399,400,401,406,449,450,454,523,527,545,546,568,577,606,609,610,611,612,613,634,657,681,709,710,733,754,755,757,773,775,795,797","2,12,16,17,18,19,20,21,23,24,26,29,31,61,89,90,91,92,93,94,96,103,104,105,106,109,111",33,27,54,0,2.559287910981816,,,,2547.8569564258755,1273.9284782129378,,benchmark_ShrakeRupley_256pt_Bondi,,,398,797,geometric_4.5A,,
Rx,68,sre20,rx68_and_sre20_atp,model_1,2,Yes,,A,B,C,894,122,31,A,B,C:\Users\13441\Desktop\Ranking\Rx\rx68_and_sre20_atp\fold_rx68_and_sre20_atp_model_1.cif,C:\Users\13441\Desktop\Ranking\Rx\rx68_and_sre20_atp\fold_rx68_and_sre20_atp_full_data_1.json,C:\Users\13441\Desktop\Ranking\Rx\rx68_and_sre20_atp\fold_rx68_and_sre20_atp_summary_confidences_1.json,0.58,0.73,0.64,False,0.31,11.6,15.27,0.0,0.0,0.0,0.0,0.008,0.0,11.0,0.0,75.0,31.5,10.0,4.0,0.0,0.0,83.4,44.0,,,"[404-407,542,565,603-604,710,733]","[85,90,96-97]",,,0.31,0.73,True,0.0,0.0,0.0,0.0,0.0,0.0,0.0,0.0397,0.0103,0.008,0,0,0,0,14.784324637811864,13.3,28.8,21.023533396558733,23.0,27.0,23.323609124582827,23.6,11.6,29.162530714783436,30.0,15.3,0.46,0.0007822642754978546,6,0,"399,401,406,446,449,450,454,482,506,523,527,543,545,546,548,568,606,608,609,610,612,657,681,683,709,710,733,754,755,773,775,795,861,862,863","9,10,11,12,25,26,88,89,90,91,92,93,94,96,104,105,106,107,109,110,111,113,115,117,118,121",35,26,55,0,2.0361364637569057,,,,2624.8994062583647,1312.4497031291824,,benchmark_ShrakeRupley_256pt_Bondi,,,399,863,geometric_4.5A,,
Rx,68,sre20,rx68_and_sre20_atp,model_2,3,Yes,,A,B,C,894,122,31,A,B,C:\Users\13441\Desktop\Ranking\Rx\rx68_and_sre20_atp\fold_rx68_and_sre20_atp_model_2.cif,C:\Users\13441\Desktop\Ranking\Rx\rx68_and_sre20_atp\fold_rx68_and_sre20_atp_full_data_2.json,C:\Users\13441\Desktop\Ranking\Rx\rx68_and_sre20_atp\fold_rx68_and_sre20_atp_summary_confidences_2.json,0.58,0.73,0.64,False,0.33,10.92,14.99,0.0,0.0,0.0,0.0,0.0292,0.0,4.0,0.0,74.7,32.9,3.0,2.0,0.0,0.0,65.0,47.1,,,"[709-710,733]","[90,96]",,,0.33,0.73,True,0.0,0.0,0.0,0.0,0.0,0.0,0.0,0.0474,0.0099,0.0292,0,0,0,0,14.896059708746376,13.5,28.6,20.225734995258097,22.1,26.1,22.70470440459163,22.4,10.9,28.99162815857997,29.7,15.0,0.46,0.0007822642754978546,6,0,"398,399,400,401,406,409,445,446,449,454,525,527,528,529,546,548,568,570,572,574,577,604,609,610,612,683,709,710,712,733,754,773,775,795,863","9,12,14,15,16,17,18,20,25,26,27,28,31,32,33,34,36,49,50,53,56,61,89,90,91,92,93,94,96,104,105,106,109,110",35,34,65,0,2.1277305166210487,,,,2935.941308497095,1467.9706542485476,,benchmark_ShrakeRupley_256pt_Bondi,,,398,863,geometric_4.5A,,
Rx,68,sre20,rx68_and_sre20_atp,model_3,4,Yes,,A,B,C,894,122,31,A,B,C:\Users\13441\Desktop\Ranking\Rx\rx68_and_sre20_atp\fold_rx68_and_sre20_atp_model_3.cif,C:\Users\13441\Desktop\Ranking\Rx\rx68_and_sre20_atp\fold_rx68_and_sre20_atp_full_data_3.json,C:\Users\13441\Desktop\Ranking\Rx\rx68_and_sre20_atp\fold_rx68_and_sre20_atp_summary_confidences_3.json,0.58,0.73,0.63,False,0.33,11.96,16.1,0.0,0.0,0.0,0.0,0.0,0.0,0.0,0.0,74.9,30.9,0.0,0.0,0.0,0.0,,,,,,,,,0.33,0.73,True,0.0,0.0,0.0,0.0,0.0,0.0,0.0,0.0493,0.0097,0.0,0,0,0,0,14.661620207880832,13.2,28.2,20.724603712234114,22.5,26.5,22.764394689551473,22.4,12.0,29.195568819452085,29.9,16.1,0.46,0.0007822642754978546,6,0,"398,399,400,401,406,446,450,454,503,505,506,524,525,526,527,528,529,543,546,548,564,566,568,570,574,577,604,608,609,610,611,612,613,634,657,681,683,709,710,733,754,755,773,775,859,861,862","5,8,12,14,16,17,18,27,28,30,31,33,35,37,42,43,44,46,72,73,75,88,89,90,91,92,93,94,96,104,106,107,109,110,111,113",47,36,92,0,2.0918743444601686,,,,3308.4522605494476,1654.2261302747238,,benchmark_ShrakeRupley_256pt_Bondi,,,398,862,geometric_4.5A,,
Rx,68,sre20,rx68_and_sre20_atp,model_4,5,Yes,,A,B,C,894,122,31,A,B,C:\Users\13441\Desktop\Ranking\Rx\rx68_and_sre20_atp\fold_rx68_and_sre20_atp_model_4.cif,C:\Users\13441\Desktop\Ranking\Rx\rx68_and_sre20_atp\fold_rx68_and_sre20_atp_full_data_4.json,C:\Users\13441\Desktop\Ranking\Rx\rx68_and_sre20_atp\fold_rx68_and_sre20_atp_summary_confidences_4.json,0.58,0.73,0.63,False,0.34,12.11,15.94,0.0,0.0,0.0,0.0,0.0,0.0,0.0,0.0,75.0,32.2,0.0,0.0,0.0,0.0,,,,,,,,,0.34,0.73,True,0.0,0.0,0.0,0.0,0.0,0.0,0.0,0.0419,0.0102,0.0,0,0,0,0,14.58011816990713,13.2,27.9,20.60794607776724,22.4,26.3,22.72191751934573,22.4,12.1,29.268364689918215,29.9,15.9,0.46,0.0007822642754978546,6,0,"397,399,400,401,403,446,450,454,524,525,526,527,528,546,568,604,608,609,612,657,681,683,685,686,709,710,712,733,754,755,773,775,795,797,861,863","34,35,37,44,45,46,50,53,54,57,89,90,91,92,93,94,96,104,105,106,107,109,110,111,112,113,115,117,120,121,122",36,31,68,0,1.70900488058351,,,,2799.7840398457665,1399.8920199228833,,benchmark_ShrakeRupley_256pt_Bondi,,,397,863,geometric_4.5A,,
Rx,69,sre20,rx69_and_sre20_atp,model_0,1,Partially,,A,B,C,774,122,31,A,B,C:\Users\13441\Desktop\Ranking\Rx\rx69_and_sre20_atp\fold_rx69_and_sre20_atp_model_0.cif,C:\Users\13441\Desktop\Ranking\Rx\rx69_and_sre20_atp\fold_rx69_and_sre20_atp_full_data_0.json,C:\Users\13441\Desktop\Ranking\Rx\rx69_and_sre20_atp\fold_rx69_and_sre20_atp_summary_confidences_0.json,0.51,0.67,0.56,False,0.18,19.69,23.0,0.0,0.0,0.0,0.0,0.0,0.0,0.0,0.0,73.4,35.0,0.0,0.0,0.0,0.0,,,,,,,,,0.18,0.67,True,0.0,0.0,0.0,0.0,0.0,0.0,0.0,0.0281,0.0085,0.0,0,0,0,0,14.993771372985547,14.3,27.1,20.100027096599376,22.1,26.5,27.473775786842886,27.7,19.7,30.24340238064981,30.5,23.0,0.08,0.0006508662684796882,0,0,"218,219,220,225,229,577,608,609,611,612,684,686,688,709,710,711,712,735","12,13,34,35,37,39,40,41,43,44,49,50,53,54,56,66,67,68,70,72,78,80,112,113,114",18,25,40,0,1.8073742816280516,,,,2100.393400879064,1050.196700439532,,benchmark_ShrakeRupley_256pt_Bondi,,,218,735,geometric_4.5A,,
Rx,69,sre20,rx69_and_sre20_atp,model_1,2,Partially,,A,B,C,774,122,31,A,B,C:\Users\13441\Desktop\Ranking\Rx\rx69_and_sre20_atp\fold_rx69_and_sre20_atp_model_1.cif,C:\Users\13441\Desktop\Ranking\Rx\rx69_and_sre20_atp\fold_rx69_and_sre20_atp_full_data_1.json,C:\Users\13441\Desktop\Ranking\Rx\rx69_and_sre20_atp\fold_rx69_and_sre20_atp_summary_confidences_1.json,0.51,0.68,0.56,False,0.23,17.93,20.95,0.0,0.0,0.0,0.0,0.0,0.0,0.0,0.0,73.5,34.8,0.0,0.0,0.0,0.0,,,,,,,,,0.23,0.68,True,0.0,0.0,0.0,0.0,0.0,0.0,0.0,0.0452,0.0088,0.0,0,0,0,0,14.99764583772075,14.3,26.9,19.93431106896084,21.8,26.0,25.626595924937522,25.7,17.9,29.72686279493371,30.0,20.9,0.08,0.0006508662684796882,0,0,"184,190,191,193,194,195,196,197,198,215,216,217,218,221,229,233,237,395,396,399,400,401,403,406,446,447,449,450,454,522,524,546,568,607,608,609,612,683,684,706,707,709,729,731,732,734,757,759","1,3,5,34,37,40,43,44,62,63,64,68,70,72,73,74,75,77,78,79,80,81,82,98,99,100,101,103,104,107,108,109,110,111,112,113,114,115,117,120,121,122",48,42,88,0,1.8724070696802635,,,,3714.8727733977476,1857.4363866988738,,benchmark_ShrakeRupley_256pt_Bondi,,,184,759,geometric_4.5A,,
Rx,69,sre20,rx69_and_sre20_atp,model_2,3,Partially,,A,B,C,774,122,31,A,B,C:\Users\13441\Desktop\Ranking\Rx\rx69_and_sre20_atp\fold_rx69_and_sre20_atp_model_2.cif,C:\Users\13441\Desktop\Ranking\Rx\rx69_and_sre20_atp\fold_rx69_and_sre20_atp_full_data_2.json,C:\Users\13441\Desktop\Ranking\Rx\rx69_and_sre20_atp\fold_rx69_and_sre20_atp_summary_confidences_2.json,0.5,0.68,0.56,False,0.2,20.04,22.01,0.0,0.0,0.0,0.0,0.0,0.0,0.0,0.0,73.3,35.6,0.0,0.0,0.0,0.0,,,,,,,,,0.2,0.68,True,0.0,0.0,0.0,0.0,0.0,0.0,0.0,0.038,0.0087,0.0,0,0,0,0,15.046228827582059,14.3,27.3,19.808609944451973,21.7,25.8,26.79215804634219,26.9,20.0,30.044598000593048,30.3,22.0,0.08,0.0006508662684796882,0,0,"190,193,194,195,196,215,216,217,221,222,225,229,233,237,577,578,612,684,686,707,709,710,734","25,37,43,44,56,58,62,64,68,70,72,73,75,77,79,80,98,99,100,101,102,104",23,22,45,0,2.22371458366265,,,,1975.5396415002144,987.7698207501072,,benchmark_ShrakeRupley_256pt_Bondi,,,190,734,geometric_4.5A,,
Rx,69,sre20,rx69_and_sre20_atp,model_3,4,Partially,,A,B,C,774,122,31,A,B,C:\Users\13441\Desktop\Ranking\Rx\rx69_and_sre20_atp\fold_rx69_and_sre20_atp_model_3.cif,C:\Users\13441\Desktop\Ranking\Rx\rx69_and_sre20_atp\fold_rx69_and_sre20_atp_full_data_3.json,C:\Users\13441\Desktop\Ranking\Rx\rx69_and_sre20_atp\fold_rx69_and_sre20_atp_summary_confidences_3.json,0.5,0.67,0.56,False,0.18,20.56,23.57,0.0,0.0,0.0,0.0,0.0,0.0,0.0,0.0,73.5,33.2,0.0,0.0,0.0,0.0,,,,,,,,,0.18,0.67,True,0.0,0.0,0.0,0.0,0.0,0.0,0.0,0.031,0.0084,0.0,0,0,0,0,14.916707448746617,14.2,27.0,21.055900284514294,23.0,27.1,27.40826555682637,27.5,20.6,30.290870292709787,30.6,23.6,0.08,0.0006508662684796882,0,0,"217,220,221,222,225,229,573,574,576,577,583,609,611,612,613,661,686,707,709,710,732,734","1,3,5,7,19,20,21,62,64,70,73,74,76,77,78,80,81,82,83,84,86,100,101,104,113,115,119,122",22,28,47,0,2.363133181891407,,,,2360.789589774503,1180.3947948872515,,benchmark_ShrakeRupley_256pt_Bondi,,,217,734,geometric_4.5A,,
Rx,69,sre20,rx69_and_sre20_atp,model_4,5,Partially,,A,B,C,774,122,31,A,B,C:\Users\13441\Desktop\Ranking\Rx\rx69_and_sre20_atp\fold_rx69_and_sre20_atp_model_4.cif,C:\Users\13441\Desktop\Ranking\Rx\rx69_and_sre20_atp\fold_rx69_and_sre20_atp_full_data_4.json,C:\Users\13441\Desktop\Ranking\Rx\rx69_and_sre20_atp\fold_rx69_and_sre20_atp_summary_confidences_4.json,0.49,0.67,0.55,False,0.17,21.25,24.22,0.0,0.0,0.0,0.0,0.0,0.0,0.0,0.0,73.4,35.0,0.0,0.0,0.0,0.0,,,,,,,,,0.17,0.67,True,0.0,0.0,0.0,0.0,0.0,0.0,0.0,0.0272,0.0084,0.0,0,0,0,0,15.057865091542396,14.4,27.2,20.353014496680665,22.5,26.2,27.812242131571143,28.0,21.3,30.393296479857668,30.7,24.2,0.08,0.0006508662684796882,0,0,"217,218,220,221,225,229,577,607,608,609,610,611,612,613,634,684,686,707,709,710,734,757","12,46,70,71,72,73,74,75,76,77,78,79,80,81,101,105,117,122",22,18,40,0,1.953041184311233,,,,1839.7742472625134,919.8871236312567,,benchmark_ShrakeRupley_256pt_Bondi,,,217,757,geometric_4.5A,,
Rx,70,sre23,rx70_and_sre23_atp,model_0,1,No,,A,B,C,812,119,31,A,B,C:\Users\13441\Desktop\Ranking\Rx\rx70_and_sre23_atp\fold_rx70_and_sre23_atp_model_0.cif,C:\Users\13441\Desktop\Ranking\Rx\rx70_and_sre23_atp\fold_rx70_and_sre23_atp_full_data_0.json,C:\Users\13441\Desktop\Ranking\Rx\rx70_and_sre23_atp\fold_rx70_and_sre23_atp_summary_confidences_0.json,0.5,0.65,0.57,False,0.21,21.3,20.19,0.0,0.0,0.0,0.0,0.0,0.0,0.0,0.0,70.3,72.4,0.0,0.0,0.0,0.0,,,,,,,,,0.21,0.65,True,0.0,0.0,0.0,0.0,0.0,0.0,0.0,0.1618,0.0103,0.0,0,0,0,0,16.924069445372435,16.2,30.0,8.942700470018515,4.5,26.8,28.923786066150598,29.3,21.3,29.118553628347893,29.7,20.2,0.15,0.00042203088131804447,0,0,"150,153,154,158,159,161,186,187,188,191,192,194,238","23,25,26,27,28,29,30,31,38,47,60,85,86,87,88,89,90,96,112",13,19,33,0,2.411845934218483,,,,1275.7401831545087,637.8700915772544,,benchmark_ShrakeRupley_256pt_Bondi,,,150,238,geometric_4.5A,,
Rx,70,sre23,rx70_and_sre23_atp,model_1,2,No,,A,B,C,812,119,31,A,B,C:\Users\13441\Desktop\Ranking\Rx\rx70_and_sre23_atp\fold_rx70_and_sre23_atp_model_1.cif,C:\Users\13441\Desktop\Ranking\Rx\rx70_and_sre23_atp\fold_rx70_and_sre23_atp_full_data_1.json,C:\Users\13441\Desktop\Ranking\Rx\rx70_and_sre23_atp\fold_rx70_and_sre23_atp_summary_confidences_1.json,0.5,0.65,0.56,False,0.22,20.68,20.42,0.0,0.0,0.0,0.0,0.0,0.0,0.0,0.0,70.3,71.1,0.0,0.0,0.0,0.0,,,,,,,,,0.22,0.65,True,0.0,0.0,0.0,0.0,0.0,0.0,0.0,0.2309,0.0101,0.0,0,0,0,0,16.80497211980587,16.1,29.9,9.066350947158526,4.7,26.6,28.505105145506477,28.8,20.7,28.94533675539181,29.4,20.4,0.15,0.00042203088131804447,0,0,"222,223,224,225,226,227,228,231,232,235,236,253,254,255,256,257,258,259,260,261,262,263","23,25,29,30,31,32,33,44,47,51,58,59,60,61,62,84,85,86,87,88,89,90,91,96,112",22,25,62,7,0.5650441744938038,,,,1677.7387914418946,838.8693957209473,,benchmark_ShrakeRupley_256pt_Bondi,,,222,263,geometric_4.5A,,
Rx,70,sre23,rx70_and_sre23_atp,model_2,3,No,,A,B,C,812,119,31,A,B,C:\Users\13441\Desktop\Ranking\Rx\rx70_and_sre23_atp\fold_rx70_and_sre23_atp_model_2.cif,C:\Users\13441\Desktop\Ranking\Rx\rx70_and_sre23_atp\fold_rx70_and_sre23_atp_full_data_2.json,C:\Users\13441\Desktop\Ranking\Rx\rx70_and_sre23_atp\fold_rx70_and_sre23_atp_summary_confidences_2.json,0.49,0.65,0.56,False,0.2,21.22,20.47,0.0,0.0,0.0,0.0,0.0,0.0,0.0,0.0,70.1,72.9,0.0,0.0,0.0,0.0,,,,,,,,,0.2,0.65,True,0.0,0.0,0.0,0.0,0.0,0.0,0.0,0.1079,0.0102,0.0,0,0,0,0,17.06906786610218,16.5,30.1,8.890286284005128,4.3,26.8,29.117548743635385,29.5,21.2,29.23618930330753,29.9,20.5,0.15,0.00042203088131804447,0,0,"154,158,159,160,161,187,188,192,194,238","23,24,25,26,27,28,29,35,36,37,85,87,88,89,90,96",10,16,26,0,2.076868653554683,,,,1083.3801900858484,541.6900950429242,,benchmark_ShrakeRupley_256pt_Bondi,,,154,238,geometric_4.5A,,
Rx,70,sre23,rx70_and_sre23_atp,model_3,4,No,,A,B,C,812,119,31,A,B,C:\Users\13441\Desktop\Ranking\Rx\rx70_and_sre23_atp\fold_rx70_and_sre23_atp_model_3.cif,C:\Users\13441\Desktop\Ranking\Rx\rx70_and_sre23_atp\fold_rx70_and_sre23_atp_full_data_3.json,C:\Users\13441\Desktop\Ranking\Rx\rx70_and_sre23_atp\fold_rx70_and_sre23_atp_summary_confidences_3.json,0.48,0.65,0.55,False,0.2,20.82,20.06,0.0,0.0,0.0,0.0,0.0,0.0,0.0,0.0,70.2,72.6,0.0,0.0,0.0,0.0,,,,,,,,,0.2,0.65,True,0.0,0.0,0.0,0.0,0.0,0.0,0.0,0.1216,0.0098,0.0,0,0,0,0,16.98636421616565,16.4,29.7,8.805533399800598,4.3,26.3,28.81741110237198,29.2,20.8,29.067527010804323,29.7,20.1,0.15,0.00042203088131804447,0,0,"153,154,158,159,160,161,187,188,191,192,194,238,263,264,265,771,773,775,776,779","21,23,24,25,26,27,28,29,30,31,38,47,51,58,59,60,85,86,88,89,96,99,100,108,112",20,25,41,1,1.1544303058852714,,,,1734.7274147139535,867.3637073569768,,benchmark_ShrakeRupley_256pt_Bondi,,,153,779,geometric_4.5A,,
Rx,70,sre23,rx70_and_sre23_atp,model_4,5,No,,A,B,C,812,119,31,A,B,C:\Users\13441\Desktop\Ranking\Rx\rx70_and_sre23_atp\fold_rx70_and_sre23_atp_model_4.cif,C:\Users\13441\Desktop\Ranking\Rx\rx70_and_sre23_atp\fold_rx70_and_sre23_atp_full_data_4.json,C:\Users\13441\Desktop\Ranking\Rx\rx70_and_sre23_atp\fold_rx70_and_sre23_atp_summary_confidences_4.json,0.49,0.65,0.55,False,0.21,20.78,20.33,0.0,0.0,0.0,0.0,0.0,0.0,0.0,0.0,70.6,72.1,0.0,0.0,0.0,0.0,,,,,,,,,0.21,0.65,True,0.0,0.0,0.0,0.0,0.0,0.0,0.0,0.1618,0.0103,0.0,0,0,0,0,16.818317257172016,16.2,29.8,8.986754023643355,4.5,26.5,28.726725172827752,29.2,20.8,29.144879331042766,29.8,20.3,0.15,0.00042203088131804447,0,0,"154,157,158,159,161,186,187,188,189,190,191,192,194,238,263,264,265","23,24,25,26,27,28,29,30,31,38,47,85,86,87,88,89,90,91,94,96,99,112",17,22,41,1,1.4264580365256638,,,,1516.1988531400398,758.0994265700199,,benchmark_ShrakeRupley_256pt_Bondi,,,154,265,geometric_4.5A,,
Rx,71,sre23,rx71_and_sre23_atp,model_0,1,No,,A,B,C,828,119,31,A,B,C:\Users\13441\Desktop\Ranking\Rx\rx71_and_sre23_atp\fold_rx71_and_sre23_atp_model_0.cif,C:\Users\13441\Desktop\Ranking\Rx\rx71_and_sre23_atp\fold_rx71_and_sre23_atp_full_data_0.json,C:\Users\13441\Desktop\Ranking\Rx\rx71_and_sre23_atp\fold_rx71_and_sre23_atp_summary_confidences_0.json,0.51,0.68,0.57,False,0.25,18.39,20.02,0.0,0.0,0.0,0.0,0.0,0.0,0.0,0.0,72.5,71.5,0.0,0.0,0.0,0.0,,,,,,,,,0.25,0.68,True,0.0,0.0,0.0,0.0,0.0,0.0,0.0,0.0881,0.0106,0.0,0,0,0,0,15.859953910590049,14.4,29.6,9.078920381712006,4.6,25.8,27.345552713839158,27.3,18.4,28.67280375918483,29.2,20.0,0.16,0.0004225023342670401,0,0,"219,221,225,226,228,229,232,233,235,236,237,782","24,25,26,47,48,51,60,85,86,88,89,92,96,111,112",12,15,24,0,1.9569933270105682,,,,1136.5732981934734,568.2866490967367,,benchmark_ShrakeRupley_256pt_Bondi,,,219,782,geometric_4.5A,,
Rx,71,sre23,rx71_and_sre23_atp,model_1,2,No,,A,B,C,828,119,31,A,B,C:\Users\13441\Desktop\Ranking\Rx\rx71_and_sre23_atp\fold_rx71_and_sre23_atp_model_1.cif,C:\Users\13441\Desktop\Ranking\Rx\rx71_and_sre23_atp\fold_rx71_and_sre23_atp_full_data_1.json,C:\Users\13441\Desktop\Ranking\Rx\rx71_and_sre23_atp\fold_rx71_and_sre23_atp_summary_confidences_1.json,0.49,0.67,0.56,False,0.22,19.79,20.48,0.0,0.0,0.0,0.0,0.0,0.0,0.0,0.0,72.3,71.2,0.0,0.0,0.0,0.0,,,,,,,,,0.22,0.67,True,0.0,0.0,0.0,0.0,0.0,0.0,0.0,0.0969,0.0102,0.0,0,0,0,0,16.03071780312987,14.7,29.4,9.16474861130893,4.6,26.7,27.707324524012506,27.7,19.8,28.992888604717248,29.5,20.5,0.16,0.0004225023342670401,0,0,"194,195,217,225,228,229,232,233,235,236,237,783","23,24,25,26,28,29,58,85,86,88,89,90,91,94,96,111,112",12,17,29,0,2.7471209328568054,,,,1225.1373132810304,612.5686566405152,,benchmark_ShrakeRupley_256pt_Bondi,,,194,783,geometric_4.5A,,
Rx,71,sre23,rx71_and_sre23_atp,model_2,3,No,,A,B,C,828,119,31,A,B,C:\Users\13441\Desktop\Ranking\Rx\rx71_and_sre23_atp\fold_rx71_and_sre23_atp_model_2.cif,C:\Users\13441\Desktop\Ranking\Rx\rx71_and_sre23_atp\fold_rx71_and_sre23_atp_full_data_2.json,C:\Users\13441\Desktop\Ranking\Rx\rx71_and_sre23_atp\fold_rx71_and_sre23_atp_summary_confidences_2.json,0.49,0.67,0.56,False,0.2,20.96,21.05,0.0,0.0,0.0,0.0,0.0,0.0,0.0,0.0,72.1,71.0,0.0,0.0,0.0,0.0,,,,,,,,,0.2,0.67,True,0.0,0.0,0.0,0.0,0.0,0.0,0.0,0.1529,0.0103,0.0,0,0,0,0,16.186604863630254,15.0,29.6,9.09584104828372,4.6,26.3,28.270132545771933,28.4,21.0,29.52519181585678,29.9,21.0,0.16,0.0004225023342670401,0,0,"191,192,193,194,229,232,233,235,236,237,238,262,264,780","23,24,25,26,35,38,44,47,85,86,87,88,89,90,96,108,109,110,111,112",14,20,38,0,1.8778892853738576,,,,1325.9680843098267,662.9840421549134,,benchmark_ShrakeRupley_256pt_Bondi,,,191,780,geometric_4.5A,,
Rx,71,sre23,rx71_and_sre23_atp,model_3,4,No,,A,B,C,828,119,31,A,B,C:\Users\13441\Desktop\Ranking\Rx\rx71_and_sre23_atp\fold_rx71_and_sre23_atp_model_3.cif,C:\Users\13441\Desktop\Ranking\Rx\rx71_and_sre23_atp\fold_rx71_and_sre23_atp_full_data_3.json,C:\Users\13441\Desktop\Ranking\Rx\rx71_and_sre23_atp\fold_rx71_and_sre23_atp_summary_confidences_3.json,0.49,0.67,0.55,False,0.19,23.41,21.31,0.0,0.0,0.0,0.0,0.0,0.0,0.0,0.0,72.5,71.7,0.0,0.0,0.0,0.0,,,,,,,,,0.19,0.67,True,0.0,0.0,0.0,0.0,0.0,0.0,0.0,0.1149,0.0098,0.0,0,0,0,0,16.062975862935122,15.1,29.1,9.167034610454351,4.7,26.1,29.51974586936224,30.0,23.4,29.586896642715057,30.2,21.3,0.16,0.0004225023342670401,0,0,"150,153,154,158,159,160,161,186,187,188,191,192,194,238","25,26,27,28,29,30,31,35,36,37,38,60,61,85,86,87,88,89,90,96",14,20,36,0,1.7958594725290764,,,,1281.5299960616576,640.7649980308288,,benchmark_ShrakeRupley_256pt_Bondi,,,150,238,geometric_4.5A,,
Rx,71,sre23,rx71_and_sre23_atp,model_4,5,No,,A,B,C,828,119,31,A,B,C:\Users\13441\Desktop\Ranking\Rx\rx71_and_sre23_atp\fold_rx71_and_sre23_atp_model_4.cif,C:\Users\13441\Desktop\Ranking\Rx\rx71_and_sre23_atp\fold_rx71_and_sre23_atp_full_data_4.json,C:\Users\13441\Desktop\Ranking\Rx\rx71_and_sre23_atp\fold_rx71_and_sre23_atp_summary_confidences_4.json,0.49,0.67,0.55,False,0.15,24.48,25.6,0.0,0.0,0.0,0.0,0.0,0.0,0.0,0.0,72.5,71.1,0.0,0.0,0.0,0.0,,,,,,,,,0.15,0.67,True,0.0,0.0,0.0,0.0,0.0,0.0,0.0,0.0287,0.0086,0.0,0,0,0,0,15.96927854593461,14.7,29.4,8.969911693490955,4.4,26.3,29.233640847643407,29.3,24.5,29.760486948402548,30.0,25.6,0.16,0.0004225023342670401,0,0,"733,756,757,760,761,780","26,28,29,30,33,38,60,61,85,88,89",6,11,12,0,2.5312584120596258,,,,647.2115387928874,323.6057693964437,,benchmark_ShrakeRupley_256pt_Bondi,,,733,780,geometric_4.5A,,
Rx,72,sre23,rx72_and_sre23_atp,model_0,1,No,,A,B,C,779,119,31,A,B,C:\Users\13441\Desktop\Ranking\Rx\rx72_and_sre23_atp\fold_rx72_and_sre23_atp_model_0.cif,C:\Users\13441\Desktop\Ranking\Rx\rx72_and_sre23_atp\fold_rx72_and_sre23_atp_full_data_0.json,C:\Users\13441\Desktop\Ranking\Rx\rx72_and_sre23_atp\fold_rx72_and_sre23_atp_summary_confidences_0.json,0.5,0.67,0.56,False,0.23,19.98,20.14,0.0,0.0,0.0,0.0,0.0,0.0,0.0,0.0,72.4,70.6,0.0,0.0,0.0,0.0,,,,,,,,,0.23,0.67,True,0.0,0.0,0.0,0.0,0.0,0.0,0.0,0.159,0.0101,0.0,0,0,0,0,15.572926697268596,14.5,28.7,9.782003988035893,5.3,27.4,28.16052254020992,28.4,20.0,28.808675203072244,29.3,20.1,0.24,0.00041337202403426076,0,0,"224,225,227,228,231,232,235,236,254,257,258,259,260,261,262,263,264","25,27,28,29,30,31,33,47,51,59,60,61,84,85,86,87,88,89,96",17,19,41,0,1.9003243872092743,,,,1518.2395875491648,759.1197937745824,,benchmark_ShrakeRupley_256pt_Bondi,,,224,264,geometric_4.5A,,
Rx,72,sre23,rx72_and_sre23_atp,model_1,2,No,,A,B,C,779,119,31,A,B,C:\Users\13441\Desktop\Ranking\Rx\rx72_and_sre23_atp\fold_rx72_and_sre23_atp_model_1.cif,C:\Users\13441\Desktop\Ranking\Rx\rx72_and_sre23_atp\fold_rx72_and_sre23_atp_full_data_1.json,C:\Users\13441\Desktop\Ranking\Rx\rx72_and_sre23_atp\fold_rx72_and_sre23_atp_summary_confidences_1.json,0.48,0.66,0.55,False,0.2,21.1,19.68,0.0,0.0,0.0,0.0,0.0,0.0,0.0,0.0,72.4,70.8,0.0,0.0,0.0,0.0,,,,,,,,,0.2,0.66,True,0.0,0.0,0.0,0.0,0.0,0.0,0.0,0.1024,0.0103,0.0,0,0,0,0,15.527087657698388,14.6,28.3,9.69678108531548,5.2,27.1,28.85205121843346,29.2,21.1,29.163982049816074,29.9,19.7,0.24,0.00041337202403426076,0,0,"153,154,157,158,161,186,188,189,191,192,194,238","26,27,28,29,36,37,38,47,51,60,85,86,87,88,89,90,112",12,17,27,0,2.009561036724499,,,,1193.3189339999922,596.6594669999961,,benchmark_ShrakeRupley_256pt_Bondi,,,153,238,geometric_4.5A,,
Rx,72,sre23,rx72_and_sre23_atp,model_2,3,No,,A,B,C,779,119,31,A,B,C:\Users\13441\Desktop\Ranking\Rx\rx72_and_sre23_atp\fold_rx72_and_sre23_atp_model_2.cif,C:\Users\13441\Desktop\Ranking\Rx\rx72_and_sre23_atp\fold_rx72_and_sre23_atp_full_data_2.json,C:\Users\13441\Desktop\Ranking\Rx\rx72_and_sre23_atp\fold_rx72_and_sre23_atp_summary_confidences_2.json,0.48,0.67,0.54,False,0.21,20.98,19.94,0.0,0.0,0.0,0.0,0.0,0.0,0.0,0.0,72.4,70.8,0.0,0.0,0.0,0.0,,,,,,,,,0.21,0.67,True,0.0,0.0,0.0,0.0,0.0,0.0,0.0,0.0887,0.0101,0.0,0,0,0,0,15.534599760420553,14.5,28.5,9.686924939467312,5.2,27.0,28.813482055209757,29.2,21.0,29.10451775061757,29.9,19.9,0.24,0.00041337202403426076,0,0,"153,154,157,158,159,161,186,187,188,191,192,194,238,264","26,27,28,29,30,35,36,37,47,51,60,85,86,87,88,89,90,96",14,18,30,0,1.8712248795958248,,,,1237.7381776009784,618.8690888004892,,benchmark_ShrakeRupley_256pt_Bondi,,,153,264,geometric_4.5A,,
Rx,72,sre23,rx72_and_sre23_atp,model_3,4,No,,A,B,C,779,119,31,A,B,C:\Users\13441\Desktop\Ranking\Rx\rx72_and_sre23_atp\fold_rx72_and_sre23_atp_model_3.cif,C:\Users\13441\Desktop\Ranking\Rx\rx72_and_sre23_atp\fold_rx72_and_sre23_atp_full_data_3.json,C:\Users\13441\Desktop\Ranking\Rx\rx72_and_sre23_atp\fold_rx72_and_sre23_atp_summary_confidences_3.json,0.48,0.67,0.54,False,0.2,20.99,20.1,0.0,0.0,0.0,0.0,0.0,0.0,0.0,0.0,72.5,70.7,0.0,0.0,0.0,0.0,,,,,,,,,0.2,0.67,True,0.0,0.0,0.0,0.0,0.0,0.0,0.0,0.1018,0.0101,0.0,0,0,0,0,15.580574099679572,14.5,28.7,9.807135735650192,5.3,27.4,28.919914564028435,29.3,21.0,29.259890400319307,30.0,20.1,0.24,0.00041337202403426076,0,0,"153,154,157,158,159,161,186,187,188,189,190,191,192,238,264","26,27,28,29,30,31,35,36,37,47,51,58,60,85,86,87,88,89,90,96",15,20,36,0,1.8248014825536059,,,,1297.4716054657401,648.7358027328701,,benchmark_ShrakeRupley_256pt_Bondi,,,153,264,geometric_4.5A,,
Rx,72,sre23,rx72_and_sre23_atp,model_4,5,No,,A,B,C,779,119,31,A,B,C:\Users\13441\Desktop\Ranking\Rx\rx72_and_sre23_atp\fold_rx72_and_sre23_atp_model_4.cif,C:\Users\13441\Desktop\Ranking\Rx\rx72_and_sre23_atp\fold_rx72_and_sre23_atp_full_data_4.json,C:\Users\13441\Desktop\Ranking\Rx\rx72_and_sre23_atp\fold_rx72_and_sre23_atp_summary_confidences_4.json,0.47,0.66,0.54,False,0.18,21.64,21.44,0.0,0.0,0.0,0.0,0.0,0.0,0.0,0.0,72.1,70.2,0.0,0.0,0.0,0.0,,,,,,,,,0.18,0.66,True,0.0,0.0,0.0,0.0,0.0,0.0,0.0,0.183,0.0096,0.0,0,0,0,0,15.540936405846267,14.5,28.5,9.720623842757442,5.2,27.2,28.9441602571709,29.2,21.6,29.400845729819526,29.8,21.4,0.24,0.00041337202403426076,0,0,"223,224,227,228,231,232,235,253,254,255,256,257,258,259,260,261,262,280,281,282,283","25,26,28,29,30,31,33,47,50,51,55,56,57,58,59,60,61,85,86,87,88,89,112",21,23,47,1,1.4426239711071003,,,,1704.36676878535,852.183384392675,,benchmark_ShrakeRupley_256pt_Bondi,,,223,283,geometric_4.5A,,
Rx,73,sre23,rx73_and_sre23_atp,model_0,1,Partially,,A,B,C,798,119,31,A,B,C:\Users\13441\Desktop\Ranking\Rx\rx73_and_sre23_atp\fold_rx73_and_sre23_atp_model_0.cif,C:\Users\13441\Desktop\Ranking\Rx\rx73_and_sre23_atp\fold_rx73_and_sre23_atp_full_data_0.json,C:\Users\13441\Desktop\Ranking\Rx\rx73_and_sre23_atp\fold_rx73_and_sre23_atp_summary_confidences_0.json,0.53,0.7,0.59,False,0.21,18.24,18.46,0.0,0.0,0.0,0.0,0.0,0.0,0.0,0.0,75.6,71.3,0.0,0.0,0.0,0.0,,,,,,,,,0.21,0.7,True,0.0,0.0,0.0,0.0,0.0,0.0,0.0,0.0889,0.0093,0.0,0,0,0,0,14.354434077665934,13.3,26.6,8.940321891468452,4.1,26.88999999999996,26.82755839177776,26.7,18.2,28.789613740232934,29.3,18.5,0.27,0.0005465344032349783,0,0,"217,218,219,220,229,570,574,577,608,609,612,683,684,707,709,710,731,733,734,755,756,758,759,779,781","23,24,25,26,27,28,29,30,31,32,33,34,35,36,38,39,47,50,51,56,57,58,59,60,61,62,66,67,82,85,86,87,88,89,96,99,108,109,110,111,112",25,41,74,0,1.9274314960622851,,,,2791.041679622958,1395.520839811479,,benchmark_ShrakeRupley_256pt_Bondi,,,217,781,geometric_4.5A,,
Rx,73,sre23,rx73_and_sre23_atp,model_1,2,Partially,,A,B,C,798,119,31,A,B,C:\Users\13441\Desktop\Ranking\Rx\rx73_and_sre23_atp\fold_rx73_and_sre23_atp_model_1.cif,C:\Users\13441\Desktop\Ranking\Rx\rx73_and_sre23_atp\fold_rx73_and_sre23_atp_full_data_1.json,C:\Users\13441\Desktop\Ranking\Rx\rx73_and_sre23_atp\fold_rx73_and_sre23_atp_summary_confidences_1.json,0.52,0.7,0.58,False,0.2,21.43,23.47,0.0,0.0,0.0,0.0,0.0,0.0,0.0,0.0,76.0,71.9,0.0,0.0,0.0,0.0,,,,,,,,,0.2,0.7,True,0.0,0.0,0.0,0.0,0.0,0.0,0.0,0.0877,0.0097,0.0,0,0,0,0,14.124497567633009,13.2,26.3,8.716678535821108,4.0,26.2,27.805634885533163,27.7,21.4,29.27716033781934,29.6,23.5,0.27,0.0005465344032349783,0,0,"194,217,225,228,229,232,233,235,236,237,612,683,684","23,24,25,26,27,28,29,56,58,85,86,88,89,90,94,96,111,112",13,18,30,0,2.0741991231676855,,,,1462.370834065863,731.1854170329315,,benchmark_ShrakeRupley_256pt_Bondi,,,194,684,geometric_4.5A,,
Rx,73,sre23,rx73_and_sre23_atp,model_2,3,Partially,,A,B,C,798,119,31,A,B,C:\Users\13441\Desktop\Ranking\Rx\rx73_and_sre23_atp\fold_rx73_and_sre23_atp_model_2.cif,C:\Users\13441\Desktop\Ranking\Rx\rx73_and_sre23_atp\fold_rx73_and_sre23_atp_full_data_2.json,C:\Users\13441\Desktop\Ranking\Rx\rx73_and_sre23_atp\fold_rx73_and_sre23_atp_summary_confidences_2.json,0.51,0.69,0.57,False,0.17,20.48,19.13,0.0,0.0,0.0,0.0,0.0,0.0,0.0,0.0,75.9,72.2,0.0,0.0,0.0,0.0,,,,,,,,,0.17,0.69,True,0.0,0.0,0.0,0.0,0.0,0.0,0.0,0.1415,0.0092,0.0,0,0,0,0,14.431135712556168,13.6,26.6,8.697400655177324,3.9,26.8,28.879325414376275,29.1,20.5,29.18069543606916,29.7,19.1,0.27,0.0005465344032349783,0,0,"573,576,577,579,580,581,582,583,585,588,589,613,614,616,634,636,637,638,639,640,641,661,662,664,681,683,684,685,686,687,693,710","21,23,24,25,26,28,29,30,31,33,38,44,47,59,60,61,74,75,85,86,87,88,89,90,91,96,99,103,108,109,110,111,112,113,114,115",32,36,85,0,1.8200192215849984,,,,2697.8426127304183,1348.9213063652091,,benchmark_ShrakeRupley_256pt_Bondi,,,573,710,geometric_4.5A,,
Rx,73,sre23,rx73_and_sre23_atp,model_3,4,Partially,,A,B,C,798,119,31,A,B,C:\Users\13441\Desktop\Ranking\Rx\rx73_and_sre23_atp\fold_rx73_and_sre23_atp_model_3.cif,C:\Users\13441\Desktop\Ranking\Rx\rx73_and_sre23_atp\fold_rx73_and_sre23_atp_full_data_3.json,C:\Users\13441\Desktop\Ranking\Rx\rx73_and_sre23_atp\fold_rx73_and_sre23_atp_summary_confidences_3.json,0.5,0.7,0.56,False,0.2,18.98,18.1,0.0,0.0,0.0,0.0,0.0,0.0,0.0,0.0,75.8,71.3,0.0,0.0,0.0,0.0,,,,,,,,,0.2,0.7,True,0.0,0.0,0.0,0.0,0.0,0.0,0.0,0.0926,0.0094,0.0,0,0,0,0,14.239380917790083,13.3,26.4,8.834717276741205,4.1,26.4,27.5109959773383,27.5,19.0,28.80284218950738,29.3,18.1,0.27,0.0005465344032349783,0,0,"217,218,219,220,221,225,229,529,574,577,609,610,611,612,613,614,634,682,683,684,685,686,709,733,734,758,781","23,24,25,26,27,28,29,30,31,33,34,35,37,38,44,47,48,51,52,55,56,57,58,60,61,85,86,87,88,89,90,95,96,112",27,34,70,0,2.065558390599053,,,,2349.0369260185935,1174.5184630092967,,benchmark_ShrakeRupley_256pt_Bondi,,,217,781,geometric_4.5A,,
Rx,73,sre23,rx73_and_sre23_atp,model_4,5,Partially,,A,B,C,798,119,31,A,B,C:\Users\13441\Desktop\Ranking\Rx\rx73_and_sre23_atp\fold_rx73_and_sre23_atp_model_4.cif,C:\Users\13441\Desktop\Ranking\Rx\rx73_and_sre23_atp\fold_rx73_and_sre23_atp_full_data_4.json,C:\Users\13441\Desktop\Ranking\Rx\rx73_and_sre23_atp\fold_rx73_and_sre23_atp_summary_confidences_4.json,0.5,0.69,0.55,False,0.2,19.11,18.94,0.0,0.0,0.0,0.0,0.0,0.0,0.0,0.0,75.6,71.7,0.0,0.0,0.0,0.0,,,,,,,,,0.2,0.69,True,0.0,0.0,0.0,0.0,0.0,0.0,0.0,0.1595,0.0094,0.0,0,0,0,0,14.68352201079864,13.9,26.8,8.808353510895884,4.1,26.5,27.193914407868412,27.1,19.1,28.888205808639242,29.4,18.9,0.27,0.0005465344032349783,0,0,"194,216,217,218,219,220,221,229,233,237,446,448,449,454,574,577,607,608,609,610,612,680,682,683,684,686,707,709,710,730,731,733,755,756,758,759,777,778,779,780,781","23,24,25,26,27,28,29,30,31,32,33,34,36,38,39,40,41,44,58,59,60,61,62,67,68,69,71,78,80,82,85,86,87,88,89,90,96,99,103,106,108,109,110,111,112",41,45,95,1,1.195373393576195,,,,3373.330542167054,1686.665271083527,,benchmark_ShrakeRupley_256pt_Bondi,,,194,781,geometric_4.5A,,
Rx,74,sre23,rx74_and_sre23_atp,model_0,1,No,,A,B,C,944,119,31,A,B,C:\Users\13441\Desktop\Ranking\Rx\rx74_and_sre23_atp\fold_rx74_and_sre23_atp_model_0.cif,C:\Users\13441\Desktop\Ranking\Rx\rx74_and_sre23_atp\fold_rx74_and_sre23_atp_full_data_0.json,C:\Users\13441\Desktop\Ranking\Rx\rx74_and_sre23_atp\fold_rx74_and_sre23_atp_summary_confidences_0.json,0.51,0.67,0.57,False,0.23,21.17,22.26,0.0,0.0,0.0,0.0,0.0,0.0,0.0,0.0,70.5,69.4,0.0,0.0,0.0,0.0,,,,,,,,,0.23,0.67,True,0.0,0.0,0.0,0.0,0.0,0.0,0.0,0.0972,0.0096,0.0,0,0,0,0,17.004978139547422,16.4,29.9,9.071022646346673,4.3,26.6,27.993432203389833,28.2,21.2,29.29600751317476,29.7,22.3,0.14,0.0004894245833926791,0,0,"221,228,229,231,232,233,235,236,237,262,869,871,898,901,903","21,23,24,25,26,44,47,51,85,86,88,89,91,96,109,111,112",15,17,30,0,1.5077691192048541,,,,1417.5306759541581,708.7653379770791,,benchmark_ShrakeRupley_256pt_Bondi,,,221,903,geometric_4.5A,,
Rx,74,sre23,rx74_and_sre23_atp,model_1,2,No,,A,B,C,944,119,31,A,B,C:\Users\13441\Desktop\Ranking\Rx\rx74_and_sre23_atp\fold_rx74_and_sre23_atp_model_1.cif,C:\Users\13441\Desktop\Ranking\Rx\rx74_and_sre23_atp\fold_rx74_and_sre23_atp_full_data_1.json,C:\Users\13441\Desktop\Ranking\Rx\rx74_and_sre23_atp\fold_rx74_and_sre23_atp_summary_confidences_1.json,0.51,0.66,0.56,False,0.22,21.99,22.59,0.0,0.0,0.0,0.0,0.0,0.0,0.0,0.0,70.4,69.9,0.0,0.0,0.0,0.0,,,,,,,,,0.22,0.66,True,0.0,0.0,0.0,0.0,0.0,0.0,0.0,0.0596,0.0095,0.0,0,0,0,0,17.02242628556536,16.5,29.7,9.058075772681955,4.3,26.8,28.63129539951574,28.9,22.0,29.52098703888335,30.0,22.6,0.14,0.0004894245833926791,0,0,"225,228,231,232,235,236,237,262,869,870,871,873,898","23,24,25,26,29,36,37,38,85,86,87,88,89,96,112",13,15,20,0,2.153408199712694,,,,1089.4906516106812,544.7453258053406,,benchmark_ShrakeRupley_256pt_Bondi,,,225,898,geometric_4.5A,,
Rx,74,sre23,rx74_and_sre23_atp,model_2,3,No,,A,B,C,944,119,31,A,B,C:\Users\13441\Desktop\Ranking\Rx\rx74_and_sre23_atp\fold_rx74_and_sre23_atp_model_2.cif,C:\Users\13441\Desktop\Ranking\Rx\rx74_and_sre23_atp\fold_rx74_and_sre23_atp_full_data_2.json,C:\Users\13441\Desktop\Ranking\Rx\rx74_and_sre23_atp\fold_rx74_and_sre23_atp_summary_confidences_2.json,0.49,0.66,0.55,False,0.22,22.36,22.19,0.0,0.0,0.0,0.0,0.0,0.0,0.0,0.0,70.4,69.9,0.0,0.0,0.0,0.0,,,,,,,,,0.22,0.66,True,0.0,0.0,0.0,0.0,0.0,0.0,0.0,0.0685,0.0097,0.0,0,0,0,0,17.07652483958517,16.5,29.9,9.121100982765988,4.4,26.8,28.950914221620856,29.4,22.4,29.644547607178467,30.1,22.2,0.14,0.0004894245833926791,0,0,"224,225,228,231,232,235,257,263","23,24,25,26,29,85,86,87,88,89,90,96,112",8,13,20,0,2.3002159248934246,,,,1016.2765858557647,508.13829292788233,,benchmark_ShrakeRupley_256pt_Bondi,,,224,263,geometric_4.5A,,
Rx,74,sre23,rx74_and_sre23_atp,model_3,4,No,,A,B,C,944,119,31,A,B,C:\Users\13441\Desktop\Ranking\Rx\rx74_and_sre23_atp\fold_rx74_and_sre23_atp_model_3.cif,C:\Users\13441\Desktop\Ranking\Rx\rx74_and_sre23_atp\fold_rx74_and_sre23_atp_full_data_3.json,C:\Users\13441\Desktop\Ranking\Rx\rx74_and_sre23_atp\fold_rx74_and_sre23_atp_summary_confidences_3.json,0.5,0.67,0.55,False,0.26,19.73,20.94,0.0,0.0,0.0,0.0,0.0,0.0,0.0,0.0,70.3,68.8,0.0,0.0,0.0,0.0,,,,,,,,,0.26,0.67,True,0.0,0.0,0.0,0.0,0.0,0.0,0.0,0.101,0.0094,0.0,0,0,0,0,17.114352184697236,16.6,29.8,9.263395527702606,4.4,26.9,26.830513815695774,26.8,19.7,28.687472404215924,28.9,20.9,0.14,0.0004894245833926791,0,0,"217,218,219,221,225,228,229,232,574,610,612,681,682,683,684,685,709,710,712,732,733,735,758,778,781,800,801,826,827,899","23,24,25,26,29,31,33,34,35,36,37,38,39,40,41,47,58,59,60,61,62,87,89,90,96,99,100,103,107,108,109,110,111,112",30,34,74,0,1.7642288158523238,,,,2636.3056259756613,1318.1528129878307,,benchmark_ShrakeRupley_256pt_Bondi,,,217,899,geometric_4.5A,,
Rx,74,sre23,rx74_and_sre23_atp,model_4,5,No,,A,B,C,944,119,31,A,B,C:\Users\13441\Desktop\Ranking\Rx\rx74_and_sre23_atp\fold_rx74_and_sre23_atp_model_4.cif,C:\Users\13441\Desktop\Ranking\Rx\rx74_and_sre23_atp\fold_rx74_and_sre23_atp_full_data_4.json,C:\Users\13441\Desktop\Ranking\Rx\rx74_and_sre23_atp\fold_rx74_and_sre23_atp_summary_confidences_4.json,0.49,0.66,0.54,False,0.21,20.93,22.82,0.0,0.0,0.0,0.0,0.0,0.0,0.0,0.0,70.2,69.2,0.0,0.0,0.0,0.0,,,,,,,,,0.21,0.66,True,0.0,0.0,0.0,0.0,0.0,0.0,0.0,0.0543,0.0089,0.0,0,0,0,0,17.190940493736182,16.8,29.9,9.132417034610453,4.4,26.8,27.759716386554622,27.9,20.9,29.479309393248826,29.7,22.8,0.14,0.0004894245833926791,0,0,"219,220,221,229,573,574,612,613,780,801,803,827,906,907,909,910,912,913,914,915","21,23,24,25,26,27,28,29,30,33,34,37,38,39,44,47,58,61,85,86,88,89,96,103,112",20,25,39,0,1.8571448260044165,,,,1852.1428006232054,926.0714003116027,,benchmark_ShrakeRupley_256pt_Bondi,,,219,915,geometric_4.5A,,
Rx,75,sre23,rx75_and_sre23_atp,model_0,1,No,,A,B,C,784,119,31,A,B,C:\Users\13441\Desktop\Ranking\Rx\rx75_and_sre23_atp\fold_rx75_and_sre23_atp_model_0.cif,C:\Users\13441\Desktop\Ranking\Rx\rx75_and_sre23_atp\fold_rx75_and_sre23_atp_full_data_0.json,C:\Users\13441\Desktop\Ranking\Rx\rx75_and_sre23_atp\fold_rx75_and_sre23_atp_summary_confidences_0.json,0.53,0.68,0.6,False,0.22,18.96,19.3,0.0,0.0,0.0,0.0,0.0,0.0,0.0,0.0,72.2,72.0,0.0,0.0,0.0,0.0,,,,,,,,,0.22,0.68,True,0.0,0.0,0.0,0.0,0.0,0.0,0.0,0.1528,0.0103,0.0,0,0,0,0,15.635027171788256,14.2,29.3,9.149038598490243,4.6,26.3,28.072529368890415,28.3,19.0,28.89269314868805,29.4,19.3,0.31,0.0003458883553421369,1,0,"223,224,225,227,228,231,232,235,236,257,259,260,261,262,263","23,25,26,27,28,29,30,31,35,47,60,61,85,86,87,88,89,96",15,18,43,0,1.854851096415786,,,,1259.4649807892613,629.7324903946306,,benchmark_ShrakeRupley_256pt_Bondi,,,223,263,geometric_4.5A,,
Rx,75,sre23,rx75_and_sre23_atp,model_1,2,No,,A,B,C,784,119,31,A,B,C:\Users\13441\Desktop\Ranking\Rx\rx75_and_sre23_atp\fold_rx75_and_sre23_atp_model_1.cif,C:\Users\13441\Desktop\Ranking\Rx\rx75_and_sre23_atp\fold_rx75_and_sre23_atp_full_data_1.json,C:\Users\13441\Desktop\Ranking\Rx\rx75_and_sre23_atp\fold_rx75_and_sre23_atp_summary_confidences_1.json,0.52,0.68,0.59,False,0.19,21.55,19.78,0.0,0.0,0.0,0.0,0.0,0.0,0.0,0.0,72.4,72.2,0.0,0.0,0.0,0.0,,,,,,,,,0.19,0.68,True,0.0,0.0,0.0,0.0,0.0,0.0,0.0,0.1183,0.0102,0.0,0,0,0,0,15.663506072927253,14.1,29.4,9.086682808716708,4.7,26.1,28.94476719259132,29.3,21.6,29.182141785285545,29.8,19.8,0.31,0.0003458883553421369,1,0,"153,154,157,158,159,161,186,188,189,191,192,194,238,264","23,26,27,28,29,30,31,36,37,38,47,60,85,86,87,88,89,90,96",14,19,34,0,1.8997730984253123,,,,1343.4835629110185,671.7417814555092,,benchmark_ShrakeRupley_256pt_Bondi,,,153,264,geometric_4.5A,,
Rx,75,sre23,rx75_and_sre23_atp,model_2,3,No,,A,B,C,784,119,31,A,B,C:\Users\13441\Desktop\Ranking\Rx\rx75_and_sre23_atp\fold_rx75_and_sre23_atp_model_2.cif,C:\Users\13441\Desktop\Ranking\Rx\rx75_and_sre23_atp\fold_rx75_and_sre23_atp_full_data_2.json,C:\Users\13441\Desktop\Ranking\Rx\rx75_and_sre23_atp\fold_rx75_and_sre23_atp_summary_confidences_2.json,0.54,0.68,0.59,False,0.27,17.58,17.69,0.0,0.0,0.0,0.0,0.0,0.0,0.0,0.0,72.5,72.9,0.0,0.0,0.0,0.0,,,,,,,,,0.27,0.68,True,0.0,0.0,0.0,0.0,0.0,0.0,0.0,0.1254,0.0114,0.0,0,0,0,0,15.623399177678735,14.3,28.9,9.098312206238427,4.6,26.4,27.3789648002058,27.7,17.6,28.070131624078204,28.8,17.7,0.31,0.0003458883553421369,1,0,"224,225,227,228,231,232,235,257,258,261,262,263","23,24,25,28,29,30,47,51,61,85,86,87,88,89,96,112",12,16,30,0,2.2252966996090464,,,,1105.952557845584,552.976278922792,,benchmark_ShrakeRupley_256pt_Bondi,,,224,263,geometric_4.5A,,
Rx,75,sre23,rx75_and_sre23_atp,model_3,4,No,,A,B,C,784,119,31,A,B,C:\Users\13441\Desktop\Ranking\Rx\rx75_and_sre23_atp\fold_rx75_and_sre23_atp_model_3.cif,C:\Users\13441\Desktop\Ranking\Rx\rx75_and_sre23_atp\fold_rx75_and_sre23_atp_full_data_3.json,C:\Users\13441\Desktop\Ranking\Rx\rx75_and_sre23_atp\fold_rx75_and_sre23_atp_summary_confidences_3.json,0.52,0.67,0.58,False,0.26,17.76,17.36,0.0,0.0,0.0,0.0,0.0,0.0,0.0,0.0,72.4,72.4,0.0,0.0,0.0,0.0,,,,,,,,,0.26,0.67,True,0.0,0.0,0.0,0.0,0.0,0.0,0.0,0.1372,0.0108,0.0,0,0,0,0,15.766509304871377,14.6,29.0,9.209763566443527,4.7,26.4,27.568570999828502,27.9,17.8,28.287348868118677,29.0,17.4,0.31,0.0003458883553421369,1,0,"224,225,227,228,231,232,235,236,254,257,258,260,261,262,263","24,25,27,28,29,30,33,47,51,61,85,86,87,88,89,90,96,112",15,18,37,0,1.9828048507536535,,,,1398.9828503720425,699.4914251860213,,benchmark_ShrakeRupley_256pt_Bondi,,,224,263,geometric_4.5A,,
Rx,75,sre23,rx75_and_sre23_atp,model_4,5,No,,A,B,C,784,119,31,A,B,C:\Users\13441\Desktop\Ranking\Rx\rx75_and_sre23_atp\fold_rx75_and_sre23_atp_model_4.cif,C:\Users\13441\Desktop\Ranking\Rx\rx75_and_sre23_atp\fold_rx75_and_sre23_atp_full_data_4.json,C:\Users\13441\Desktop\Ranking\Rx\rx75_and_sre23_atp\fold_rx75_and_sre23_atp_summary_confidences_4.json,0.49,0.68,0.56,False,0.25,18.29,18.72,0.0,0.0,0.0,0.0,0.0,0.0,0.0,0.0,72.4,72.4,0.0,0.0,0.0,0.0,,,,,,,,,0.25,0.68,True,0.0,0.0,0.0,0.0,0.0,0.0,0.0,0.1871,0.0104,0.0,0,0,0,0,15.67885145437485,14.3,29.1,9.137316621563881,4.6,26.5,27.724638784085062,28.0,18.3,28.590167852855426,29.1,18.7,0.31,0.0003458883553421369,1,0,"224,225,227,228,231,232,235,236,252,253,254,256,257,258,259,260,261,262,263,280,282","25,27,28,29,30,31,33,47,50,51,56,57,58,60,61,85,86,88,89,96",21,20,42,0,2.0348885157989054,,,,1576.3409285779553,788.1704642889777,,benchmark_ShrakeRupley_256pt_Bondi,,,224,282,geometric_4.5A,,
Rx,76,sre23,rx76_and_sre23_atp,model_0,1,No,,A,B,C,804,119,31,A,B,C:\Users\13441\Desktop\Ranking\Rx\rx76_and_sre23_atp\fold_rx76_and_sre23_atp_model_0.cif,C:\Users\13441\Desktop\Ranking\Rx\rx76_and_sre23_atp\fold_rx76_and_sre23_atp_full_data_0.json,C:\Users\13441\Desktop\Ranking\Rx\rx76_and_sre23_atp\fold_rx76_and_sre23_atp_summary_confidences_0.json,0.5,0.68,0.57,False,0.28,18.08,17.93,0.0,0.0,0.0,0.0,0.0,0.0,0.0,0.0,72.5,72.4,0.0,0.0,0.0,0.0,,,,,,,,,0.28,0.68,True,0.0,0.0,0.0,0.0,0.0,0.0,0.0,0.1144,0.0117,0.0,0,0,0,0,15.749586593805567,14.7,29.2,8.964186013388407,4.5,26.3,27.436791880931477,27.7,18.1,28.061520130440236,28.7,17.9,0.19,0.0003780467410844935,0,0,"221,228,229,231,232,233,235,236,237,262","23,24,25,26,44,47,85,86,87,88,89,96,109,111,112",10,15,28,0,2.1008065234456748,,,,1098.6930048115764,549.3465024057882,,benchmark_ShrakeRupley_256pt_Bondi,,,221,262,geometric_4.5A,,
Rx,76,sre23,rx76_and_sre23_atp,model_1,2,No,,A,B,C,804,119,31,A,B,C:\Users\13441\Desktop\Ranking\Rx\rx76_and_sre23_atp\fold_rx76_and_sre23_atp_model_1.cif,C:\Users\13441\Desktop\Ranking\Rx\rx76_and_sre23_atp\fold_rx76_and_sre23_atp_full_data_1.json,C:\Users\13441\Desktop\Ranking\Rx\rx76_and_sre23_atp\fold_rx76_and_sre23_atp_summary_confidences_1.json,0.5,0.67,0.56,False,0.25,19.82,19.45,0.0,0.0,0.0,0.0,0.0,0.0,0.0,0.0,72.2,72.0,0.0,0.0,0.0,0.0,,,,,,,,,0.25,0.67,True,0.0,0.0,0.0,0.0,0.0,0.0,0.0,0.151,0.0105,0.0,0,0,0,0,15.97663457308724,15.0,29.4,9.050142429853297,4.6,26.3,28.19580354529872,28.6,19.8,28.641992767256156,29.2,19.5,0.19,0.0003780467410844935,0,0,"224,225,227,228,231,232,235,236,254,257,258,261,262,263","25,29,30,31,47,51,59,61,85,86,87,88,89,90,91,96,112",14,17,34,0,2.1155927881801264,,,,1293.0331780909642,646.5165890454821,,benchmark_ShrakeRupley_256pt_Bondi,,,224,263,geometric_4.5A,,
Rx,76,sre23,rx76_and_sre23_atp,model_2,3,No,,A,B,C,804,119,31,A,B,C:\Users\13441\Desktop\Ranking\Rx\rx76_and_sre23_atp\fold_rx76_and_sre23_atp_model_2.cif,C:\Users\13441\Desktop\Ranking\Rx\rx76_and_sre23_atp\fold_rx76_and_sre23_atp_full_data_2.json,C:\Users\13441\Desktop\Ranking\Rx\rx76_and_sre23_atp\fold_rx76_and_sre23_atp_summary_confidences_2.json,0.49,0.67,0.55,False,0.22,20.22,20.62,0.0,0.0,0.0,0.0,0.0,0.0,0.0,0.0,72.2,71.9,0.0,0.0,0.0,0.0,,,,,,,,,0.22,0.67,True,0.0,0.0,0.0,0.0,0.0,0.0,0.0,0.136,0.0101,0.0,0,0,0,0,15.965676908111993,15.0,29.4,9.091461330294829,4.6,26.8,28.56554099251641,29.0,20.2,28.992070111626738,29.5,20.6,0.19,0.0003780467410844935,0,0,"224,225,227,228,231,232,235,253,254,256,257,258,261,262,263","25,28,29,30,31,33,47,51,57,58,59,61,85,86,88,89,96",15,17,33,0,1.9560506723080648,,,,1439.7876278114725,719.8938139057362,,benchmark_ShrakeRupley_256pt_Bondi,,,224,263,geometric_4.5A,,
Rx,76,sre23,rx76_and_sre23_atp,model_3,4,No,,A,B,C,804,119,31,A,B,C:\Users\13441\Desktop\Ranking\Rx\rx76_and_sre23_atp\fold_rx76_and_sre23_atp_model_3.cif,C:\Users\13441\Desktop\Ranking\Rx\rx76_and_sre23_atp\fold_rx76_and_sre23_atp_full_data_3.json,C:\Users\13441\Desktop\Ranking\Rx\rx76_and_sre23_atp\fold_rx76_and_sre23_atp_summary_confidences_3.json,0.48,0.66,0.55,False,0.19,22.09,19.86,0.0,0.0,0.0,0.0,0.0,0.0,0.0,0.0,72.0,71.6,0.0,0.0,0.0,0.0,,,,,,,,,0.19,0.66,True,0.0,0.0,0.0,0.0,0.0,0.0,0.0,0.117,0.01,0.0,0,0,0,0,15.965582888793886,15.1,29.2,9.043782936903575,4.5,26.7,28.98611354989757,29.3,22.1,29.22683431581588,29.8,19.9,0.19,0.0003780467410844935,0,0,"150,157,158,159,160,161,186,187,188,191,192,238,777","23,24,25,26,27,28,37,38,51,86,88,89,111,112",13,14,25,0,2.5822505618969727,,,,1191.3849793799193,595.6924896899596,,benchmark_ShrakeRupley_256pt_Bondi,,,150,777,geometric_4.5A,,
Rx,76,sre23,rx76_and_sre23_atp,model_4,5,No,,A,B,C,804,119,31,A,B,C:\Users\13441\Desktop\Ranking\Rx\rx76_and_sre23_atp\fold_rx76_and_sre23_atp_model_4.cif,C:\Users\13441\Desktop\Ranking\Rx\rx76_and_sre23_atp\fold_rx76_and_sre23_atp_full_data_4.json,C:\Users\13441\Desktop\Ranking\Rx\rx76_and_sre23_atp\fold_rx76_and_sre23_atp_summary_confidences_4.json,0.48,0.66,0.55,False,0.18,22.6,20.33,0.0,0.0,0.0,0.0,0.0,0.0,0.0,0.0,72.1,71.6,0.0,0.0,0.0,0.0,,,,,,,,,0.18,0.66,True,0.0,0.0,0.0,0.0,0.0,0.0,0.0,0.1117,0.0098,0.0,0,0,0,0,15.985644628662417,15.2,29.2,9.019512889901723,4.5,26.5,29.259079601990052,29.6,22.6,29.46336907897487,30.1,20.3,0.19,0.0003780467410844935,0,0,"153,154,158,161,186,188,191,192,194,238,264","25,26,27,28,29,30,31,38,85,86,87,88,89,90,96,99,112",11,17,24,0,1.7414159461282095,,,,1122.4048822228929,561.2024411114464,,benchmark_ShrakeRupley_256pt_Bondi,,,153,264,geometric_4.5A,,
Rx,187,sre9,rx187_and_sre9_atp,model_0,1,Yes,,A,B,C,903,117,31,A,B,C:\Users\13441\Desktop\Ranking\Rx\rx187_and_sre9_atp\fold_rx187_and_sre9_atp_model_0.cif,C:\Users\13441\Desktop\Ranking\Rx\rx187_and_sre9_atp\fold_rx187_and_sre9_atp_full_data_0.json,C:\Users\13441\Desktop\Ranking\Rx\rx187_and_sre9_atp\fold_rx187_and_sre9_atp_summary_confidences_0.json,0.5,0.65,0.55,False,0.34,14.23,12.91,0.0,0.0,0.0,0.0,0.0,0.0,0.0,0.0,70.6,57.2,0.0,0.0,0.0,0.0,,,,,,,,,0.34,0.65,True,0.0,0.0,0.0,0.0,0.0,0.0,0.0,0.057,0.0098,0.0,0,0,0,0,17.55179384805023,17.5,29.9,14.3143899204244,12.4,29.3,24.60161096440166,24.8,14.2,26.600895400895403,27.5,12.9,0.38,0.0010264928869580033,14,0,"134,136,137,139,185,196,216,217,218,401,403,445,446,447,448,449,454,573,577,583,586,609,610,611,612,613,634,636,659,661,681,683,684,703,705,707,727,728,730,732,733,752,778,779,781,783,803,804,806,809,811,828,829,831,855,880,883","48,49,52,53,56,59,60,62,63,67,70,71,74,75,81,82,83,84,85,86,87,88,89,90,91,93,96,97,99,100,102,104,105,106,107,108,109,110,111,112,114,117",57,42,86,0,1.5486999724334034,,,,4362.415151349488,2181.207575674744,,benchmark_ShrakeRupley_256pt_Bondi,,,134,883,geometric_4.5A,,
Rx,187,sre9,rx187_and_sre9_atp,model_1,2,Yes,,A,B,C,903,117,31,A,B,C:\Users\13441\Desktop\Ranking\Rx\rx187_and_sre9_atp\fold_rx187_and_sre9_atp_model_1.cif,C:\Users\13441\Desktop\Ranking\Rx\rx187_and_sre9_atp\fold_rx187_and_sre9_atp_full_data_1.json,C:\Users\13441\Desktop\Ranking\Rx\rx187_and_sre9_atp\fold_rx187_and_sre9_atp_summary_confidences_1.json,0.49,0.65,0.55,False,0.35,14.34,12.85,0.0,0.0,0.0,0.0,0.0,0.0,0.0,0.0,70.7,57.3,0.0,0.0,0.0,0.0,,,,,,,,,0.35,0.65,True,0.0,0.0,0.0,0.0,0.0,0.0,0.0,0.0642,0.0103,0.0,0,0,0,0,17.755721627587764,17.7,30.1,14.318560271146477,12.4,29.4,24.557401255075675,24.7,14.3,26.59622436134064,27.6,12.8,0.38,0.0010264928869580033,14,0,"216,446,447,448,449,450,451,452,454,577,583,586,609,611,612,613,614,634,636,659,661,681,683,684,702,703,705,707,708,727,728,730,732,733,752,775,776,778,780,783,803,804,806,811,828,829,831,832,855,856","33,47,49,52,53,55,56,59,60,63,66,67,70,71,74,75,78,84,85,86,88,89,90,93,94,97,98,99,100,101,102,104,105,106,107,108,109",50,37,94,0,1.7007750337916492,,,,3988.2254352665664,1994.1127176332832,,benchmark_ShrakeRupley_256pt_Bondi,,,216,856,geometric_4.5A,,
Rx,187,sre9,rx187_and_sre9_atp,model_2,3,Yes,,A,B,C,903,117,31,A,B,C:\Users\13441\Desktop\Ranking\Rx\rx187_and_sre9_atp\fold_rx187_and_sre9_atp_model_2.cif,C:\Users\13441\Desktop\Ranking\Rx\rx187_and_sre9_atp\fold_rx187_and_sre9_atp_full_data_2.json,C:\Users\13441\Desktop\Ranking\Rx\rx187_and_sre9_atp\fold_rx187_and_sre9_atp_summary_confidences_2.json,0.49,0.65,0.55,False,0.35,13.92,13.07,0.0,0.0,0.0,0.0,0.0,0.0,0.0,0.0,70.5,57.7,0.0,0.0,0.0,0.0,,,,,,,,,0.35,0.65,True,0.0,0.0,0.0,0.0,0.0,0.0,0.0,0.0907,0.0099,0.0,0,0,0,0,17.64333350521666,17.6,29.9,14.105496610669023,12.5,28.6,24.211088394809327,24.2,13.9,26.53990780967525,27.5,13.1,0.38,0.0010264928869580033,14,0,"215,216,217,218,229,233,401,403,405,406,409,410,446,447,448,449,454,549,564,569,570,577,578,579,580,583,586,587,604,605,606,607,608,609,610,611,612,614,631,632,633,634,636,656,657,659,661,678,679,681,683,684,702,703,705,707,727,728,730,732,749,752,776,778,780,782,783,806,807,811,812,828,831,856,858","11,47,49,52,53,56,59,60,62,63,64,66,67,70,71,74,75,78,79,81,85,86,87,88,89,90,91,93,94,95,97,98,99,100,102,103,104,105,106,107,108,109,110,111,112,113,114,115,116,117",75,50,122,0,1.7284660723929222,,,,5477.42695303312,2738.71347651656,,benchmark_ShrakeRupley_256pt_Bondi,,,215,858,geometric_4.5A,,
Rx,187,sre9,rx187_and_sre9_atp,model_3,4,Yes,,A,B,C,903,117,31,A,B,C:\Users\13441\Desktop\Ranking\Rx\rx187_and_sre9_atp\fold_rx187_and_sre9_atp_model_3.cif,C:\Users\13441\Desktop\Ranking\Rx\rx187_and_sre9_atp\fold_rx187_and_sre9_atp_full_data_3.json,C:\Users\13441\Desktop\Ranking\Rx\rx187_and_sre9_atp\fold_rx187_and_sre9_atp_summary_confidences_3.json,0.49,0.65,0.55,False,0.34,15.09,13.0,0.0,0.0,0.0,0.0,0.0,0.0,0.0,0.0,70.7,56.7,0.0,0.0,0.0,0.0,,,,,,,,,0.34,0.65,True,0.0,0.0,0.0,0.0,0.0,0.0,0.0,0.0641,0.0097,0.0,0,0,0,0,17.69998379385787,17.6,30.0,14.313461538461537,13.0,28.4,24.54906342580761,24.5,15.1,26.757458992342713,27.6,13.0,0.38,0.0010264928869580033,14,0,"190,215,216,217,218,229,446,449,454,573,577,582,583,586,587,609,611,612,613,614,634,636,657,659,661,679,681,683,684,703,705,707,727,728,730,732,733,749,752,775,776,778,783,804,806,811,812,831,832,834,855,856,860","11,47,49,56,59,60,61,62,63,64,66,67,70,71,74,75,78,81,83,84,85,86,88,89,90,93,94,96,97,99,100,101,102,103,104,105,106,107,108,109,110,111,112,113,115,116,117",53,47,104,2,0.6250635973017028,,,,4783.43590189608,2391.71795094804,,benchmark_ShrakeRupley_256pt_Bondi,,,190,860,geometric_4.5A,,
Rx,187,sre9,rx187_and_sre9_atp,model_4,5,Yes,,A,B,C,903,117,31,A,B,C:\Users\13441\Desktop\Ranking\Rx\rx187_and_sre9_atp\fold_rx187_and_sre9_atp_model_4.cif,C:\Users\13441\Desktop\Ranking\Rx\rx187_and_sre9_atp\fold_rx187_and_sre9_atp_full_data_4.json,C:\Users\13441\Desktop\Ranking\Rx\rx187_and_sre9_atp\fold_rx187_and_sre9_atp_summary_confidences_4.json,0.48,0.65,0.54,False,0.35,13.83,12.69,0.0,0.0,0.0,0.0,0.0,0.0,0.0,0.0,70.8,57.0,0.0,0.0,0.0,0.0,,,,,,,,,0.35,0.65,True,0.0,0.0,0.0,0.0,0.0,0.0,0.0,0.0725,0.01,0.0,0,0,0,0,17.610048667535906,17.5,29.9,14.335772178013556,12.3,28.9,24.563644452016547,24.7,13.8,26.60648739718507,27.5,12.7,0.38,0.0010264928869580033,14,0,"215,216,217,218,219,221,226,229,232,577,583,586,608,609,611,612,634,636,657,659,661,679,681,683,684,702,703,707,727,728,730,732,733,752,776,780,781,782,783,806,807,809,811,831,834,835,836,841,854,856,858,860","29,47,49,53,55,56,59,60,62,63,64,66,70,71,74,75,78,84,86,87,88,89,90,92,93,96,97,98,99,100,101,103,104,105,106,107,108,110,112,113",52,40,88,0,1.6646349570949548,,,,4244.054425849601,2122.0272129248006,,benchmark_ShrakeRupley_256pt_Bondi,,,215,860,geometric_4.5A,,
Rx,188,sre9,rx188_and_sre9_atp,model_0,1,Yes,,A,B,C,876,117,31,A,B,C:\Users\13441\Desktop\Ranking\Rx\rx188_and_sre9_atp\fold_rx188_and_sre9_atp_model_0.cif,C:\Users\13441\Desktop\Ranking\Rx\rx188_and_sre9_atp\fold_rx188_and_sre9_atp_full_data_0.json,C:\Users\13441\Desktop\Ranking\Rx\rx188_and_sre9_atp\fold_rx188_and_sre9_atp_summary_confidences_0.json,0.54,0.69,0.6,False,0.24,16.0,17.85,0.0,0.0,0.0,0.0,0.0,0.0,0.0,0.0,73.3,55.2,0.0,0.0,0.0,0.0,,,,,,,,,0.24,0.69,True,0.0,0.0,0.0,0.0,0.0,0.0,0.0,0.1055,0.0094,0.0,0,0,0,0,15.74880626223092,14.8,29.3,14.954752431476571,14.8,28.2,26.107814268430705,26.5,16.0,29.1325147328572,29.7,17.8,0.38,0.00092270616243219,6,0,"198,199,200,212,213,216,217,218,219,220,221,222,225,229,400,401,402,403,405,406,409,445,446,447,454,522,523,524,527,543,545,546,564,568,577,578,604,606,608,609,610,612,613,656,678,682,683,684,685,686,709,710,733,754,755,757,780,781,815","13,14,16,17,18,20,21,22,25,26,28,29,31,32,38,53,56,57,59,60,61,62,63,64,65,68,89,90,92,96,99,100,101,104,105,106,107,108,109,110,111,112,113,114,115,116,117",59,47,120,0,2.0671159368352727,,,,4814.669841860043,2407.3349209300213,,benchmark_ShrakeRupley_256pt_Bondi,,,198,815,geometric_4.5A,,
Rx,188,sre9,rx188_and_sre9_atp,model_1,2,Yes,,A,B,C,876,117,31,A,B,C:\Users\13441\Desktop\Ranking\Rx\rx188_and_sre9_atp\fold_rx188_and_sre9_atp_model_1.cif,C:\Users\13441\Desktop\Ranking\Rx\rx188_and_sre9_atp\fold_rx188_and_sre9_atp_full_data_1.json,C:\Users\13441\Desktop\Ranking\Rx\rx188_and_sre9_atp\fold_rx188_and_sre9_atp_summary_confidences_1.json,0.53,0.68,0.59,False,0.24,15.61,17.43,0.0,0.0,0.0,0.0,0.0,0.0,0.0,0.0,73.3,56.7,0.0,0.0,0.0,0.0,,,,,,,,,0.24,0.68,True,0.0,0.0,0.0,0.0,0.0,0.0,0.0,0.0814,0.0097,0.0,0,0,0,0,15.885783953033267,15.1,29.4,14.454870321249631,14.0,28.3,26.837370721617294,27.6,15.6,29.4164676267416,29.9,17.4,0.38,0.00092270616243219,6,0,"184,196,216,217,218,220,221,228,229,232,233,237,396,400,401,403,405,406,409,410,446,447,449,454,455,522,523,524,527,543,545,546,564,604,606,609,610,656,657,678,683,685,709,754,778,780,781,815,817,831,833","17,63,64,65,66,67,86,88,90,91,92,94,96,98,99,100,101,102,103,105,106,107,108,109,110,111,112,113,114,115,116,117",51,32,82,0,1.7664344507372272,,,,3685.606398186514,1842.803199093257,,benchmark_ShrakeRupley_256pt_Bondi,,,184,833,geometric_4.5A,,
Rx,188,sre9,rx188_and_sre9_atp,model_2,3,Yes,,A,B,C,876,117,31,A,B,C:\Users\13441\Desktop\Ranking\Rx\rx188_and_sre9_atp\fold_rx188_and_sre9_atp_model_2.cif,C:\Users\13441\Desktop\Ranking\Rx\rx188_and_sre9_atp\fold_rx188_and_sre9_atp_full_data_2.json,C:\Users\13441\Desktop\Ranking\Rx\rx188_and_sre9_atp\fold_rx188_and_sre9_atp_summary_confidences_2.json,0.53,0.69,0.58,False,0.25,15.67,17.18,0.0,0.0,0.0,0.0,0.0,0.0,0.0,0.0,73.2,56.3,0.0,0.0,0.0,0.0,,,,,,,,,0.25,0.69,True,0.0,0.0,0.0,0.0,0.0,0.0,0.0,0.0785,0.0094,0.0,0,0,0,0,16.00619021526419,15.2,29.8,14.496433834364868,14.0,28.2,25.977606057058114,26.4,15.7,29.030161378449048,29.6,17.2,0.38,0.00092270616243219,6,0,"137,190,196,213,216,217,218,221,229,400,401,403,405,406,409,410,446,447,448,449,454,455,522,523,524,525,527,543,545,546,564,577,578,604,606,607,609,610,612,634,656,657,678,680,682,683,684,685,709,710,733,752,757,778,780,781,811,813,816,825,826,827,828,829,831","13,14,17,18,20,21,59,60,61,62,63,64,65,68,74,86,88,89,92,93,94,96,97,99,100,101,102,103,104,106,107,108,109,110,111,112,113,114,115,116,117",65,41,105,1,0.8952324195899735,,,,4584.470612098477,2292.2353060492387,,benchmark_ShrakeRupley_256pt_Bondi,,,137,831,geometric_4.5A,,
Rx,188,sre9,rx188_and_sre9_atp,model_3,4,Yes,,A,B,C,876,117,31,A,B,C:\Users\13441\Desktop\Ranking\Rx\rx188_and_sre9_atp\fold_rx188_and_sre9_atp_model_3.cif,C:\Users\13441\Desktop\Ranking\Rx\rx188_and_sre9_atp\fold_rx188_and_sre9_atp_full_data_3.json,C:\Users\13441\Desktop\Ranking\Rx\rx188_and_sre9_atp\fold_rx188_and_sre9_atp_summary_confidences_3.json,0.53,0.69,0.58,False,0.26,15.53,16.57,0.0,0.0,0.0,0.0,0.0,0.0,0.0,0.0,73.1,55.1,0.0,0.0,0.0,0.0,,,,,,,,,0.26,0.69,True,0.0,0.0,0.0,0.0,0.0,0.0,0.0,0.1068,0.0098,0.0,0,0,0,0,15.966669536855838,15.3,29.5,14.866327733569111,15.3,27.9,25.999912188268354,26.3,15.5,28.953498809663195,29.6,16.6,0.38,0.00092270616243219,6,0,"184,196,198,199,200,215,216,217,218,219,220,221,229,233,396,400,401,402,403,405,406,409,445,446,449,454,455,522,523,524,527,543,545,546,564,568,577,578,604,606,609,610,611,612,656,678,681,683,710,754,757,780,781,814,815,816,831,833","16,18,21,22,24,25,28,29,32,56,57,59,60,61,62,63,64,65,68,87,89,96,97,99,100,101,102,104,106,107,108,109,110,111,112,113,114,115,116,117",58,40,101,0,1.594664020480454,,,,4767.647022982348,2383.823511491174,,benchmark_ShrakeRupley_256pt_Bondi,,,184,833,geometric_4.5A,,
Rx,188,sre9,rx188_and_sre9_atp,model_4,5,Yes,,A,B,C,876,117,31,A,B,C:\Users\13441\Desktop\Ranking\Rx\rx188_and_sre9_atp\fold_rx188_and_sre9_atp_model_4.cif,C:\Users\13441\Desktop\Ranking\Rx\rx188_and_sre9_atp\fold_rx188_and_sre9_atp_full_data_4.json,C:\Users\13441\Desktop\Ranking\Rx\rx188_and_sre9_atp\fold_rx188_and_sre9_atp_summary_confidences_4.json,0.52,0.68,0.58,False,0.23,15.49,17.59,0.0,0.0,0.0,0.0,0.0,0.0,0.0,0.0,73.1,56.6,0.0,0.0,0.0,0.0,,,,,,,,,0.23,0.68,True,0.0,0.0,0.0,0.0,0.0,0.0,0.0,0.0784,0.0097,0.0,0,0,0,0,15.991619699934768,15.1,29.9,14.6325081049219,14.2,28.4,26.713174686804827,27.5,15.5,29.357825000975684,29.9,17.6,0.38,0.00092270616243219,6,0,"198,199,200,209,215,216,217,218,220,399,400,401,403,405,406,409,446,454,522,523,524,527,543,545,546,564,568,577,578,604,606,610,611,678,681,683,710,730,733,752,754,757,778,780,781","17,18,21,59,60,62,64,65,89,90,92,93,96,98,99,100,101,102,103,106,107,108,109,110,111,112,113,114,115,116,117",45,31,70,0,2.0112475704371158,,,,3566.0499334352853,1783.0249667176427,,benchmark_ShrakeRupley_256pt_Bondi,,,198,781,geometric_4.5A,,
Rx,189,sre9,rx189_and_sre9_atp,model_0,1,Yes,,A,B,C,835,117,31,A,B,C:\Users\13441\Desktop\Ranking\Rx\rx189_and_sre9_atp\fold_rx189_and_sre9_atp_model_0.cif,C:\Users\13441\Desktop\Ranking\Rx\rx189_and_sre9_atp\fold_rx189_and_sre9_atp_full_data_0.json,C:\Users\13441\Desktop\Ranking\Rx\rx189_and_sre9_atp\fold_rx189_and_sre9_atp_summary_confidences_0.json,0.53,0.66,0.6,False,0.14,25.48,25.62,0.0,0.0,0.0,0.0,0.0,0.0,0.0,0.0,70.8,56.2,0.0,0.0,0.0,0.0,,,,,,,,,0.14,0.66,True,0.0,0.0,0.0,0.0,0.0,0.0,0.0,0.0398,0.0084,0.0,0,0,0,0,16.513819985927427,15.0,30.1,14.902438844680223,13.4,29.0,29.552614770459083,29.7,25.5,30.463967449715955,30.7,25.6,0.04,0.0006368800859818824,0,0,"216,217,218,229,397,400,401,406,446,454,455,543,568,570,573,577,606,609,657,678,711,712,713,714,715,740,778,779,780,802","15,16,17,18,20,56,60,62,64,65,99,100,102,103,104,105,106,107,108,109,110,111,112,113,114,115,116,117",30,28,51,0,2.2036595151106164,,,,2773.7120949495657,1386.8560474747828,,benchmark_ShrakeRupley_256pt_Bondi,,,216,802,geometric_4.5A,,
Rx,189,sre9,rx189_and_sre9_atp,model_1,2,Yes,,A,B,C,835,117,31,A,B,C:\Users\13441\Desktop\Ranking\Rx\rx189_and_sre9_atp\fold_rx189_and_sre9_atp_model_1.cif,C:\Users\13441\Desktop\Ranking\Rx\rx189_and_sre9_atp\fold_rx189_and_sre9_atp_full_data_1.json,C:\Users\13441\Desktop\Ranking\Rx\rx189_and_sre9_atp\fold_rx189_and_sre9_atp_summary_confidences_1.json,0.53,0.67,0.6,False,0.13,28.12,27.57,0.0,0.0,0.0,0.0,0.0,0.0,0.0,0.0,71.1,56.9,0.0,0.0,0.0,0.0,,,,,,,,,0.13,0.67,True,0.0,0.0,0.0,0.0,0.0,0.0,0.0,0.1064,0.0091,0.0,0,0,0,0,16.30681629546662,14.9,29.6,15.125250515767759,13.6,29.8,30.602312298479962,30.7,28.1,30.805438354061106,31.0,27.6,0.04,0.0006368800859818824,0,0,"21,22,23,27,82,83,86,89,90,93,94,97,98,101","11,71,74,75,78,79,81,82,83,91,94,98",14,12,27,0,2.3756435511675322,,,,1193.9402723045332,596.9701361522666,,benchmark_ShrakeRupley_256pt_Bondi,,,21,101,geometric_4.5A,,
Rx,189,sre9,rx189_and_sre9_atp,model_2,3,Yes,,A,B,C,835,117,31,A,B,C:\Users\13441\Desktop\Ranking\Rx\rx189_and_sre9_atp\fold_rx189_and_sre9_atp_model_2.cif,C:\Users\13441\Desktop\Ranking\Rx\rx189_and_sre9_atp\fold_rx189_and_sre9_atp_full_data_2.json,C:\Users\13441\Desktop\Ranking\Rx\rx189_and_sre9_atp\fold_rx189_and_sre9_atp_summary_confidences_2.json,0.53,0.67,0.59,False,0.14,25.48,25.45,0.0,0.0,0.0,0.0,0.0,0.0,0.0,0.0,71.0,56.6,0.0,0.0,0.0,0.0,,,,,,,,,0.14,0.67,True,0.0,0.0,0.0,0.0,0.0,0.0,0.0,0.0365,0.0088,0.0,0,0,0,0,16.408533293125977,14.8,30.1,15.154347185381667,13.4,30.4,29.79938482010338,29.9,25.5,30.412355801218073,30.7,25.4,0.04,0.0006368800859818824,0,0,"585,586,587,611,612,614,615,616,636,661,708,712","62,63,64,67,68,71,75,88,89,90,93",12,11,22,0,2.3291996307840095,,,,851.0338437339262,425.5169218669631,,benchmark_ShrakeRupley_256pt_Bondi,,,585,712,geometric_4.5A,,
Rx,189,sre9,rx189_and_sre9_atp,model_3,4,Yes,,A,B,C,835,117,31,A,B,C:\Users\13441\Desktop\Ranking\Rx\rx189_and_sre9_atp\fold_rx189_and_sre9_atp_model_3.cif,C:\Users\13441\Desktop\Ranking\Rx\rx189_and_sre9_atp\fold_rx189_and_sre9_atp_full_data_3.json,C:\Users\13441\Desktop\Ranking\Rx\rx189_and_sre9_atp\fold_rx189_and_sre9_atp_summary_confidences_3.json,0.53,0.67,0.58,False,0.15,24.84,23.45,0.0,0.0,0.0,0.0,0.0,0.0,0.0,0.0,70.8,56.3,0.0,0.0,0.0,0.0,,,,,,,,,0.15,0.67,True,0.0,0.0,0.0,0.0,0.0,0.0,0.0,0.0452,0.0086,0.0,0,0,0,0,16.37361191286492,14.9,29.7,15.430039787798409,13.75,30.6,29.261685859051127,29.5,24.8,30.047281846563287,30.4,23.5,0.04,0.0006368800859818824,0,0,"580,582,583,585,587,611,612,613,614,616,636,637,638,661,683,707,710,712,775","1,3,11,14,48,55,63,64,66,67,68,71,72,74,75,84,85,86,87,88,89,90,91,104",19,24,43,0,1.9663731978934633,,,,2111.9536862635873,1055.9768431317937,,benchmark_ShrakeRupley_256pt_Bondi,,,580,775,geometric_4.5A,,
Rx,189,sre9,rx189_and_sre9_atp,model_4,5,Yes,,A,B,C,835,117,31,A,B,C:\Users\13441\Desktop\Ranking\Rx\rx189_and_sre9_atp\fold_rx189_and_sre9_atp_model_4.cif,C:\Users\13441\Desktop\Ranking\Rx\rx189_and_sre9_atp\fold_rx189_and_sre9_atp_full_data_4.json,C:\Users\13441\Desktop\Ranking\Rx\rx189_and_sre9_atp\fold_rx189_and_sre9_atp_summary_confidences_4.json,0.5,0.67,0.57,False,0.12,26.04,24.11,0.0,0.0,0.0,0.0,0.0,0.0,0.0,0.0,71.3,56.5,0.0,0.0,0.0,0.0,,,,,,,,,0.12,0.67,True,0.0,0.0,0.0,0.0,0.0,0.0,0.0,0.0202,0.0082,0.0,0,0,0,0,16.300563908154913,14.9,29.9,14.836368994989686,13.2,29.1,30.501407441527203,30.6,26.0,30.727598137059218,30.9,24.1,0.04,0.0006368800859818824,0,0,"746,768,769,772,775","56,58,59,60,61,63,66,101,104",5,9,11,0,2.088170247669533,,,,573.8831730615042,286.9415865307521,,benchmark_ShrakeRupley_256pt_Bondi,,,746,775,geometric_4.5A,,
Rx,190,sre9,rx190_and_sre9_atp,model_0,1,Yes,,A,B,C,981,117,31,A,B,C:\Users\13441\Desktop\Ranking\Rx\rx190_and_sre9_atp\fold_rx190_and_sre9_atp_model_0.cif,C:\Users\13441\Desktop\Ranking\Rx\rx190_and_sre9_atp\fold_rx190_and_sre9_atp_full_data_0.json,C:\Users\13441\Desktop\Ranking\Rx\rx190_and_sre9_atp\fold_rx190_and_sre9_atp_summary_confidences_0.json,0.48,0.64,0.54,False,0.35,13.47,12.95,0.0,0.0,0.0,0.0,0.0,0.0,0.0,0.0,68.6,53.6,0.0,0.0,0.0,0.0,,,,,,,,,0.35,0.64,True,0.0,0.0,0.0,0.0,0.0,0.0,0.0,0.0863,0.0095,0.0,0,0,0,0,18.5211412760823,19.2,30.2,15.045380194518126,13.3,29.4,25.582865905190065,26.0,13.5,27.63566481089417,28.5,12.9,0.47,0.0009917492180489121,14,0,"184,190,194,195,196,198,200,215,216,217,218,219,220,221,222,225,229,233,237,401,445,446,447,448,454,571,572,573,574,577,608,609,612,634,680,704,706,707,708,709,732,733,756,778,859,860,861,870,872,873,875","3,4,7,11,13,14,46,47,48,56,58,59,60,61,62,63,64,65,66,71,72,75,76,78,79,81,82,83,84,85,89,91,92,93,94,95,96,97,98,99,100,101,103,104,105",51,45,102,1,1.055172864635,,,,4253.011832998287,2126.5059164991435,,benchmark_ShrakeRupley_256pt_Bondi,,,184,875,geometric_4.5A,,
Rx,190,sre9,rx190_and_sre9_atp,model_1,2,Yes,,A,B,C,981,117,31,A,B,C:\Users\13441\Desktop\Ranking\Rx\rx190_and_sre9_atp\fold_rx190_and_sre9_atp_model_1.cif,C:\Users\13441\Desktop\Ranking\Rx\rx190_and_sre9_atp\fold_rx190_and_sre9_atp_full_data_1.json,C:\Users\13441\Desktop\Ranking\Rx\rx190_and_sre9_atp\fold_rx190_and_sre9_atp_summary_confidences_1.json,0.49,0.65,0.54,False,0.31,14.38,14.7,0.0,0.0,0.0,0.0,0.0,0.0,0.0,0.0,69.1,54.4,0.0,0.0,0.0,0.0,,,,,,,,,0.31,0.65,True,0.0,0.0,0.0,0.0,0.0,0.0,0.0,0.0571,0.009,0.0,0,0,0,0,18.120435311739378,18.6,29.8,14.687555260831124,13.0,29.3,25.982413724003937,26.4,14.4,28.337773247253374,29.1,14.7,0.47,0.0009917492180489121,14,0,"132,133,134,135,136,137,184,190,196,217,218,219,221,225,229,309,445,446,447,449,451,454,573,574,577,609,612,634,680,704,706,707,708,709,710,732,733,756,778,794,796,797,821,823,824,843,844,846,850,853,855,857,858,859,860,881,884,885","11,14,16,17,18,58,59,60,61,62,63,64,65,66,71,72,74,75,76,78,79,81,82,83,84,85,87,89,93,94,97,98,99,100,101,102,104,105,106,107,108,109,110,111,112,114,115,116,117",58,49,109,0,2.043805477826216,,,,4843.244919425331,2421.6224597126657,,benchmark_ShrakeRupley_256pt_Bondi,,,132,885,geometric_4.5A,,
Rx,190,sre9,rx190_and_sre9_atp,model_2,3,Yes,,A,B,C,981,117,31,A,B,C:\Users\13441\Desktop\Ranking\Rx\rx190_and_sre9_atp\fold_rx190_and_sre9_atp_model_2.cif,C:\Users\13441\Desktop\Ranking\Rx\rx190_and_sre9_atp\fold_rx190_and_sre9_atp_full_data_2.json,C:\Users\13441\Desktop\Ranking\Rx\rx190_and_sre9_atp\fold_rx190_and_sre9_atp_summary_confidences_2.json,0.47,0.65,0.53,False,0.4,11.62,11.3,0.0378,3.2,0.1,0.0,0.0312,0.0458,5.0,2.0,69.0,56.1,2.0,4.0,2.0,2.0,74.4,70.5,74.4,68.2,"[732,756]","[59-61,63]","[732,756]","[60,63]",0.4,0.65,True,0.0,0.0,0.0,0.0,0.0,0.0,0.0,0.2504,0.0098,0.0312,0,0,0,0,18.481515009673593,19.4,29.9,14.092057176539933,11.4,28.9,24.14433815137179,24.7,11.6,25.933553760770888,26.8,11.3,0.47,0.0009917492180489121,14,0,"136,137,138,139,140,141,181,185,187,190,206,208,209,210,212,215,216,217,218,219,220,221,222,223,225,226,229,230,233,400,401,446,447,448,449,454,505,524,525,526,528,547,568,570,571,572,573,574,575,577,606,607,608,609,610,634,657,680,704,705,706,707,709,732,733,756,778,797,799,824,844,846,850,855,857,859,862,884,885,909,933","3,6,8,9,10,11,13,14,15,23,27,29,30,31,32,33,34,35,36,37,38,39,40,41,42,43,44,45,46,47,48,49,50,51,53,56,58,59,60,61,62,63,64,66,67,68,71,72,73,75,76,78,79,82,83,85,87,88,90,91,93,94,97,98,99,100,101,102,104,105,106,107,108,109",81,74,218,21,0.6547098397106665,,,,6421.666588631359,3210.8332943156797,,benchmark_ShrakeRupley_256pt_Bondi,732,756,136,933,geometric_4.5A,,
Rx,190,sre9,rx190_and_sre9_atp,model_3,4,Yes,,A,B,C,981,117,31,A,B,C:\Users\13441\Desktop\Ranking\Rx\rx190_and_sre9_atp\fold_rx190_and_sre9_atp_model_3.cif,C:\Users\13441\Desktop\Ranking\Rx\rx190_and_sre9_atp\fold_rx190_and_sre9_atp_full_data_3.json,C:\Users\13441\Desktop\Ranking\Rx\rx190_and_sre9_atp\fold_rx190_and_sre9_atp_summary_confidences_3.json,0.46,0.65,0.52,False,0.35,13.61,12.91,0.0,0.0,0.0,0.0,0.0,0.0,0.0,0.0,68.9,53.9,0.0,0.0,0.0,0.0,,,,,,,,,0.35,0.65,True,0.0,0.0,0.0,0.0,0.0,0.0,0.0,0.1077,0.0094,0.0,0,0,0,0,18.224374024839296,18.9,29.8,14.732839669908635,12.7,29.4,25.044163029178318,25.4,13.6,27.368879653589133,28.2,12.9,0.47,0.0009917492180489121,14,0,"136,137,138,139,140,185,186,187,190,208,212,215,216,217,218,219,220,221,225,226,227,229,230,233,237,309,447,448,449,450,451,454,574,577,608,609,612,634,680,704,705,706,707,708,709,732,733,756,778,797,823,853,854,859,862,881,884,885,930,932,934","4,7,11,14,29,33,35,41,42,43,44,45,46,47,48,49,53,56,58,59,60,61,62,63,64,65,66,68,71,72,75,77,78,79,80,81,82,83,84,85,90,91,94,95,96,97,98,99,100,101,102,103,104,105,106,107,108,109,114",61,59,140,5,0.9134086269433368,,,,5253.0866413996055,2626.5433206998027,,benchmark_ShrakeRupley_256pt_Bondi,,,136,934,geometric_4.5A,,
Rx,190,sre9,rx190_and_sre9_atp,model_4,5,Yes,,A,B,C,981,117,31,A,B,C:\Users\13441\Desktop\Ranking\Rx\rx190_and_sre9_atp\fold_rx190_and_sre9_atp_model_4.cif,C:\Users\13441\Desktop\Ranking\Rx\rx190_and_sre9_atp\fold_rx190_and_sre9_atp_full_data_4.json,C:\Users\13441\Desktop\Ranking\Rx\rx190_and_sre9_atp\fold_rx190_and_sre9_atp_summary_confidences_4.json,0.44,0.64,0.5,False,0.4,11.63,11.01,0.0447,3.7,0.2,0.0,0.0368,0.0542,7.0,2.0,68.8,55.9,3.0,5.0,2.0,2.0,74.2,71.3,75.2,69.0,"[732-733,756]","[59-61,63,66]","[732,756]","[60,63]",0.4,0.64,True,0.0,0.0,0.0,0.0,0.0,0.0,0.0,0.2227,0.0096,0.0368,0,0,0,0,18.86139393372028,20.2,30.1,14.519886531093427,12.5,28.7,24.196203072044046,25.1,11.6,25.90251182728247,26.9,11.0,0.47,0.0009917492180489121,14,0,"181,184,185,190,194,195,196,197,198,204,208,209,211,212,213,214,215,216,217,218,219,220,221,222,226,229,233,397,400,401,403,445,446,447,448,449,454,503,505,524,525,526,528,547,568,570,571,572,573,574,606,607,608,609,610,634,657,680,704,705,706,707,732,733,756,778,797,863,864,865,867,868,870,871,872,874,876,884,907,909,915,959,960","9,10,11,13,14,15,26,27,29,30,31,32,33,34,35,36,37,38,39,40,41,42,43,44,46,47,48,49,50,56,58,59,60,61,62,63,64,66,67,68,71,72,75,76,78,79,81,83,85,87,88,89,90,91,92,93,94,97,98,99,100,101,102,103,104,105,106,107,108,110,112,115,116,117",83,74,216,25,0.4129281272832162,,,,6999.411962070109,3499.7059810350547,,benchmark_ShrakeRupley_256pt_Bondi,732,756,181,960,geometric_4.5A,,
Rx,191,sre9,rx191_and_sre9_atp,model_0,1,Yes,,A,B,C,996,117,31,A,B,C:\Users\13441\Desktop\Ranking\Rx\rx191_and_sre9_atp\fold_rx191_and_sre9_atp_model_0.cif,C:\Users\13441\Desktop\Ranking\Rx\rx191_and_sre9_atp\fold_rx191_and_sre9_atp_full_data_0.json,C:\Users\13441\Desktop\Ranking\Rx\rx191_and_sre9_atp\fold_rx191_and_sre9_atp_summary_confidences_0.json,0.56,0.72,0.61,False,0.31,15.07,16.77,0.0,0.0,0.0,0.0,0.0,0.0,0.0,0.0,74.2,53.9,0.0,0.0,0.0,0.0,,,,,,,,,0.31,0.72,True,0.0,0.0,0.0,0.0,0.0,0.0,0.0,0.11,0.01,0.0,0,0,0,0,15.350969203446954,14.3,27.8,15.212282640730916,14.6,28.8,23.786530738337966,23.6,15.1,28.769662410325058,29.2,16.8,0.14,0.0010905159097930183,0,0,"174,275,276,279,286,287,289,290,292,399,401,438,444,446,447,449,451,453,571,572,573,574,577,583,606,608,609,610,612,634,657,681,706,707,728,749,750,768,771,773,796,802,818,819,821,823,840,842,843,845,847,873,874,894,895,897,899,915,917,919,921,923,925,953","21,24,25,27,28,29,31,32,36,37,38,39,56,59,60,61,62,63,64,66,74,85,89,90,91,93,94,97,98,99,100,101,102,105,106,107,108,109,110,111,112,113,114,115,116,117",64,46,113,0,1.9076384877481005,,,,5655.805744509661,2827.9028722548305,,benchmark_ShrakeRupley_256pt_Bondi,,,174,953,geometric_4.5A,,
Rx,191,sre9,rx191_and_sre9_atp,model_1,2,Yes,,A,B,C,996,117,31,A,B,C:\Users\13441\Desktop\Ranking\Rx\rx191_and_sre9_atp\fold_rx191_and_sre9_atp_model_1.cif,C:\Users\13441\Desktop\Ranking\Rx\rx191_and_sre9_atp\fold_rx191_and_sre9_atp_full_data_1.json,C:\Users\13441\Desktop\Ranking\Rx\rx191_and_sre9_atp\fold_rx191_and_sre9_atp_summary_confidences_1.json,0.55,0.72,0.61,False,0.29,14.93,17.33,0.0,0.0,0.0,0.0,0.0,0.0,0.0,0.0,74.1,54.7,0.0,0.0,0.0,0.0,,,,,,,,,0.29,0.72,True,0.0,0.0,0.0,0.0,0.0,0.0,0.0,0.0787,0.0097,0.0,0,0,0,0,15.38100108978628,14.3,27.8,14.919746536987915,14.1,28.5,24.32542735042735,24.3,14.9,28.920474204510352,29.4,17.3,0.14,0.0010905159097930183,0,0,"293,294,295,326,329,399,401,443,445,446,447,449,454,458,459,460,549,570,573,574,577,583,607,608,609,610,611,612,613,634,681,683,684,707,749,750,752,771,773,775,778,799,801,802,821,823,843,847,874,895,897,899,915,917,919,921,923,925,926,929,949,951,973,975","9,21,22,24,25,26,27,28,29,32,38,39,53,54,56,57,59,60,61,62,63,66,75,90,91,92,93,94,95,97,98,100,101,102,104,105,106,108,109,110,112,114,115,116,117",64,45,103,0,2.0001122135154423,,,,5124.158098904371,2562.0790494521857,,benchmark_ShrakeRupley_256pt_Bondi,,,293,975,geometric_4.5A,,
Rx,191,sre9,rx191_and_sre9_atp,model_2,3,Yes,,A,B,C,996,117,31,A,B,C:\Users\13441\Desktop\Ranking\Rx\rx191_and_sre9_atp\fold_rx191_and_sre9_atp_model_2.cif,C:\Users\13441\Desktop\Ranking\Rx\rx191_and_sre9_atp\fold_rx191_and_sre9_atp_full_data_2.json,C:\Users\13441\Desktop\Ranking\Rx\rx191_and_sre9_atp\fold_rx191_and_sre9_atp_summary_confidences_2.json,0.55,0.72,0.6,False,0.29,14.46,17.83,0.0,0.0,0.0,0.0,0.0,0.0,0.0,0.0,74.0,54.8,0.0,0.0,0.0,0.0,,,,,,,,,0.29,0.72,True,0.0,0.0,0.0,0.0,0.0,0.0,0.0,0.0941,0.0096,0.0,0,0,0,0,15.401211781800567,14.4,27.8,14.832021809608017,14.05,28.4,24.354184258401123,24.4,14.5,28.95070796004531,29.4,17.8,0.14,0.0010905159097930183,0,0,"292,293,294,295,298,326,329,330,399,401,443,445,446,447,448,449,454,458,459,460,569,570,571,572,573,574,606,607,608,609,612,657,681,707,728,729,750,769,773,778,799,801,802,821,823,843,845,847,874,876,895,897,899,915,917,919,921,923,925,926,949,953,973","6,10,11,13,14,17,21,22,25,28,29,32,33,57,60,62,63,64,65,74,75,78,81,82,87,88,91,92,93,94,95,97,98,99,100,101,102,104,105,106,108,109,110,111,112,114,115,116,117",63,49,110,0,1.9467278845297493,,,,4962.109556386855,2481.0547781934274,,benchmark_ShrakeRupley_256pt_Bondi,,,292,973,geometric_4.5A,,
Rx,191,sre9,rx191_and_sre9_atp,model_3,4,Yes,,A,B,C,996,117,31,A,B,C:\Users\13441\Desktop\Ranking\Rx\rx191_and_sre9_atp\fold_rx191_and_sre9_atp_model_3.cif,C:\Users\13441\Desktop\Ranking\Rx\rx191_and_sre9_atp\fold_rx191_and_sre9_atp_full_data_3.json,C:\Users\13441\Desktop\Ranking\Rx\rx191_and_sre9_atp\fold_rx191_and_sre9_atp_summary_confidences_3.json,0.54,0.72,0.59,False,0.32,14.95,17.29,0.0,0.0,0.0,0.0,0.0,0.0,0.0,0.0,74.3,54.7,0.0,0.0,0.0,0.0,,,,,,,,,0.32,0.72,True,0.0,0.0,0.0,0.0,0.0,0.0,0.0,0.1129,0.0099,0.0,0,0,0,0,15.31755625517144,14.3,27.7,14.757957559681698,14.0,28.4,23.650577523770295,23.4,15.0,28.48534651426218,29.0,17.3,0.14,0.0010905159097930183,0,0,"148,151,174,279,286,287,288,289,290,291,292,401,437,438,443,444,445,446,447,448,449,573,574,577,608,609,610,611,612,634,661,681,683,684,706,707,728,729,731,750,819,821,823,824,842,843,845,847,848,873,874,876,878,879,894,895,897,899,900,914,915,917,919,921,923,925,926,929,931,949","5,6,7,9,10,12,24,25,27,28,29,30,31,32,33,38,39,49,53,56,57,59,60,63,66,67,74,84,85,88,90,91,92,93,94,95,97,98,99,101,102,105,106,107,108,109,110,111,112,113,114,115,116,117",70,54,143,1,1.1855354007503978,,,,6059.73924007744,3029.86962003872,,benchmark_ShrakeRupley_256pt_Bondi,,,148,949,geometric_4.5A,,
Rx,191,sre9,rx191_and_sre9_atp,model_4,5,Yes,,A,B,C,996,117,31,A,B,C:\Users\13441\Desktop\Ranking\Rx\rx191_and_sre9_atp\fold_rx191_and_sre9_atp_model_4.cif,C:\Users\13441\Desktop\Ranking\Rx\rx191_and_sre9_atp\fold_rx191_and_sre9_atp_full_data_4.json,C:\Users\13441\Desktop\Ranking\Rx\rx191_and_sre9_atp\fold_rx191_and_sre9_atp_summary_confidences_4.json,0.53,0.72,0.59,False,0.28,16.33,17.81,0.0,0.0,0.0,0.0,0.0,0.0,0.0,0.0,74.2,53.9,0.0,0.0,0.0,0.0,,,,,,,,,0.28,0.72,True,0.0,0.0,0.0,0.0,0.0,0.0,0.0,0.1079,0.0095,0.0,0,0,0,0,15.380231680490809,14.3,27.8,14.540259357500734,13.6,28.2,24.525579240037068,24.4,16.3,29.18888888888889,29.6,17.8,0.14,0.0010905159097930183,0,0,"275,279,289,291,292,293,294,295,296,326,329,330,399,400,401,434,437,438,443,444,445,446,447,449,451,454,570,573,577,606,608,609,610,611,612,634,657,679,681,684,704,706,707,728,747,750,752,768,769,771,773,778,796,816,818,819,823,840,842,843,873,874,894,895,897,914,915,921,922,923,926,948,949,951,953,972,973,975,979","4,6,9,10,11,12,13,14,17,20,21,24,27,28,29,31,33,38,49,53,60,62,64,71,75,76,78,79,87,89,93,96,97,99,100,102,104,106,107,108,109,110,111,112,113,114,115,116,117",79,49,126,0,1.5659484380271977,,,,6017.936467009255,3008.9682335046273,,benchmark_ShrakeRupley_256pt_Bondi,,,275,979,geometric_4.5A,,
Rx,WT,pvxcp,rxwt_and_pvxcp_atp,model_0,1,Yes,,A,B,C,948,155,31,A,B,C:\Users\13441\Desktop\Ranking\Rx\rxwt_and_pvxcp_atp\fold_rxwt_and_pvxcp_atp_model_0.cif,C:\Users\13441\Desktop\Ranking\Rx\rxwt_and_pvxcp_atp\fold_rxwt_and_pvxcp_atp_full_data_0.json,C:\Users\13441\Desktop\Ranking\Rx\rxwt_and_pvxcp_atp\fold_rxwt_and_pvxcp_atp_summary_confidences_0.json,0.5,0.72,0.56,False,0.25,13.81,20.71,0.0,0.0,0.0,0.0,0.0,0.0,0.0,0.0,79.1,56.0,0.0,0.0,0.0,0.0,,,,,,,,,0.25,0.72,True,0.0,0.0,0.0,0.0,0.0,0.0,0.0,0.0928,0.0094,0.0,0,0,0,0,14.231004526842481,13.6,26.0,17.319761206535404,20.3,28.6,25.97076289642031,26.6,13.8,30.012983530692804,30.5,20.7,0.11,0.0004512726282836532,0,0,"358,492,588,607,630,631,632,653,654,655,673,697,698,725,727,730,752,753,754,755,801,833,856,881,917,921,923,924,926,939,941,942,943,944,945,946","1,2,3,4,5,6,7,8,11,28,32,35,38,39,41,43,44,45,46,48,49,56,60,68,69,70,71,72,74,75,77,78,80,83,101,104,146",36,37,67,0,1.6907873527962964,,,,3221.2954531687274,1610.6477265843637,,benchmark_ShrakeRupley_256pt_Bondi,,,358,946,geometric_4.5A,,
Rx,WT,pvxcp,rxwt_and_pvxcp_atp,model_1,2,Yes,,A,B,C,948,155,31,A,B,C:\Users\13441\Desktop\Ranking\Rx\rxwt_and_pvxcp_atp\fold_rxwt_and_pvxcp_atp_model_1.cif,C:\Users\13441\Desktop\Ranking\Rx\rxwt_and_pvxcp_atp\fold_rxwt_and_pvxcp_atp_full_data_1.json,C:\Users\13441\Desktop\Ranking\Rx\rxwt_and_pvxcp_atp\fold_rxwt_and_pvxcp_atp_summary_confidences_1.json,0.49,0.72,0.56,False,0.27,13.85,19.58,0.0,0.0,0.0,0.0,0.0,0.0,0.0,0.0,78.8,56.1,0.0,0.0,0.0,0.0,,,,,,,,,0.27,0.72,True,0.0,0.0,0.0,0.0,0.0,0.0,0.0,0.098,0.0101,0.0,0,0,0,0,14.314131233876465,13.6,26.4,17.294625052366985,19.9,28.6,25.327852865115013,25.9,13.9,29.728522526201168,30.2,19.6,0.11,0.0004512726282836532,0,0,"445,497,565,586,607,608,630,654,699,701,727,729,730,752,753,754,755,777,803,809,833,856,881,917,919,920,922,923,924,925,926,927,928","7,8,10,11,14,38,40,41,42,43,52,56,66,68,70,72,73,74,75,77,78,79,83,86,90,104,107,112,139",33,29,60,1,0.725050321313975,,,,2754.868439331729,1377.4342196658645,,benchmark_ShrakeRupley_256pt_Bondi,,,445,928,geometric_4.5A,,
Rx,WT,pvxcp,rxwt_and_pvxcp_atp,model_2,3,Yes,,A,B,C,948,155,31,A,B,C:\Users\13441\Desktop\Ranking\Rx\rxwt_and_pvxcp_atp\fold_rxwt_and_pvxcp_atp_model_2.cif,C:\Users\13441\Desktop\Ranking\Rx\rxwt_and_pvxcp_atp\fold_rxwt_and_pvxcp_atp_full_data_2.json,C:\Users\13441\Desktop\Ranking\Rx\rxwt_and_pvxcp_atp\fold_rxwt_and_pvxcp_atp_summary_confidences_2.json,0.48,0.72,0.56,False,0.27,13.78,19.59,0.0,0.0,0.0,0.0,0.0,0.0,0.0,0.0,78.8,55.9,0.0,0.0,0.0,0.0,,,,,,,,,0.27,0.72,True,0.0,0.0,0.0,0.0,0.0,0.0,0.0,0.0805,0.0104,0.0,0,0,0,0,14.437297105226811,13.8,26.4,17.3362086300796,20.1,28.5,25.362430243636858,26.0,13.8,29.789273172723558,30.2,19.6,0.11,0.0004512726282836532,0,0,"445,497,564,569,585,586,588,607,654,699,701,727,728,729,730,731,752,753,754,755,756,775,777,801,803,808,833,856,881,917,919,920,923,925,926","37,38,39,40,41,42,43,44,45,47,49,56,66,68,70,72,73,74,75,77,78,79,83,90,104,107,108,111,112,139,146",35,31,59,2,1.1474221094029353,,,,2459.468345291898,1229.734172645949,,benchmark_ShrakeRupley_256pt_Bondi,,,445,926,geometric_4.5A,,
Rx,WT,pvxcp,rxwt_and_pvxcp_atp,model_3,4,Yes,,A,B,C,948,155,31,A,B,C:\Users\13441\Desktop\Ranking\Rx\rxwt_and_pvxcp_atp\fold_rxwt_and_pvxcp_atp_model_3.cif,C:\Users\13441\Desktop\Ranking\Rx\rxwt_and_pvxcp_atp\fold_rxwt_and_pvxcp_atp_full_data_3.json,C:\Users\13441\Desktop\Ranking\Rx\rxwt_and_pvxcp_atp\fold_rxwt_and_pvxcp_atp_summary_confidences_3.json,0.47,0.72,0.55,False,0.26,13.73,18.04,0.0,0.0,0.0,0.0,0.0,0.0,0.0,0.0,78.7,55.5,0.0,0.0,0.0,0.0,,,,,,,,,0.26,0.72,True,0.0,0.0,0.0,0.0,0.0,0.0,0.0,0.0935,0.0107,0.0,0,0,0,0,14.329778358484933,13.7,26.2,18.18719731881022,21.4,29.7,25.611648972369675,26.2,13.7,29.78372737171635,30.2,18.0,0.11,0.0004512726282836532,0,0,"445,492,497,564,565,569,586,588,607,654,699,701,727,729,730,752,753,754,755,803,809,856,881,885,917,920,923,925,926,927","30,34,40,41,42,43,48,49,52,56,66,68,70,72,73,74,75,77,78,79,80,83,101,104,139,142,146",30,27,51,0,1.7828889894618474,,,,2394.0300649663122,1197.0150324831561,,benchmark_ShrakeRupley_256pt_Bondi,,,445,927,geometric_4.5A,,
Rx,WT,pvxcp,rxwt_and_pvxcp_atp,model_4,5,Yes,,A,B,C,948,155,31,A,B,C:\Users\13441\Desktop\Ranking\Rx\rxwt_and_pvxcp_atp\fold_rxwt_and_pvxcp_atp_model_4.cif,C:\Users\13441\Desktop\Ranking\Rx\rxwt_and_pvxcp_atp\fold_rxwt_and_pvxcp_atp_full_data_4.json,C:\Users\13441\Desktop\Ranking\Rx\rxwt_and_pvxcp_atp\fold_rxwt_and_pvxcp_atp_summary_confidences_4.json,0.48,0.71,0.55,False,0.25,14.58,21.65,0.0,0.0,0.0,0.0,0.0,0.0,0.0,0.0,78.5,56.4,0.0,0.0,0.0,0.0,,,,,,,,,0.25,0.71,True,0.0,0.0,0.0,0.0,0.0,0.0,0.0,0.1094,0.0099,0.0,0,0,0,0,14.463040737126793,13.9,26.5,16.87583158776707,19.5,27.7,25.625103443582415,26.1,14.6,29.94885463454472,30.3,21.7,0.11,0.0004512726282836532,0,0,"365,441,442,443,445,492,585,588,607,608,609,610,631,633,697,725,727,729,748,754,755,799,803,808,809,831,833,854,856,881,885,889,917,918,919,920,921,922,923,925,926,927","11,36,41,46,49,66,68,69,70,72,73,74,75,77,78,79,80,82,83,86,89,90,91,123,124,127,130,133,134,136,137,144",42,32,61,0,1.6997222749742993,,,,3065.883903104784,1532.941951552392,,benchmark_ShrakeRupley_256pt_Bondi,,,365,927,geometric_4.5A,,
Sr35,52,sre19,sr35_52_and_sre19_atp,model_0,1,Partially,,A,B,C,877,74,31,A,B,C:\Users\13441\Desktop\Ranking\Sr35\sr35_52_and_sre19_atp\fold_sr35_52_and_sre19_atp_model_0.cif,C:\Users\13441\Desktop\Ranking\Sr35\sr35_52_and_sre19_atp\fold_sr35_52_and_sre19_atp_full_data_0.json,C:\Users\13441\Desktop\Ranking\Sr35\sr35_52_and_sre19_atp\fold_sr35_52_and_sre19_atp_summary_confidences_0.json,0.51,0.67,0.57,False,0.23,19.1,21.29,0.0,0.0,0.0,0.0,0.0,0.0,0.0,0.0,71.5,35.5,0.0,0.0,0.0,0.0,,,,,,,,,0.23,0.67,True,0.0,0.0,0.0,0.0,0.0,0.0,0.0,0.0295,0.009,0.0,0,0,0,0,17.585251844446876,17.3,29.9,16.478952239911145,18.3,23.3,26.254921569231715,26.4,19.1,29.88705815279361,30.3,21.3,0.28,0.0007769114610619742,0,0,"442,497,585,607,608,629,630,631,632,653,654,672,673,677,678,703,705,706,708,727,729,774,775,777","32,35,37,38,40,41,43,46,47,50,69,73,74",24,13,32,2,1.0966729048313895,,,,1419.7930693599483,709.8965346799741,,benchmark_ShrakeRupley_256pt_Bondi,,,442,777,geometric_4.5A,,
Sr35,52,sre19,sr35_52_and_sre19_atp,model_1,2,Partially,,A,B,C,877,74,31,A,B,C:\Users\13441\Desktop\Ranking\Sr35\sr35_52_and_sre19_atp\fold_sr35_52_and_sre19_atp_model_1.cif,C:\Users\13441\Desktop\Ranking\Sr35\sr35_52_and_sre19_atp\fold_sr35_52_and_sre19_atp_full_data_1.json,C:\Users\13441\Desktop\Ranking\Sr35\sr35_52_and_sre19_atp\fold_sr35_52_and_sre19_atp_summary_confidences_1.json,0.52,0.67,0.57,False,0.25,16.41,18.09,0.0,0.0,0.0,0.0,0.0,0.0,0.0,0.0,72.1,34.1,0.0,0.0,0.0,0.0,,,,,,,,,0.25,0.67,True,0.0,0.0,0.0,0.0,0.0,0.0,0.0,0.0346,0.0094,0.0,0,0,0,0,17.3292000541489,16.8,29.9,18.02054794520548,19.6,25.3,25.9159619710931,25.9,16.4,29.96243489783969,30.5,18.1,0.28,0.0007769114610619742,0,0,"492,497,654,677,678,700,701,703,705,722,723,725,747,748,750,767,769,770,772,792,793,795,828,833","4,5,7,8,9,11,12,16,19,20,22,23,24,25,46,47,48,74",24,18,45,0,2.421878543856542,,,,1954.3997516332229,977.1998758166114,,benchmark_ShrakeRupley_256pt_Bondi,,,492,833,geometric_4.5A,,
Sr35,52,sre19,sr35_52_and_sre19_atp,model_2,3,Partially,,A,B,C,877,74,31,A,B,C:\Users\13441\Desktop\Ranking\Sr35\sr35_52_and_sre19_atp\fold_sr35_52_and_sre19_atp_model_2.cif,C:\Users\13441\Desktop\Ranking\Sr35\sr35_52_and_sre19_atp\fold_sr35_52_and_sre19_atp_full_data_2.json,C:\Users\13441\Desktop\Ranking\Sr35\sr35_52_and_sre19_atp\fold_sr35_52_and_sre19_atp_summary_confidences_2.json,0.49,0.67,0.56,False,0.28,16.26,16.96,0.0,0.0,0.0,0.0,0.0,0.0,0.0,0.0,71.8,39.9,0.0,0.0,0.0,0.0,,,,,,,,,0.28,0.67,True,0.0,0.0,0.0,0.0,0.0,0.0,0.0,0.048,0.0094,0.0,0,0,0,0,17.5370071278695,17.1,29.9,15.64270640503517,16.9,23.0,25.13115658417825,25.1,16.3,29.25193842645382,29.9,17.0,0.28,0.0007769114610619742,0,0,"443,585,586,588,607,608,610,630,631,632,633,634,653,654,655,656,675,676,677,678,700,701,703,720,722,723,747,748,769,770,792,793,824,838,840,841,844,856,859","2,4,5,8,9,10,11,12,13,16,17,19,20,21,23,24,25,26,27,36,43,44,45,58,62,63,65,67,69,71,73,74",39,32,73,0,1.5725614536116783,,,,3252.3037286053905,1626.1518643026952,,benchmark_ShrakeRupley_256pt_Bondi,,,443,859,geometric_4.5A,,
Sr35,52,sre19,sr35_52_and_sre19_atp,model_3,4,Partially,,A,B,C,877,74,31,A,B,C:\Users\13441\Desktop\Ranking\Sr35\sr35_52_and_sre19_atp\fold_sr35_52_and_sre19_atp_model_3.cif,C:\Users\13441\Desktop\Ranking\Sr35\sr35_52_and_sre19_atp\fold_sr35_52_and_sre19_atp_full_data_3.json,C:\Users\13441\Desktop\Ranking\Sr35\sr35_52_and_sre19_atp\fold_sr35_52_and_sre19_atp_summary_confidences_3.json,0.51,0.66,0.56,False,0.23,19.13,21.52,0.0,0.0,0.0,0.0,0.0,0.0,0.0,0.0,71.7,36.1,0.0,0.0,0.0,0.0,,,,,,,,,0.23,0.66,True,0.0,0.0,0.0,0.0,0.0,0.0,0.0,0.0312,0.0093,0.0,0,0,0,0,17.53315956222698,17.2,29.8,17.039263235838575,18.6,24.3,26.483164350211098,26.6,19.1,30.05856729020925,30.5,21.5,0.28,0.0007769114610619742,0,0,"588,610,632,635,653,654,655,673,705,706,708,729,774,775,798","1,37,39,48,50,61,68,69,70",15,9,21,0,2.212286961689395,,,,941.3463220303163,470.67316101515814,,benchmark_ShrakeRupley_256pt_Bondi,,,588,798,geometric_4.5A,,
Sr35,52,sre19,sr35_52_and_sre19_atp,model_4,5,Partially,,A,B,C,877,74,31,A,B,C:\Users\13441\Desktop\Ranking\Sr35\sr35_52_and_sre19_atp\fold_sr35_52_and_sre19_atp_model_4.cif,C:\Users\13441\Desktop\Ranking\Sr35\sr35_52_and_sre19_atp\fold_sr35_52_and_sre19_atp_full_data_4.json,C:\Users\13441\Desktop\Ranking\Sr35\sr35_52_and_sre19_atp\fold_sr35_52_and_sre19_atp_summary_confidences_4.json,0.51,0.67,0.56,False,0.28,16.37,17.83,0.0,0.0,0.0,0.0,0.0,0.0,0.0,0.0,72.0,38.1,0.0,0.0,0.0,0.0,,,,,,,,,0.28,0.67,True,0.0,0.0,0.0,0.0,0.0,0.0,0.0,0.042,0.01,0.0,0,0,0,0,17.417709944132916,17.0,29.9,17.0622547204739,18.6,24.2,25.106325310487225,25.0,16.4,29.608910906345344,30.2,17.8,0.28,0.0007769114610619742,0,0,"635,654,655,673,674,675,676,677,700,701,703,722,723,725,747,748,769,770,792,793,795,852","4,5,8,9,11,12,16,19,20,23,24,25,26,31,35,50",22,16,39,0,2.4425518123526624,,,,1886.3256897974911,943.1628448987456,,benchmark_ShrakeRupley_256pt_Bondi,,,635,852,geometric_4.5A,,
Sr35,53,sre19,sr35_53_and_sre19_atp,model_0,1,Yes,,A,B,C,845,74,31,A,B,C:\Users\13441\Desktop\Ranking\Sr35\sr35_53_and_sre19_atp\fold_sr35_53_and_sre19_atp_model_0.cif,C:\Users\13441\Desktop\Ranking\Sr35\sr35_53_and_sre19_atp\fold_sr35_53_and_sre19_atp_full_data_0.json,C:\Users\13441\Desktop\Ranking\Sr35\sr35_53_and_sre19_atp\fold_sr35_53_and_sre19_atp_summary_confidences_0.json,0.54,0.69,0.6,False,0.18,21.5,23.35,0.0,0.0,0.0,0.0,0.0,0.0,0.0,0.0,72.8,32.5,0.0,0.0,0.0,0.0,,,,,,,,,0.18,0.69,True,0.0,0.0,0.0,0.0,0.0,0.0,0.0,0.0346,0.0084,0.0,0,0,0,0,16.161505230096186,15.4,28.6,18.947889670492412,21.0,26.7,28.774340316648008,28.9,21.5,30.16087158164081,30.6,23.3,0.1,0.0010817207740284663,0,0,"317,322,323,324,466,470,471,473,474,481,494,495,743,768,773,781,784,785,786,788,791,792,793,794,795,796,797,798,799,801,802,804,805,806,808","2,5,9,10,12,13,15,16,18,19,20,22,40,42,44,54,60,61,62,64,65,66,67,68,70",35,25,51,0,2.0587620312579493,,,,2584.9296739637357,1292.4648369818678,,benchmark_ShrakeRupley_256pt_Bondi,,,317,808,geometric_4.5A,,
Sr35,53,sre19,sr35_53_and_sre19_atp,model_1,2,Yes,,A,B,C,845,74,31,A,B,C:\Users\13441\Desktop\Ranking\Sr35\sr35_53_and_sre19_atp\fold_sr35_53_and_sre19_atp_model_1.cif,C:\Users\13441\Desktop\Ranking\Sr35\sr35_53_and_sre19_atp\fold_sr35_53_and_sre19_atp_full_data_1.json,C:\Users\13441\Desktop\Ranking\Sr35\sr35_53_and_sre19_atp\fold_sr35_53_and_sre19_atp_summary_confidences_1.json,0.53,0.68,0.59,False,0.22,20.77,21.47,0.0,0.0,0.0,0.0,0.0,0.0,0.0,0.0,72.4,35.5,0.0,0.0,0.0,0.0,,,,,,,,,0.22,0.68,True,0.0,0.0,0.0,0.0,0.0,0.0,0.0,0.0522,0.0094,0.0,0,0,0,0,16.489389775372278,15.9,29.0,16.911329137356535,18.6,24.2,26.766345754038063,26.7,20.8,29.876729569806493,30.3,21.5,0.1,0.0010817207740284663,0,0,"443,492,497,586,588,607,608,610,630,631,632,633,653,654,655,673,702,703,726,748,749,751,774,800","4,5,8,11,12,20,23,24,26,27,28,30,31,33,44,47,48,51",24,18,39,0,2.5308892643126852,,,,1767.0313713182506,883.5156856591253,,benchmark_ShrakeRupley_256pt_Bondi,,,443,800,geometric_4.5A,,
Sr35,53,sre19,sr35_53_and_sre19_atp,model_2,3,Yes,,A,B,C,845,74,31,A,B,C:\Users\13441\Desktop\Ranking\Sr35\sr35_53_and_sre19_atp\fold_sr35_53_and_sre19_atp_model_2.cif,C:\Users\13441\Desktop\Ranking\Sr35\sr35_53_and_sre19_atp\fold_sr35_53_and_sre19_atp_full_data_2.json,C:\Users\13441\Desktop\Ranking\Sr35\sr35_53_and_sre19_atp\fold_sr35_53_and_sre19_atp_summary_confidences_2.json,0.54,0.69,0.58,False,0.2,20.72,22.72,0.0,0.0,0.0,0.0,0.0,0.0,0.0,0.0,72.5,33.5,0.0,0.0,0.0,0.0,,,,,,,,,0.2,0.69,True,0.0,0.0,0.0,0.0,0.0,0.0,0.0,0.0336,0.0087,0.0,0,0,0,0,16.30131677837292,15.6,28.7,17.49564975934839,19.6,24.3,27.43399008475932,27.7,20.7,30.057190148728612,30.4,22.7,0.1,0.0010817207740284663,0,0,"441,442,564,585,586,588,607,609,610,630,631,632,633,653,654,655,673,702,703,726,820,822,823,824,827,839","4,8,9,12,13,14,15,16,18,19,20,23,27,41,43,65,67,69,71,72,73,74",26,22,43,0,1.9739586148561514,,,,2110.0160353634083,1055.0080176817041,,benchmark_ShrakeRupley_256pt_Bondi,,,441,839,geometric_4.5A,,
Sr35,53,sre19,sr35_53_and_sre19_atp,model_3,4,Yes,,A,B,C,845,74,31,A,B,C:\Users\13441\Desktop\Ranking\Sr35\sr35_53_and_sre19_atp\fold_sr35_53_and_sre19_atp_model_3.cif,C:\Users\13441\Desktop\Ranking\Sr35\sr35_53_and_sre19_atp\fold_sr35_53_and_sre19_atp_full_data_3.json,C:\Users\13441\Desktop\Ranking\Sr35\sr35_53_and_sre19_atp\fold_sr35_53_and_sre19_atp_summary_confidences_3.json,0.53,0.68,0.58,False,0.21,21.28,22.34,0.0,0.0,0.0,0.0,0.0,0.0,0.0,0.0,72.5,34.4,0.0,0.0,0.0,0.0,,,,,,,,,0.21,0.68,True,0.0,0.0,0.0,0.0,0.0,0.0,0.0,0.0322,0.0089,0.0,0,0,0,0,16.518105387139293,15.9,29.1,17.540929285449835,19.6,24.7,26.939192387653925,27.0,21.3,29.96325283863745,30.3,22.3,0.1,0.0010817207740284663,0,0,"497,610,612,631,632,633,653,654,655,673,703,726,748,749,751,774,819,822","4,5,8,11,16,19,20,23,24,27,30,35,57,58,59,62,74",18,17,31,0,2.0845970942559324,,,,1639.0727759198576,819.5363879599288,,benchmark_ShrakeRupley_256pt_Bondi,,,497,822,geometric_4.5A,,
Sr35,53,sre19,sr35_53_and_sre19_atp,model_4,5,Yes,,A,B,C,845,74,31,A,B,C:\Users\13441\Desktop\Ranking\Sr35\sr35_53_and_sre19_atp\fold_sr35_53_and_sre19_atp_model_4.cif,C:\Users\13441\Desktop\Ranking\Sr35\sr35_53_and_sre19_atp\fold_sr35_53_and_sre19_atp_full_data_4.json,C:\Users\13441\Desktop\Ranking\Sr35\sr35_53_and_sre19_atp\fold_sr35_53_and_sre19_atp_summary_confidences_4.json,0.49,0.66,0.56,False,0.21,20.51,20.61,0.0,0.0,0.0,0.0,0.0,0.0,0.0,0.0,71.0,34.9,0.0,0.0,0.0,0.0,,,,,,,,,0.21,0.66,True,0.0,0.0,0.0,0.0,0.0,0.0,0.0,0.0519,0.0088,0.0,0,0,0,0,17.163816007179115,16.8,29.6,17.199907441688264,17.6,28.2,27.289389093235247,27.4,20.5,29.443396769550617,29.9,20.6,0.1,0.0010817207740284663,0,0,"200,313,317,323,324,328,330,477,480,481,483,487,489,490,492,493,494,495,496,743,768,769,773,787,790,791,792,793,794,795,796,797,801,802,805,806,808,809,812,814,823,837,839","2,4,6,7,8,9,10,11,12,13,14,15,16,17,18,19,20,21,23,24,27,32,33,35,36,37,38,39,40,41,42,43,44,46,47,48,49,50,51,52,53,57,60",43,43,90,0,1.806739923261504,,,,3834.3765526584266,1917.1882763292133,,benchmark_ShrakeRupley_256pt_Bondi,,,200,839,geometric_4.5A,,
Sr35,54,sre2,sr35_54_and_sre2_atp,model_0,1,Yes,,A,B,C,823,118,31,A,B,C:\Users\13441\Desktop\Ranking\Sr35\sr35_54_and_sre2_atp\fold_sr35_54_and_sre2_atp_model_0.cif,C:\Users\13441\Desktop\Ranking\Sr35\sr35_54_and_sre2_atp\fold_sr35_54_and_sre2_atp_full_data_0.json,C:\Users\13441\Desktop\Ranking\Sr35\sr35_54_and_sre2_atp\fold_sr35_54_and_sre2_atp_summary_confidences_0.json,0.5,0.66,0.57,False,0.34,11.9,12.01,0.0042,1.0,0.0,0.0,0.0042,0.0042,1.0,1.0,72.6,56.1,1.0,1.0,1.0,1.0,53.1,70.3,53.1,70.3,[778],[28],[778],[28],0.34,0.66,True,0.0,0.0,0.0,0.0,0.0,0.0,0.0,0.1315,0.0106,0.0042,0,0,0,0,16.404067074054037,15.9,29.1,16.75249891351586,19.2,30.4,26.215623905924993,26.3,11.9,28.421222480795766,29.3,12.0,0.52,0.0006904256852770969,6,1,"244,247,248,249,250,251,252,253,255,492,497,654,673,698,700,702,722,723,725,747,749,751,752,755,771,772,774,775,777,778,779,780,789,790,796,798","1,4,5,7,9,12,13,15,16,17,19,20,21,23,24,25,28,29,31,34,35,36,38,41,42,45,47,50,51,73,74,75,76,78,114,116,117,118",36,38,81,0,1.983690743939336,,,,3228.742505288029,1614.3712526440145,,benchmark_ShrakeRupley_256pt_Bondi,778,778,244,798,geometric_4.5A,,
Sr35,54,sre2,sr35_54_and_sre2_atp,model_1,2,Yes,,A,B,C,823,118,31,A,B,C:\Users\13441\Desktop\Ranking\Sr35\sr35_54_and_sre2_atp\fold_sr35_54_and_sre2_atp_model_1.cif,C:\Users\13441\Desktop\Ranking\Sr35\sr35_54_and_sre2_atp\fold_sr35_54_and_sre2_atp_full_data_1.json,C:\Users\13441\Desktop\Ranking\Sr35\sr35_54_and_sre2_atp\fold_sr35_54_and_sre2_atp_summary_confidences_1.json,0.49,0.66,0.56,False,0.29,13.33,11.74,0.0102,1.4,0.0,0.0,0.0083,0.0125,2.0,1.0,72.8,56.3,1.0,2.0,1.0,1.0,44.6,70.1,44.6,68.6,[777],"[16,18]",[777],[16],0.29,0.66,True,0.0,0.0,0.0,0.0,0.0,0.0,0.0,0.1075,0.0118,0.0083,0,0,0,0,16.411720073436157,15.9,29.0,16.89910908300739,19.7,30.6,26.139255926025086,26.3,13.3,28.560168461807773,29.5,11.7,0.52,0.0006904256852770969,6,1,"249,252,253,654,655,677,698,700,702,703,723,725,727,728,747,749,751,752,771,774,777,778,779","1,4,9,10,12,13,14,15,16,17,19,20,21,24,28,31,33,36,37,38,39,43,46,47,50,51",23,26,61,0,2.1124869083697755,,,,2060.1516901091886,1030.0758450545943,,benchmark_ShrakeRupley_256pt_Bondi,777,777,249,779,geometric_4.5A,,
Sr35,54,sre2,sr35_54_and_sre2_atp,model_2,3,Yes,,A,B,C,823,118,31,A,B,C:\Users\13441\Desktop\Ranking\Sr35\sr35_54_and_sre2_atp\fold_sr35_54_and_sre2_atp_model_2.cif,C:\Users\13441\Desktop\Ranking\Sr35\sr35_54_and_sre2_atp\fold_sr35_54_and_sre2_atp_full_data_2.json,C:\Users\13441\Desktop\Ranking\Sr35\sr35_54_and_sre2_atp\fold_sr35_54_and_sre2_atp_summary_confidences_2.json,0.47,0.66,0.56,False,0.31,13.29,12.34,0.0,0.0,0.0,0.0,0.0,0.0,0.0,0.0,72.4,56.5,0.0,0.0,0.0,0.0,,,,,,,,,0.31,0.66,True,0.0,0.0,0.0,0.0,0.0,0.0,0.0,0.14,0.0117,0.0,0,0,0,0,16.46361466121513,15.9,29.4,17.348804867448937,19.9,31.3,26.232625574067594,26.1,13.3,28.56625100397471,29.4,12.3,0.52,0.0006904256852770969,6,1,"247,249,250,252,253,635,654,655,657,677,698,700,702,703,723,725,727,728,747,749,751,752,771,774,777,778,780","1,4,7,9,10,12,13,14,15,16,17,19,20,21,24,28,31,32,33,36,37,38,39,43,46,47,49,50,51",27,29,65,0,1.843404070717392,,,,2375.0220746002615,1187.5110373001307,,benchmark_ShrakeRupley_256pt_Bondi,,,247,780,geometric_4.5A,,
Sr35,54,sre2,sr35_54_and_sre2_atp,model_3,4,Yes,,A,B,C,823,118,31,A,B,C:\Users\13441\Desktop\Ranking\Sr35\sr35_54_and_sre2_atp\fold_sr35_54_and_sre2_atp_model_3.cif,C:\Users\13441\Desktop\Ranking\Sr35\sr35_54_and_sre2_atp\fold_sr35_54_and_sre2_atp_full_data_3.json,C:\Users\13441\Desktop\Ranking\Sr35\sr35_54_and_sre2_atp\fold_sr35_54_and_sre2_atp_summary_confidences_3.json,0.48,0.66,0.56,False,0.23,16.98,17.75,0.0,0.0,0.0,0.0,0.0,0.0,0.0,0.0,72.1,55.5,0.0,0.0,0.0,0.0,,,,,,,,,0.23,0.66,True,0.0,0.0,0.0,0.0,0.0,0.0,0.0,0.1178,0.01,0.0,0,0,0,0,16.54285786083198,16.1,29.4,17.708032739388674,21.9,31.2,26.745724612311303,26.5,17.0,29.210307473690715,29.6,17.7,0.52,0.0006904256852770969,6,1,"244,247,249,250,252,253,492,635,654,655,657,673,679,698,700,702,722,723,725,727,746,747,749,751,771,774","3,6,14,17,18,21,42,43,46,47,50,53,54,55,58,59,61,62,63,65,66,76,78,79,80",26,25,56,0,2.1792516440801033,,,,2152.4044503896052,1076.2022251948026,,benchmark_ShrakeRupley_256pt_Bondi,,,244,774,geometric_4.5A,,
Sr35,54,sre2,sr35_54_and_sre2_atp,model_4,5,Yes,,A,B,C,823,118,31,A,B,C:\Users\13441\Desktop\Ranking\Sr35\sr35_54_and_sre2_atp\fold_sr35_54_and_sre2_atp_model_4.cif,C:\Users\13441\Desktop\Ranking\Sr35\sr35_54_and_sre2_atp\fold_sr35_54_and_sre2_atp_full_data_4.json,C:\Users\13441\Desktop\Ranking\Sr35\sr35_54_and_sre2_atp\fold_sr35_54_and_sre2_atp_summary_confidences_4.json,0.47,0.66,0.55,False,0.32,12.52,11.49,0.0,0.0,0.0,0.0,0.0208,0.0,1.0,0.0,72.5,57.0,1.0,1.0,0.0,0.0,50.5,78.1,,,[778],[61],,,0.32,0.66,True,0.0,0.0,0.0,0.0,0.0,0.0,0.0,0.1493,0.0102,0.0208,0,0,0,0,16.513010231986115,16.0,29.4,16.068948283355063,19.4,29.3,25.62244990423626,25.6,12.5,28.38891097061186,29.4,11.5,0.52,0.0006904256852770969,6,1,"249,252,253,446,447,469,491,493,495,496,497,651,654,655,669,670,671,672,673,674,675,676,677,678,681,683,684,687,693,694,695,696,697,698,699,700,701,702,703,704,705,706,723,725,727,728,749,751,752,771,774,777,778,779,780","1,4,9,10,12,13,14,15,16,17,19,20,21,28,29,31,36,38,43,46,47,50,51,105,106,107,108,109,110,111,112,113,114,115,116,117,118",55,37,123,0,2.2207421419383544,,,,4148.99741615299,2074.498708076495,,benchmark_ShrakeRupley_256pt_Bondi,,,249,780,geometric_4.5A,,
Sr35,55,sre2,sr35_55_and_sre2_atp,model_0,1,Yes,,A,B,C,914,118,31,A,B,C:\Users\13441\Desktop\Ranking\Sr35\sr35_55_and_sre2_atp\fold_sr35_55_and_sre2_atp_model_0.cif,C:\Users\13441\Desktop\Ranking\Sr35\sr35_55_and_sre2_atp\fold_sr35_55_and_sre2_atp_full_data_0.json,C:\Users\13441\Desktop\Ranking\Sr35\sr35_55_and_sre2_atp\fold_sr35_55_and_sre2_atp_summary_confidences_0.json,0.42,0.63,0.51,False,0.18,22.49,22.89,0.0,0.0,0.0,0.0,0.0,0.0,0.0,0.0,72.3,53.0,0.0,0.0,0.0,0.0,,,,,,,,,0.18,0.63,True,0.0,0.0,0.0,0.0,0.0,0.0,0.0,0.1735,0.0095,0.0,0,0,0,0,17.753778152195014,18.4,28.6,17.891090830073882,21.4,31.2,28.802889144383045,29.0,22.5,30.248174350035235,30.5,22.9,0.1,0.0004615584319252308,0,0,"218,244,247,248,249,250,251,252,253,654,729,752,753,755,773,775,776,778,800,820,821,839,841,865","1,4,6,7,10,12,13,14,16,17,19,20,21,23,28,43,46,47,49,50,51,54,55,57,58,59,60,61,62,63,65,66",24,32,67,2,1.2075515815601117,,,,2095.7755492938595,1047.8877746469298,,benchmark_ShrakeRupley_256pt_Bondi,,,218,865,geometric_4.5A,,
Sr35,55,sre2,sr35_55_and_sre2_atp,model_1,2,Yes,,A,B,C,914,118,31,A,B,C:\Users\13441\Desktop\Ranking\Sr35\sr35_55_and_sre2_atp\fold_sr35_55_and_sre2_atp_model_1.cif,C:\Users\13441\Desktop\Ranking\Sr35\sr35_55_and_sre2_atp\fold_sr35_55_and_sre2_atp_full_data_1.json,C:\Users\13441\Desktop\Ranking\Sr35\sr35_55_and_sre2_atp\fold_sr35_55_and_sre2_atp_summary_confidences_1.json,0.42,0.62,0.5,False,0.17,22.72,23.49,0.0,0.0,0.0,0.0,0.0,0.0,0.0,0.0,72.9,54.8,0.0,0.0,0.0,0.0,,,,,,,,,0.17,0.62,True,0.0,0.0,0.0,0.0,0.0,0.0,0.0,0.1663,0.0092,0.0,0,0,0,0,17.63441464285629,18.3,28.2,17.309669708822252,20.2,30.8,29.20356136186626,29.5,22.7,30.301255424099693,30.7,23.5,0.1,0.0004615584319252308,0,0,"221,222,223,246,247,248,249,250,251,271,275,775,776,778,799,800,820,821,823,841,842,844,865,866,867,880,882,883,884,889","1,2,4,5,7,9,10,12,13,16,17,19,20,21,22,23,24,25,26,27,28,29,33,39,43,51,56",30,27,69,0,1.8542429408433343,,,,2330.1659140009783,1165.0829570004892,,benchmark_ShrakeRupley_256pt_Bondi,,,221,889,geometric_4.5A,,
Sr35,55,sre2,sr35_55_and_sre2_atp,model_2,3,Yes,,A,B,C,914,118,31,A,B,C:\Users\13441\Desktop\Ranking\Sr35\sr35_55_and_sre2_atp\fold_sr35_55_and_sre2_atp_model_2.cif,C:\Users\13441\Desktop\Ranking\Sr35\sr35_55_and_sre2_atp\fold_sr35_55_and_sre2_atp_full_data_2.json,C:\Users\13441\Desktop\Ranking\Sr35\sr35_55_and_sre2_atp\fold_sr35_55_and_sre2_atp_summary_confidences_2.json,0.41,0.62,0.49,False,0.17,23.89,23.53,0.0,0.0,0.0,0.0,0.0,0.0,0.0,0.0,72.3,54.8,0.0,0.0,0.0,0.0,,,,,,,,,0.17,0.62,True,0.0,0.0,0.0,0.0,0.0,0.0,0.0,0.1761,0.0091,0.0,0,0,0,0,17.819740629516275,18.4,28.8,17.66923076923077,20.7,31.3,29.53196788191225,29.8,23.9,30.25456087972407,30.6,23.5,0.1,0.0004615584319252308,0,0,"188,215,216,219,220,222,247,249,775,776,800,820,821,839,841,842,844,862,863,864,865,866,867,868,869,870,881,882,883,884,885","1,2,3,4,5,9,12,13,15,16,19,20,22,27,28,29,31,38,39,40,41,42,43,49,50,51,63,78",31,28,66,1,1.4850543269948715,,,,2359.333618659196,1179.666809329598,,benchmark_ShrakeRupley_256pt_Bondi,,,188,885,geometric_4.5A,,
Sr35,55,sre2,sr35_55_and_sre2_atp,model_3,4,Yes,,A,B,C,914,118,31,A,B,C:\Users\13441\Desktop\Ranking\Sr35\sr35_55_and_sre2_atp\fold_sr35_55_and_sre2_atp_model_3.cif,C:\Users\13441\Desktop\Ranking\Sr35\sr35_55_and_sre2_atp\fold_sr35_55_and_sre2_atp_full_data_3.json,C:\Users\13441\Desktop\Ranking\Sr35\sr35_55_and_sre2_atp\fold_sr35_55_and_sre2_atp_summary_confidences_3.json,0.4,0.62,0.48,False,0.18,22.94,23.86,0.0,0.0,0.0,0.0,0.0,0.0,0.0,0.0,72.3,53.9,0.0,0.0,0.0,0.0,,,,,,,,,0.18,0.62,True,0.0,0.0,0.0,0.0,0.0,0.0,0.0,0.1431,0.0091,0.0,0,0,0,0,17.854928326794344,18.6,28.3,16.936614515428076,20.6,29.9,28.91587638615881,29.1,22.9,30.18619311649297,30.5,23.9,0.1,0.0004615584319252308,0,0,"222,223,246,247,248,249,250,251,252,253,271,275,445,497,631,653,654,729,753,776,778,799,800,820,821,823,841,842,844,865,866,867,882,883,884,885,889","1,4,5,7,8,9,10,12,13,15,16,18,19,20,21,22,23,24,25,26,27,28,29,30,31,33,39,51,52,111,112,113,114,115,117,118",37,36,83,2,0.7008189260536986,,,,2774.647361808755,1387.3236809043774,,benchmark_ShrakeRupley_256pt_Bondi,,,222,889,geometric_4.5A,,
Sr35,55,sre2,sr35_55_and_sre2_atp,model_4,5,Yes,,A,B,C,914,118,31,A,B,C:\Users\13441\Desktop\Ranking\Sr35\sr35_55_and_sre2_atp\fold_sr35_55_and_sre2_atp_model_4.cif,C:\Users\13441\Desktop\Ranking\Sr35\sr35_55_and_sre2_atp\fold_sr35_55_and_sre2_atp_full_data_4.json,C:\Users\13441\Desktop\Ranking\Sr35\sr35_55_and_sre2_atp\fold_sr35_55_and_sre2_atp_summary_confidences_4.json,0.35,0.62,0.44,False,0.18,22.52,24.19,0.0,0.0,0.0,0.0,0.0,0.0,0.0,0.0,72.2,55.9,0.0,0.0,0.0,0.0,,,,,,,,,0.18,0.62,True,0.0,0.0,0.0,0.0,0.0,0.0,0.0,0.0406,0.0087,0.0,0,0,0,0,17.878690253354776,18.6,28.5,16.34174996378386,20.5,29.3,28.47267644549939,28.5,22.5,30.110260356785226,30.3,24.2,0.1,0.0004615584319252308,0,0,"249,250,252,253,491,497,653,654,673,700,702,704,729,750,752,753,755,778,913,914","1,10,13,17,19,20,25,26,27,28,29,30,51,109,111,112,113,114,116,117,118",20,21,37,0,2.20526166014745,,,,1883.772964143124,941.886482071562,,benchmark_ShrakeRupley_256pt_Bondi,,,249,914,geometric_4.5A,,
Sr35,56,sre2,sr35_56_and_sre2_atp,model_0,1,No,,A,B,C,824,118,31,A,B,C:\Users\13441\Desktop\Ranking\Sr35\sr35_56_and_sre2_atp\fold_sr35_56_and_sre2_atp_model_0.cif,C:\Users\13441\Desktop\Ranking\Sr35\sr35_56_and_sre2_atp\fold_sr35_56_and_sre2_atp_full_data_0.json,C:\Users\13441\Desktop\Ranking\Sr35\sr35_56_and_sre2_atp\fold_sr35_56_and_sre2_atp_summary_confidences_0.json,0.48,0.64,0.56,False,0.22,11.99,10.07,0.0365,10.6,0.4,0.0,0.0312,0.0427,14.0,8.0,71.1,57.6,7.0,6.0,4.0,5.0,59.3,35.7,58.1,36.6,"[719-721,748-751]",[111-116],[748-751],[111-115],0.22,0.64,True,0.0,0.0,0.0,0.0,0.0,0.0,0.0,0.0843,0.0111,0.0312,0,0,0,0,17.33026474890585,17.6,29.6,17.277249022164277,20.0,30.9,28.509761189731776,29.2,12.0,28.71712399210137,29.1,10.1,0.52,0.0007134482474905381,19,2,"102,491,492,614,615,616,617,620,636,638,639,640,642,643,645,657,658,659,660,661,664,686,744,746,747,748,749,750,751,752,753,756,758,759,760,762,764,768,770,787,791","1,2,3,4,5,9,12,13,15,16,19,20,28,29,31,53,56,107,108,109,110,111,112,113,114,115,116,117,118",41,29,72,0,2.257685736327852,,,,3016.905094279794,1508.452547139897,,benchmark_ShrakeRupley_256pt_Bondi,748,751,102,791,geometric_4.5A,,
Sr35,56,sre2,sr35_56_and_sre2_atp,model_1,2,No,,A,B,C,824,118,31,A,B,C:\Users\13441\Desktop\Ranking\Sr35\sr35_56_and_sre2_atp\fold_sr35_56_and_sre2_atp_model_1.cif,C:\Users\13441\Desktop\Ranking\Sr35\sr35_56_and_sre2_atp\fold_sr35_56_and_sre2_atp_full_data_1.json,C:\Users\13441\Desktop\Ranking\Sr35\sr35_56_and_sre2_atp\fold_sr35_56_and_sre2_atp_summary_confidences_1.json,0.47,0.64,0.55,False,0.22,11.39,9.48,0.0722,18.6,1.3,0.0118,0.0635,0.0821,23.0,15.0,71.3,56.9,7.0,6.0,4.0,5.0,59.3,35.9,58.4,36.9,"[719-721,748-751]",[111-116],[748-751],[111-115],0.22,0.64,True,0.0,0.0,0.010959,0.010959,0.010959,0.539885,0.010959,0.027,0.0124,0.0635,3,3,3,3,17.213898211610378,17.1,30.5,16.860082572794436,19.6,30.4,29.47846902254402,30.2,11.4,30.38162641928583,30.8,9.5,0.52,0.0007134482474905381,19,2,"492,727,746,747,748,749,750,751,752,753,755,756,758,759,762,764,770,772","108,109,110,111,112,113,114,115,116,117",18,10,32,0,2.245853898813079,,,,1212.0174578547094,606.0087289273547,,benchmark_ShrakeRupley_256pt_Bondi,748,751,492,772,geometric_4.5A,,
Sr35,56,sre2,sr35_56_and_sre2_atp,model_2,3,No,,A,B,C,824,118,31,A,B,C:\Users\13441\Desktop\Ranking\Sr35\sr35_56_and_sre2_atp\fold_sr35_56_and_sre2_atp_model_2.cif,C:\Users\13441\Desktop\Ranking\Sr35\sr35_56_and_sre2_atp\fold_sr35_56_and_sre2_atp_full_data_2.json,C:\Users\13441\Desktop\Ranking\Sr35\sr35_56_and_sre2_atp\fold_sr35_56_and_sre2_atp_summary_confidences_2.json,0.48,0.63,0.55,False,0.19,12.84,10.77,0.0375,5.0,0.2,0.0,0.0375,0.0375,5.0,5.0,70.0,56.0,3.0,4.0,3.0,4.0,56.9,36.2,56.9,36.2,[749-751],[111-114],[749-751],[111-114],0.19,0.63,True,0.0,0.0,0.0,0.0,0.0,0.0,0.0,0.0344,0.0105,0.0375,0,0,0,0,17.477927219856316,17.6,30.1,16.69339417644502,19.5,29.7,29.307989139377987,29.8,12.8,30.19168689320388,30.6,10.8,0.52,0.0007134482474905381,19,2,"156,349,491,492,743,744,746,747,748,749,750,751,752,753,756,758,759,760,762,764,768,770,772","9,25,27,30,53,55,107,108,109,110,111,112,113,114,115,116,117",23,17,44,0,2.4900721912325077,,,,1629.4465727826082,814.7232863913041,,benchmark_ShrakeRupley_256pt_Bondi,749,751,156,772,geometric_4.5A,,
Sr35,56,sre2,sr35_56_and_sre2_atp,model_3,4,No,,A,B,C,824,118,31,A,B,C:\Users\13441\Desktop\Ranking\Sr35\sr35_56_and_sre2_atp\fold_sr35_56_and_sre2_atp_model_3.cif,C:\Users\13441\Desktop\Ranking\Sr35\sr35_56_and_sre2_atp\fold_sr35_56_and_sre2_atp_full_data_3.json,C:\Users\13441\Desktop\Ranking\Sr35\sr35_56_and_sre2_atp\fold_sr35_56_and_sre2_atp_summary_confidences_3.json,0.48,0.64,0.55,False,0.21,11.89,9.3,0.0617,11.2,0.7,0.0123,0.0507,0.075,14.0,9.0,70.4,56.3,6.0,4.0,4.0,4.0,59.2,37.2,58.3,37.2,"[719,721,748-751]",[111-114],[748-751],[111-114],0.21,0.64,True,0.0,0.0,0.01143,0.01143,0.01143,0.550437,0.01143,0.0556,0.0106,0.0507,1,2,1,2,17.286445811558472,17.4,29.9,16.94027234535709,19.4,30.6,28.96131417640283,29.5,11.9,30.092880944545005,30.4,9.3,0.52,0.0007134482474905381,19,2,"175,179,183,188,216,219,220,221,222,276,492,746,747,748,749,750,751,752,753,754,756,758,759,762,764,770,772,797,798,800,801,804","1,2,3,4,5,13,28,29,107,108,109,110,111,112,113,114,115,116,117,118",32,20,53,0,2.561980120999428,,,,2369.5379092058765,1184.7689546029383,,benchmark_ShrakeRupley_256pt_Bondi,748,751,175,804,geometric_4.5A,,
Sr35,56,sre2,sr35_56_and_sre2_atp,model_4,5,No,,A,B,C,824,118,31,A,B,C:\Users\13441\Desktop\Ranking\Sr35\sr35_56_and_sre2_atp\fold_sr35_56_and_sre2_atp_model_4.cif,C:\Users\13441\Desktop\Ranking\Sr35\sr35_56_and_sre2_atp\fold_sr35_56_and_sre2_atp_full_data_4.json,C:\Users\13441\Desktop\Ranking\Sr35\sr35_56_and_sre2_atp\fold_sr35_56_and_sre2_atp_summary_confidences_4.json,0.46,0.63,0.53,False,0.2,11.65,9.73,0.0668,9.8,0.7,0.0113,0.0591,0.0756,12.0,8.0,70.2,56.0,6.0,4.0,4.0,4.0,57.3,35.9,56.7,35.9,"[719,721,748-751]",[111-114],[748-751],[111-114],0.2,0.63,True,0.0,0.0,0.010516,0.010516,0.010516,0.529519,0.010516,0.0306,0.0104,0.0591,1,1,1,1,17.499633120598332,17.7,29.9,17.31602201941185,21.5,30.6,29.401141599473423,30.0,11.6,30.362238769129508,30.7,9.7,0.52,0.0007134482474905381,19,2,"219,491,492,746,747,748,749,750,751,752,753,756,758,759,760,762,764,770,797,798,799,801","16,20,107,108,110,111,112,113,114,115,116,117",22,12,39,0,2.4557091927690182,,,,1677.6961688653143,838.8480844326572,,benchmark_ShrakeRupley_256pt_Bondi,748,751,219,801,geometric_4.5A,,
Sr35,57,sre2,sr35_57_and_sre2_atp,model_0,1,No,,A,B,C,864,118,31,A,B,C:\Users\13441\Desktop\Ranking\Sr35\sr35_57_and_sre2_atp\fold_sr35_57_and_sre2_atp_model_0.cif,C:\Users\13441\Desktop\Ranking\Sr35\sr35_57_and_sre2_atp\fold_sr35_57_and_sre2_atp_full_data_0.json,C:\Users\13441\Desktop\Ranking\Sr35\sr35_57_and_sre2_atp\fold_sr35_57_and_sre2_atp_summary_confidences_0.json,0.52,0.65,0.58,False,0.41,9.49,9.25,0.0785,73.1,5.7,0.0118,0.0571,0.1079,167.0,32.0,74.9,57.7,25.0,31.0,8.0,7.0,77.1,76.4,78.9,74.0,"[723,725-726,743-749,765-769,771,787-791,793,813-815]","[8-17,19,44-59,61-63,65]","[745,747,767,769,787,789,791,815]","[10,13,50-54]",0.41,0.65,True,0.010959,0.010959,0.010847,0.010847,0.010959,0.548083,0.010959,0.1233,0.0157,0.0571,3,5,3,5,17.115185238830954,16.8,29.4,17.027451832536578,19.4,30.8,26.799353617388576,27.2,9.5,27.498798454174512,29.3,9.3,0.68,0.0007293628374136848,25,16,"445,492,497,607,631,632,633,654,672,673,697,698,700,702,723,725,726,743,745,747,765,767,769,787,789,791,815,840","1,3,5,6,9,10,12,13,14,16,17,20,47,49,50,51,52,53,54,55,56,59,87",28,23,53,0,2.116769096583238,,,,2024.1650849652756,1012.0825424826378,,benchmark_ShrakeRupley_256pt_Bondi,745,815,445,840,geometric_4.5A,,
Sr35,57,sre2,sr35_57_and_sre2_atp,model_1,2,No,,A,B,C,864,118,31,A,B,C:\Users\13441\Desktop\Ranking\Sr35\sr35_57_and_sre2_atp\fold_sr35_57_and_sre2_atp_model_1.cif,C:\Users\13441\Desktop\Ranking\Sr35\sr35_57_and_sre2_atp\fold_sr35_57_and_sre2_atp_full_data_1.json,C:\Users\13441\Desktop\Ranking\Sr35\sr35_57_and_sre2_atp\fold_sr35_57_and_sre2_atp_summary_confidences_1.json,0.52,0.65,0.58,False,0.42,9.36,9.35,0.074,78.0,5.8,0.0121,0.0547,0.1003,174.0,35.0,74.9,58.0,27.0,27.0,8.0,7.0,78.4,76.7,78.5,74.2,"[725,743-749,753,765-769,771,773,776,787-791,793,812-815]","[10-17,19,44-59,61-62]","[745,747,767,769,787,789,791,815]","[10,13,50-54]",0.42,0.65,True,0.011191,0.011191,0.011082,0.011082,0.011191,0.55332,0.011191,0.0987,0.0152,0.0547,3,5,3,5,17.08592026629758,16.7,29.4,17.110604085180356,18.9,31.2,26.78783741368487,27.1,9.4,27.418426318267418,29.1,9.3,0.68,0.0007293628374136848,25,16,"445,492,497,607,631,632,633,654,672,673,697,698,700,702,723,725,726,743,745,747,765,767,769,787,789,791,808,815","1,3,5,9,10,12,13,14,16,17,20,47,49,50,51,52,53,54,55,56,57,59,89",28,23,58,0,2.4611772841082864,,,,1965.4171059936057,982.7085529968028,,benchmark_ShrakeRupley_256pt_Bondi,745,815,445,815,geometric_4.5A,,
Sr35,57,sre2,sr35_57_and_sre2_atp,model_2,3,No,,A,B,C,864,118,31,A,B,C:\Users\13441\Desktop\Ranking\Sr35\sr35_57_and_sre2_atp\fold_sr35_57_and_sre2_atp_model_2.cif,C:\Users\13441\Desktop\Ranking\Sr35\sr35_57_and_sre2_atp\fold_sr35_57_and_sre2_atp_full_data_2.json,C:\Users\13441\Desktop\Ranking\Sr35\sr35_57_and_sre2_atp\fold_sr35_57_and_sre2_atp_summary_confidences_2.json,0.5,0.65,0.57,False,0.43,8.72,7.89,0.0906,152.4,13.8,0.0135,0.0603,0.136,484.0,48.0,74.8,57.4,40.0,41.0,11.0,10.0,78.2,76.8,79.0,74.5,"[723,725-726,743-754,765-774,786-795,812-815,817]","[7-20,39,41-66]","[743,745,747,765,767,769,787,789,791,813,815]","[9-10,13,47,49-54]",0.43,0.65,True,0.011672,0.011672,0.012537,0.012537,0.012537,0.580155,0.012537,0.1471,0.0136,0.0603,5,7,5,7,17.11423436762371,16.8,29.2,16.649623352165726,19.3,29.7,26.40051592906466,27.1,8.7,27.153557556497177,28.9,7.9,0.68,0.0007293628374136848,25,16,"313,317,323,326,328,446,473,477,490,491,492,494,495,497,607,630,654,672,673,697,698,700,702,723,725,726,743,745,747,765,767,769,787,789,791,815,835,839","3,5,6,8,9,10,12,13,14,16,17,46,47,49,50,51,52,53,54,55,56,57,59,81,83,108,109,110,111,112,114",38,31,75,0,2.0034842269569904,,,,2820.8092223109943,1410.4046111554972,,benchmark_ShrakeRupley_256pt_Bondi,743,815,313,839,geometric_4.5A,,
Sr35,57,sre2,sr35_57_and_sre2_atp,model_3,4,No,,A,B,C,864,118,31,A,B,C:\Users\13441\Desktop\Ranking\Sr35\sr35_57_and_sre2_atp\fold_sr35_57_and_sre2_atp_model_3.cif,C:\Users\13441\Desktop\Ranking\Sr35\sr35_57_and_sre2_atp\fold_sr35_57_and_sre2_atp_full_data_3.json,C:\Users\13441\Desktop\Ranking\Sr35\sr35_57_and_sre2_atp\fold_sr35_57_and_sre2_atp_summary_confidences_3.json,0.51,0.65,0.57,False,0.42,9.23,8.31,0.0782,109.0,8.5,0.0132,0.0557,0.1096,321.0,37.0,75.0,57.9,36.0,36.0,11.0,7.0,78.9,77.1,77.4,74.4,"[723,725-726,743-749,752-754,765-774,776,787-791,793-795,812-815]","[8-19,43-66]","[725,743,745,747,765,767,769,787,789,791,815]","[10,13,50-54]",0.42,0.65,True,0.011677,0.011677,0.012285,0.012285,0.012285,0.575109,0.012285,0.1301,0.0147,0.0557,4,6,4,6,17.041026002102914,16.7,29.2,17.48488338403593,19.5,31.5,26.777650266792214,27.1,9.2,27.36308753138732,29.1,8.3,0.68,0.0007293628374136848,25,16,"492,607,654,672,673,697,698,700,702,723,725,726,743,745,747,765,767,769,787,789,791,815,841,842,843","3,5,8,9,10,12,13,14,16,17,20,21,42,43,46,47,49,50,51,52,53,54,55,56,59",25,25,58,0,2.193933968658784,,,,2017.3272514751045,1008.6636257375523,,benchmark_ShrakeRupley_256pt_Bondi,725,815,492,843,geometric_4.5A,,
Sr35,57,sre2,sr35_57_and_sre2_atp,model_4,5,No,,A,B,C,864,118,31,A,B,C:\Users\13441\Desktop\Ranking\Sr35\sr35_57_and_sre2_atp\fold_sr35_57_and_sre2_atp_model_4.cif,C:\Users\13441\Desktop\Ranking\Sr35\sr35_57_and_sre2_atp\fold_sr35_57_and_sre2_atp_full_data_4.json,C:\Users\13441\Desktop\Ranking\Sr35\sr35_57_and_sre2_atp\fold_sr35_57_and_sre2_atp_summary_confidences_4.json,0.49,0.65,0.56,False,0.42,9.53,8.12,0.0834,108.5,9.0,0.0132,0.061,0.1139,327.0,36.0,74.7,57.5,30.0,38.0,11.0,8.0,78.1,77.4,77.7,75.0,"[723,725-726,743,745-749,753-754,765-771,776,787-793,812-815]","[8-19,41-66]","[725,745,747,765,767,769,787,789,791,813,815]","[10,13,49-54]",0.42,0.65,True,0.010959,0.010959,0.012271,0.012271,0.012271,0.573408,0.012271,0.0653,0.0155,0.061,5,7,5,7,17.185336734474916,17.0,29.3,16.850528755613503,18.9,30.7,26.955751726302573,27.8,9.5,27.515004119585683,29.4,8.1,0.68,0.0007293628374136848,25,16,"492,497,607,672,673,697,698,700,723,726,743,745,747,765,767,769,787,789,791,815","5,9,10,12,13,14,17,49,50,51,52,53,54,55,56,59",20,16,41,0,2.4962757420310937,,,,1452.5907812458809,726.2953906229404,,benchmark_ShrakeRupley_256pt_Bondi,725,815,492,815,geometric_4.5A,,
Sr35,58,sre2,sr35_58_and_sre2_atp,model_0,1,Yes,,A,B,C,883,118,31,A,B,C:\Users\13441\Desktop\Ranking\Sr35\sr35_58_and_sre2_atp\fold_sr35_58_and_sre2_atp_model_0.cif,C:\Users\13441\Desktop\Ranking\Sr35\sr35_58_and_sre2_atp\fold_sr35_58_and_sre2_atp_full_data_0.json,C:\Users\13441\Desktop\Ranking\Sr35\sr35_58_and_sre2_atp\fold_sr35_58_and_sre2_atp_summary_confidences_0.json,0.47,0.64,0.55,False,0.15,19.14,19.48,0.0,0.0,0.0,0.0,0.0,0.0,0.0,0.0,70.9,53.7,0.0,0.0,0.0,0.0,,,,,,,,,0.15,0.64,True,0.0,0.0,0.0,0.0,0.0,0.0,0.0,0.088,0.0089,0.0,0,0,0,0,17.541896441475796,17.6,30.1,17.46383456468202,20.4,31.0,29.595036182505712,29.7,19.1,30.312686910954568,30.7,19.5,0.26,0.0007129969096109182,0,0,"249,250,252,253,631,632,633,635,653,654,655,676,677,702,704,729,731,752,754,775,784,785,795,805,806,809,814,816,821,828,830,831,833","1,2,4,9,10,12,13,16,17,19,20,23,24,25,26,27,28,29,30,31,32,70,71,115,116,117,118",33,27,61,1,1.299799745805998,,,,2581.95400648964,1290.97700324482,,benchmark_ShrakeRupley_256pt_Bondi,,,249,833,geometric_4.5A,,
Sr35,58,sre2,sr35_58_and_sre2_atp,model_1,2,Yes,,A,B,C,883,118,31,A,B,C:\Users\13441\Desktop\Ranking\Sr35\sr35_58_and_sre2_atp\fold_sr35_58_and_sre2_atp_model_1.cif,C:\Users\13441\Desktop\Ranking\Sr35\sr35_58_and_sre2_atp\fold_sr35_58_and_sre2_atp_full_data_1.json,C:\Users\13441\Desktop\Ranking\Sr35\sr35_58_and_sre2_atp\fold_sr35_58_and_sre2_atp_summary_confidences_1.json,0.46,0.63,0.55,False,0.18,14.4,16.42,0.0,0.0,0.0,0.0,0.0,0.0,0.0,0.0,70.2,55.1,0.0,0.0,0.0,0.0,,,,,,,,,0.18,0.63,True,0.0,0.0,0.0,0.0,0.0,0.0,0.0,0.0838,0.0094,0.0,0,0,0,0,18.021997904484557,18.3,30.6,16.797457627118646,20.0,29.7,29.31585024089679,29.6,14.4,30.08889187477206,30.6,16.4,0.26,0.0007129969096109182,0,0,"244,247,248,249,252,492,654,673,702,728,729,731,751,752,754,766,767,768,769,770,771,772,773,774,775,776,777,778,781,795,799,808,827,828,829,830,831,832,833,834,835,838,839","1,2,3,4,5,9,12,13,16,20,21,22,24,28,29,37,38,39,43,106,107,108,109,110,111,112,113,114,115,116,117,118",43,32,101,2,1.2148396010218034,,,,3889.595654233398,1944.797827116699,,benchmark_ShrakeRupley_256pt_Bondi,,,244,839,geometric_4.5A,,
Sr35,58,sre2,sr35_58_and_sre2_atp,model_2,3,Yes,,A,B,C,883,118,31,A,B,C:\Users\13441\Desktop\Ranking\Sr35\sr35_58_and_sre2_atp\fold_sr35_58_and_sre2_atp_model_2.cif,C:\Users\13441\Desktop\Ranking\Sr35\sr35_58_and_sre2_atp\fold_sr35_58_and_sre2_atp_full_data_2.json,C:\Users\13441\Desktop\Ranking\Sr35\sr35_58_and_sre2_atp\fold_sr35_58_and_sre2_atp_summary_confidences_2.json,0.45,0.63,0.54,False,0.17,14.27,15.28,0.0,0.0,0.0,0.0,0.0,0.0,0.0,0.0,70.4,55.7,0.0,0.0,0.0,0.0,,,,,,,,,0.17,0.63,True,0.0,0.0,0.0,0.0,0.0,0.0,0.0,0.0412,0.0094,0.0,0,0,0,0,17.69398566523627,17.7,30.2,16.76703607127336,20.0,29.6,29.496858744265506,29.9,14.3,30.203650882008564,30.6,15.3,0.26,0.0007129969096109182,0,0,"249,492,752,754,768,769,770,771,772,773,774,775,776,777,778,781,795,799,801,828,829,830,831,832,833,834,835,836,838,839,841","1,19,20,21,23,27,28,106,107,108,109,110,111,112,113,114,115,116,117",31,19,72,0,2.317466633339446,,,,2686.183337724875,1343.0916688624375,,benchmark_ShrakeRupley_256pt_Bondi,,,249,841,geometric_4.5A,,
Sr35,58,sre2,sr35_58_and_sre2_atp,model_3,4,Yes,,A,B,C,883,118,31,A,B,C:\Users\13441\Desktop\Ranking\Sr35\sr35_58_and_sre2_atp\fold_sr35_58_and_sre2_atp_model_3.cif,C:\Users\13441\Desktop\Ranking\Sr35\sr35_58_and_sre2_atp\fold_sr35_58_and_sre2_atp_full_data_3.json,C:\Users\13441\Desktop\Ranking\Sr35\sr35_58_and_sre2_atp\fold_sr35_58_and_sre2_atp_summary_confidences_3.json,0.45,0.63,0.53,False,0.14,19.94,20.21,0.0,0.0,0.0,0.0,0.0,0.0,0.0,0.0,70.8,55.1,0.0,0.0,0.0,0.0,,,,,,,,,0.14,0.63,True,0.0,0.0,0.0,0.0,0.0,0.0,0.0,0.0319,0.0088,0.0,0,0,0,0,17.63480353258706,17.6,29.9,17.523127625669996,21.0,30.9,30.212728180125534,30.5,19.9,30.58805401462656,30.9,20.2,0.26,0.0007129969096109182,0,0,"720,739,761,763,778,785,790,793,797,808,809,810,811,812,813,814,816,818,821,827,829","17,20,21,22,39,43,50,107,108,109,110,111,112,114",21,14,31,0,2.2875275205398338,,,,1448.8440883947787,724.4220441973894,,benchmark_ShrakeRupley_256pt_Bondi,,,720,829,geometric_4.5A,,
Sr35,58,sre2,sr35_58_and_sre2_atp,model_4,5,Yes,,A,B,C,883,118,31,A,B,C:\Users\13441\Desktop\Ranking\Sr35\sr35_58_and_sre2_atp\fold_sr35_58_and_sre2_atp_model_4.cif,C:\Users\13441\Desktop\Ranking\Sr35\sr35_58_and_sre2_atp\fold_sr35_58_and_sre2_atp_full_data_4.json,C:\Users\13441\Desktop\Ranking\Sr35\sr35_58_and_sre2_atp\fold_sr35_58_and_sre2_atp_summary_confidences_4.json,0.45,0.63,0.53,False,0.14,20.06,20.18,0.0,0.0,0.0,0.0,0.0,0.0,0.0,0.0,70.6,54.5,0.0,0.0,0.0,0.0,,,,,,,,,0.14,0.63,True,0.0,0.0,0.0,0.0,0.0,0.0,0.0,0.0314,0.0087,0.0,0,0,0,0,17.62097749632129,17.6,30.0,16.78662900188324,19.9,29.9,29.898884772635665,30.1,20.1,30.4381365529685,30.6,20.2,0.26,0.0007129969096109182,0,0,"247,249,250,252,497,654,673,698,700,702,728,729","13,16,17,50,51,111,114,115,116,118",12,10,19,0,2.658258513824732,,,,1142.6348588651572,571.3174294325786,,benchmark_ShrakeRupley_256pt_Bondi,,,247,729,geometric_4.5A,,
Sr35,59,sre2,sr35_59_and_sre2_atp,model_0,1,Yes,,A,B,C,889,118,31,A,B,C:\Users\13441\Desktop\Ranking\Sr35\sr35_59_and_sre2_atp\fold_sr35_59_and_sre2_atp_model_0.cif,C:\Users\13441\Desktop\Ranking\Sr35\sr35_59_and_sre2_atp\fold_sr35_59_and_sre2_atp_full_data_0.json,C:\Users\13441\Desktop\Ranking\Sr35\sr35_59_and_sre2_atp\fold_sr35_59_and_sre2_atp_summary_confidences_0.json,0.53,0.71,0.6,False,0.45,8.81,6.45,0.1226,292.6,35.9,0.0413,0.0834,0.1802,1903.0,45.0,75.2,61.5,107.0,62.0,12.0,11.0,77.6,81.1,79.6,79.3,"[1-12,14,33,35-83,122-145,427,430,458,513-518,520,533-537,552-556]","[3-22,26,28,30-69]","[61,64-65,68,71-72,130,133-134,136-137,140]","[4,9-10,12-14,16-17,19-20,51]",0.45,0.71,True,0.012749,0.012749,0.04128,0.110893,0.04128,0.609978,0.110893,0.1267,0.036,0.0834,41,30,19,10,15.709488340984405,14.9,28.0,17.76157467767637,20.0,31.0,24.70230119540142,25.9,8.8,24.508720520104475,24.1,6.4,0.8,0.00042477741129816397,46,29,"59,60,61,64,65,68,71,126,129,133,134,137,140,141,144,532,533,534","1,4,5,6,7,8,9,10,12,13,14,16,17,20,21,28,47,51,53,59",18,20,39,0,2.7269967291226718,,,,1504.9581806293713,752.4790903146857,,benchmark_ShrakeRupley_256pt_Bondi,61,140,59,534,geometric_4.5A,,
Sr35,59,sre2,sr35_59_and_sre2_atp,model_1,2,Yes,,A,B,C,889,118,31,A,B,C:\Users\13441\Desktop\Ranking\Sr35\sr35_59_and_sre2_atp\fold_sr35_59_and_sre2_atp_model_1.cif,C:\Users\13441\Desktop\Ranking\Sr35\sr35_59_and_sre2_atp\fold_sr35_59_and_sre2_atp_full_data_1.json,C:\Users\13441\Desktop\Ranking\Sr35\sr35_59_and_sre2_atp\fold_sr35_59_and_sre2_atp_summary_confidences_1.json,0.53,0.71,0.6,False,0.46,8.32,5.78,0.1383,418.1,57.8,0.0935,0.0931,0.2053,3122.0,56.0,75.5,61.9,138.0,64.0,19.0,15.0,78.3,81.1,77.5,79.2,"[1-15,18,29,32-86,119-145,426-434,456-460,511-520,530-538,552-557]","[3-22,26-69]","[59-61,64-65,68,71-72,126,129-130,133-134,136-137,140-141,144,533]","[4,8-10,12-14,16-17,19-21,28,51,53]",0.46,0.71,True,0.01136,0.01136,0.093464,0.180383,0.093464,0.61241,0.180383,0.1145,0.0165,0.0931,70,41,23,11,15.555161305850284,14.8,27.6,17.536592785745327,19.6,30.7,24.352012354387906,25.8,8.3,24.19450630111914,24.0,5.8,0.8,0.00042477741129816397,46,29,"22,23,24,25,26,59,60,61,64,65,68,71,87,97,100,101,103,104,107,111,117,121,126,129,133,134,137,140,141,144,532,533,534","1,4,5,6,7,8,9,10,12,13,14,16,17,20,21,28,47,51,53,59,108,109,110,111,112,113,114,115,116,117,118",33,31,73,0,1.5855300542278588,,,,2775.121172885779,1387.5605864428894,,benchmark_ShrakeRupley_256pt_Bondi,59,533,22,534,geometric_4.5A,,
Sr35,59,sre2,sr35_59_and_sre2_atp,model_2,3,Yes,,A,B,C,889,118,31,A,B,C:\Users\13441\Desktop\Ranking\Sr35\sr35_59_and_sre2_atp\fold_sr35_59_and_sre2_atp_model_2.cif,C:\Users\13441\Desktop\Ranking\Sr35\sr35_59_and_sre2_atp\fold_sr35_59_and_sre2_atp_full_data_2.json,C:\Users\13441\Desktop\Ranking\Sr35\sr35_59_and_sre2_atp\fold_sr35_59_and_sre2_atp_summary_confidences_2.json,0.52,0.71,0.6,False,0.45,8.74,6.29,0.1215,301.5,36.6,0.0396,0.0825,0.1789,1855.0,49.0,75.3,61.2,102.0,62.0,15.0,12.0,77.0,80.6,78.2,78.7,"[1-12,14,33-83,122-145,427,514-518,533-537,553-555]","[3-22,26,28,30-69]","[61,64-65,68,71-72,129-130,133-134,136-137,140-141,144]","[4,9-10,12-14,16-17,19-21,51]",0.45,0.71,True,0.01304,0.01304,0.039619,0.116457,0.039619,0.613985,0.116457,0.1246,0.0356,0.0825,42,31,19,11,15.66835116894172,15.0,27.5,17.457235984354625,19.7,30.6,24.588714228518043,25.8,8.7,24.57832357819679,24.4,6.3,0.8,0.00042477741129816397,46,29,"59,60,61,64,65,68,71,126,129,132,133,134,137,140,141,144,532,533","1,4,5,6,7,8,9,10,12,13,14,16,17,20,21,28,47,51,53,59,112,114",18,22,40,0,2.557160786380353,,,,1719.3546986520505,859.6773493260253,,benchmark_ShrakeRupley_256pt_Bondi,61,144,59,533,geometric_4.5A,,
Sr35,59,sre2,sr35_59_and_sre2_atp,model_3,4,Yes,,A,B,C,889,118,31,A,B,C:\Users\13441\Desktop\Ranking\Sr35\sr35_59_and_sre2_atp\fold_sr35_59_and_sre2_atp_model_3.cif,C:\Users\13441\Desktop\Ranking\Sr35\sr35_59_and_sre2_atp\fold_sr35_59_and_sre2_atp_full_data_3.json,C:\Users\13441\Desktop\Ranking\Sr35\sr35_59_and_sre2_atp\fold_sr35_59_and_sre2_atp_summary_confidences_3.json,0.51,0.71,0.58,False,0.48,7.63,5.85,0.1459,450.8,65.8,0.093,0.0956,0.2226,3565.0,57.0,75.3,62.3,140.0,68.0,16.0,14.0,78.1,80.1,78.1,79.3,"[1-15,18,29,32-86,119-145,422,426-434,456-460,511-520,530-538,552-557,578]","[1-23,26-70]","[60-61,64-65,68,71-72,126,129-130,133-134,136-137,140,533]","[4,8-10,12-14,16-17,19-20,28,51,53]",0.48,0.71,True,0.012184,0.012184,0.093029,0.185372,0.093029,0.6066,0.185372,0.1038,0.0218,0.0956,71,46,23,12,15.615408673577965,14.9,27.3,16.680914095320876,19.3,29.4,23.91039446340394,25.4,7.6,23.879631465558333,23.5,5.8,0.8,0.00042477741129816397,46,29,"56,59,60,61,64,65,68,71,126,129,133,134,137,140,141,144,406,532,533,534","1,4,5,6,7,8,9,10,12,13,14,16,17,20,21,28,47,50,51,53,59,110,111,112,115,116,117,118",20,28,50,0,1.660725546846017,,,,1972.0220689283285,986.0110344641643,,benchmark_ShrakeRupley_256pt_Bondi,60,533,56,534,geometric_4.5A,,
Sr35,59,sre2,sr35_59_and_sre2_atp,model_4,5,Yes,,A,B,C,889,118,31,A,B,C:\Users\13441\Desktop\Ranking\Sr35\sr35_59_and_sre2_atp\fold_sr35_59_and_sre2_atp_model_4.cif,C:\Users\13441\Desktop\Ranking\Sr35\sr35_59_and_sre2_atp\fold_sr35_59_and_sre2_atp_full_data_4.json,C:\Users\13441\Desktop\Ranking\Sr35\sr35_59_and_sre2_atp\fold_sr35_59_and_sre2_atp_summary_confidences_4.json,0.5,0.71,0.58,False,0.47,7.83,5.79,0.1465,464.3,68.0,0.1041,0.0995,0.2156,3593.0,60.0,75.3,61.8,144.0,68.0,16.0,16.0,78.4,80.1,78.0,77.5,"[1-15,18,32-86,119-145,422,425-434,436,453,456-460,511-520,529-538,552-557,578,580]","[1-22,24,26-70]","[60-61,64-65,68,71-72,126,129-130,133-134,136-137,140,533]","[1,4,8-10,12-14,16-17,19-20,28,47,51,53]",0.47,0.71,True,0.011653,0.011653,0.104078,0.195489,0.104078,0.612707,0.195489,0.1579,0.0135,0.0995,75,46,25,16,15.522823625087403,14.8,27.5,17.422193249311896,19.9,30.6,24.1199433757221,25.6,7.8,24.054549007645228,23.8,5.8,0.8,0.00042477741129816397,46,29,"15,24,25,26,28,29,31,32,33,35,36,59,60,61,64,65,68,71,76,108,111,112,117,121,122,124,125,126,128,129,130,133,134,137,140,141,144,532,533,534","1,4,5,6,7,8,9,10,12,13,14,16,17,20,21,28,47,50,51,53,56,59,103,106,107,108,109,110,111,112,113,114,115,116,117,118",40,36,85,0,1.8135778309098793,,,,3483.970715363451,1741.9853576817254,,benchmark_ShrakeRupley_256pt_Bondi,60,533,15,534,geometric_4.5A,,
Sr35,60,sre2,sr35_60_and_sre2_atp,model_0,1,Yes,,A,B,C,923,118,31,A,B,C:\Users\13441\Desktop\Ranking\Sr35\sr35_60_and_sre2_atp\fold_sr35_60_and_sre2_atp_model_0.cif,C:\Users\13441\Desktop\Ranking\Sr35\sr35_60_and_sre2_atp\fold_sr35_60_and_sre2_atp_full_data_0.json,C:\Users\13441\Desktop\Ranking\Sr35\sr35_60_and_sre2_atp\fold_sr35_60_and_sre2_atp_summary_confidences_0.json,0.5,0.65,0.57,False,0.42,9.69,10.49,0.0593,45.1,2.7,0.0113,0.0432,0.0814,107.0,19.0,71.1,58.2,7.0,46.0,6.0,7.0,52.6,74.9,53.3,68.1,"[769,824-829]","[4,7-21,23,26-31,33-36,38-48,61-68]","[769,824-825,827-829]","[4,12,15-16,19,28-29]",0.42,0.65,True,0.010516,0.010516,0.0,0.0,0.010516,0.549205,0.010516,0.0969,0.0109,0.0432,2,1,2,1,18.249663574639897,18.2,30.8,16.106185716355206,19.9,29.3,25.71817305396919,26.1,9.7,27.968938795747103,29.3,10.5,0.51,0.0008009989533026058,12,1,"631,632,653,654,673,677,702,703,724,727,746,765,767,769,770,785,787,788,789,790,791,792,793,794,800,814,816,817,818,819,820,821,822,823,824,825,827,828,829,830,831,846,848,851","1,4,5,7,12,13,15,16,17,19,20,21,27,28,29,31,38,39,42,43,46,47,50,51,107,108,109,110,111,112,113,114,115,116,117",44,35,103,0,1.6683642187661467,,,,4080.1738439411893,2040.0869219705946,,benchmark_ShrakeRupley_256pt_Bondi,769,829,631,851,geometric_4.5A,,
Sr35,60,sre2,sr35_60_and_sre2_atp,model_1,2,Yes,,A,B,C,923,118,31,A,B,C:\Users\13441\Desktop\Ranking\Sr35\sr35_60_and_sre2_atp\fold_sr35_60_and_sre2_atp_model_1.cif,C:\Users\13441\Desktop\Ranking\Sr35\sr35_60_and_sre2_atp\fold_sr35_60_and_sre2_atp_full_data_1.json,C:\Users\13441\Desktop\Ranking\Sr35\sr35_60_and_sre2_atp\fold_sr35_60_and_sre2_atp_summary_confidences_1.json,0.5,0.65,0.57,False,0.4,10.25,10.69,0.0695,15.6,1.1,0.0,0.0565,0.0854,27.0,9.0,71.6,57.8,3.0,18.0,3.0,5.0,51.5,72.8,51.5,68.5,"[824,827-828]","[12-13,15-19,27-29,31,35,39-40,43,46,65-66]","[824,827-828]","[12,15-16,28-29]",0.4,0.65,True,0.0,0.0,0.0,0.0,0.0,0.0,0.0,0.0958,0.0106,0.0565,0,0,0,0,18.085532064403775,18.0,30.3,16.303005939446617,20.0,29.7,25.87046477036928,26.3,10.3,27.885802559817837,29.1,10.7,0.51,0.0008009989533026058,12,1,"631,632,635,653,654,673,677,678,700,702,704,724,727,744,746,765,767,769,770,791,792,794,795,797,799,800,803,804,811,814,815,816,817,820,821,822,823,824,826,827,828,830,831,836,838,839,841,842,843,918,923","1,4,7,12,13,15,16,17,19,20,21,27,28,29,31,38,39,42,43,46,47,50,51,52,78,106,107,108,109,110,111,112,113,114,115,116,117,118",51,38,98,0,1.7119637668201941,,,,4476.421055109093,2238.2105275545464,,benchmark_ShrakeRupley_256pt_Bondi,824,828,631,923,geometric_4.5A,,
Sr35,60,sre2,sr35_60_and_sre2_atp,model_2,3,Yes,,A,B,C,923,118,31,A,B,C:\Users\13441\Desktop\Ranking\Sr35\sr35_60_and_sre2_atp\fold_sr35_60_and_sre2_atp_model_2.cif,C:\Users\13441\Desktop\Ranking\Sr35\sr35_60_and_sre2_atp\fold_sr35_60_and_sre2_atp_full_data_2.json,C:\Users\13441\Desktop\Ranking\Sr35\sr35_60_and_sre2_atp\fold_sr35_60_and_sre2_atp_summary_confidences_2.json,0.49,0.65,0.55,False,0.31,13.21,13.7,0.0,0.0,0.0,0.0,0.0,0.0,0.0,0.0,71.5,55.7,0.0,0.0,0.0,0.0,,,,,,,,,0.31,0.65,True,0.0,0.0,0.0,0.0,0.0,0.0,0.0,0.0586,0.009,0.0,0,0,0,0,18.082108469270487,18.0,30.4,16.60451253078372,20.95,29.9,26.190770699818206,26.7,13.2,28.399175496263105,29.5,13.7,0.51,0.0008009989533026058,12,1,"330,610,631,633,635,653,654,677,678,700,702,704,724,727,746,765,767,769,770,791,794,804,814,815,816,817,818,819,820,821,822,824,833,842,843,844,909,911,913,916,917,918,919,920,921,922,923","13,16,17,19,20,21,28,38,42,43,46,47,50,51,52,79,80,82,98,99,100,102,107,108,109,110,111,112,113,114,115,116,117",47,33,88,0,1.7344723741999999,,,,4021.279692553835,2010.6398462769175,,benchmark_ShrakeRupley_256pt_Bondi,,,330,923,geometric_4.5A,,
Sr35,60,sre2,sr35_60_and_sre2_atp,model_3,4,Yes,,A,B,C,923,118,31,A,B,C:\Users\13441\Desktop\Ranking\Sr35\sr35_60_and_sre2_atp\fold_sr35_60_and_sre2_atp_model_3.cif,C:\Users\13441\Desktop\Ranking\Sr35\sr35_60_and_sre2_atp\fold_sr35_60_and_sre2_atp_full_data_3.json,C:\Users\13441\Desktop\Ranking\Sr35\sr35_60_and_sre2_atp\fold_sr35_60_and_sre2_atp_summary_confidences_3.json,0.46,0.65,0.53,False,0.3,12.47,12.8,0.0,0.0,0.0,0.0,0.0,0.0,0.0,0.0,71.8,56.6,0.0,0.0,0.0,0.0,,,,,,,,,0.3,0.65,True,0.0,0.0,0.0,0.0,0.0,0.0,0.0,0.0798,0.0103,0.0,0,0,0,0,17.927123663052907,17.9,30.3,17.10505577285238,19.6,31.1,26.569984574985767,27.0,12.5,28.18981122720679,29.1,12.8,0.51,0.0008009989533026058,12,1,"631,632,635,653,654,677,678,700,702,703,727,744,746,765,767,769,770,789,791,793,821,899,900,901,902,903,904,916,917","1,2,4,9,12,13,16,17,20,21,38,39,43,46,47,49,50,51,76,78",29,20,43,0,2.22827493676547,,,,2302.5323373928013,1151.2661686964007,,benchmark_ShrakeRupley_256pt_Bondi,,,631,917,geometric_4.5A,,
Sr35,60,sre2,sr35_60_and_sre2_atp,model_4,5,Yes,,A,B,C,923,118,31,A,B,C:\Users\13441\Desktop\Ranking\Sr35\sr35_60_and_sre2_atp\fold_sr35_60_and_sre2_atp_model_4.cif,C:\Users\13441\Desktop\Ranking\Sr35\sr35_60_and_sre2_atp\fold_sr35_60_and_sre2_atp_full_data_4.json,C:\Users\13441\Desktop\Ranking\Sr35\sr35_60_and_sre2_atp\fold_sr35_60_and_sre2_atp_summary_confidences_4.json,0.44,0.64,0.52,False,0.42,9.5,10.29,0.0672,41.0,2.8,0.0118,0.0487,0.0927,120.0,14.0,71.3,56.8,6.0,47.0,5.0,6.0,53.7,74.5,53.9,68.3,[824-829],"[4,8-21,23,25-31,33-47,49,58,61-67]","[824-825,827-829]","[4,12,15-16,28-29]",0.42,0.64,True,0.010959,0.010959,0.0,0.0,0.010959,0.559499,0.010959,0.0437,0.0099,0.0487,1,1,1,1,18.254868355804778,18.2,30.7,16.432138200782273,20.0,29.7,26.77148208678407,27.7,9.5,28.51234827478561,29.9,10.3,0.51,0.0008009989533026058,12,1,"334,702,703,727,748,769,770,772,793,794,815,816,818,821,824,827,828,829,830,831,833,835,840,841,842,843,844,845,846,847,848,849,850,851,852,855,874","1,4,9,10,12,13,15,16,17,19,20,27,28,29,31,51,96,102,106,107,108,109,110,111,112,113,114,115,116",37,29,76,0,2.3849958259470365,,,,3265.614882480622,1632.807441240311,,benchmark_ShrakeRupley_256pt_Bondi,824,829,334,874,geometric_4.5A,,
Sr35,61,sre2,sr35_61_and_sre2_atp,model_0,1,No,,A,B,C,1027,118,31,A,B,C:\Users\13441\Desktop\Ranking\Sr35\sr35_61_and_sre2_atp\fold_sr35_61_and_sre2_atp_model_0.cif,C:\Users\13441\Desktop\Ranking\Sr35\sr35_61_and_sre2_atp\fold_sr35_61_and_sre2_atp_full_data_0.json,C:\Users\13441\Desktop\Ranking\Sr35\sr35_61_and_sre2_atp\fold_sr35_61_and_sre2_atp_summary_confidences_0.json,0.46,0.62,0.52,False,0.36,13.54,10.86,0.0243,5.5,0.1,0.0,0.0229,0.0258,6.0,5.0,70.3,59.0,4.0,2.0,4.0,2.0,77.3,76.8,77.3,76.8,"[61,64,68,137]","[12,16]","[61,64,68,137]","[12,16]",0.36,0.62,True,0.0,0.0,0.0,0.0,0.0,0.0,0.0,0.1095,0.0161,0.0229,0,0,0,0,19.720600321533034,21.3,30.1,17.63138490511372,19.9,30.8,27.481368309870778,29.6,13.5,27.50474972356543,29.2,10.9,0.71,0.00040375951017444263,39,19,"59,60,61,64,65,68,71,126,129,130,133,134,137,140,141,144,531,532,533,534","1,3,4,5,6,7,8,9,10,12,13,14,16,17,20,21,28,47,50,51,53,56,59",20,23,43,0,2.4734181120562266,,,,1626.159244591062,813.079622295531,,benchmark_ShrakeRupley_256pt_Bondi,61,137,59,534,geometric_4.5A,,
Sr35,61,sre2,sr35_61_and_sre2_atp,model_1,2,No,,A,B,C,1027,118,31,A,B,C:\Users\13441\Desktop\Ranking\Sr35\sr35_61_and_sre2_atp\fold_sr35_61_and_sre2_atp_model_1.cif,C:\Users\13441\Desktop\Ranking\Sr35\sr35_61_and_sre2_atp\fold_sr35_61_and_sre2_atp_full_data_1.json,C:\Users\13441\Desktop\Ranking\Sr35\sr35_61_and_sre2_atp\fold_sr35_61_and_sre2_atp_summary_confidences_1.json,0.45,0.61,0.52,False,0.35,13.75,10.92,0.0247,4.9,0.1,0.0,0.0208,0.0292,6.0,4.0,70.3,58.9,5.0,2.0,3.0,2.0,75.2,77.1,75.8,77.1,"[60-61,64,134,137]","[12,16]","[61,64,137]","[12,16]",0.35,0.61,True,0.0,0.0,0.0,0.0,0.0,0.0,0.0,0.1007,0.0164,0.0208,0,0,0,0,19.92605423544797,21.6,30.4,17.924808054469068,20.1,31.5,27.74780172627201,29.8,13.8,27.462252240357795,29.1,10.9,0.71,0.00040375951017444263,39,19,"59,60,61,64,65,68,71,126,129,130,133,134,137,140,141,144,532,533,534","1,4,5,6,9,10,12,13,14,16,17,20,21,28,47,51,53,56",19,18,38,0,2.7736394660454913,,,,1503.296631544796,751.648315772398,,benchmark_ShrakeRupley_256pt_Bondi,61,137,59,534,geometric_4.5A,,
Sr35,61,sre2,sr35_61_and_sre2_atp,model_2,3,No,,A,B,C,1027,118,31,A,B,C:\Users\13441\Desktop\Ranking\Sr35\sr35_61_and_sre2_atp\fold_sr35_61_and_sre2_atp_model_2.cif,C:\Users\13441\Desktop\Ranking\Sr35\sr35_61_and_sre2_atp\fold_sr35_61_and_sre2_atp_full_data_2.json,C:\Users\13441\Desktop\Ranking\Sr35\sr35_61_and_sre2_atp\fold_sr35_61_and_sre2_atp_summary_confidences_2.json,0.45,0.61,0.51,False,0.37,12.93,10.17,0.0269,14.8,0.4,0.0,0.0233,0.0311,20.0,11.0,70.4,59.2,12.0,6.0,6.0,5.0,76.8,76.9,77.7,76.6,"[59-65,67-68,133-134,137]","[9,12-13,15-17]","[61,64-65,68,133,137]","[9,12-13,16-17]",0.37,0.61,True,0.0,0.0,0.0,0.0,0.0,0.0,0.0,0.1147,0.0126,0.0233,0,0,0,0,19.93282265763945,21.6,30.3,17.406953498478924,20.4,30.2,27.38247569851303,29.3,12.9,27.3761919693694,29.2,10.2,0.71,0.00040375951017444263,39,19,"26,28,29,31,32,35,59,60,61,64,65,68,71,118,121,124,125,126,128,129,130,132,133,134,137,140,141,144,532,533,534","1,4,5,6,7,8,9,10,12,13,14,16,17,20,21,28,47,51,53,56,59,112,114,115,116,117,118",31,27,59,0,2.3460909505068366,,,,2454.7292233215258,1227.3646116607629,,benchmark_ShrakeRupley_256pt_Bondi,61,137,26,534,geometric_4.5A,,
Sr35,61,sre2,sr35_61_and_sre2_atp,model_3,4,No,,A,B,C,1027,118,31,A,B,C:\Users\13441\Desktop\Ranking\Sr35\sr35_61_and_sre2_atp\fold_sr35_61_and_sre2_atp_model_3.cif,C:\Users\13441\Desktop\Ranking\Sr35\sr35_61_and_sre2_atp\fold_sr35_61_and_sre2_atp_full_data_3.json,C:\Users\13441\Desktop\Ranking\Sr35\sr35_61_and_sre2_atp\fold_sr35_61_and_sre2_atp_summary_confidences_3.json,0.44,0.61,0.51,False,0.36,13.79,11.07,0.0229,4.0,0.1,0.0,0.0229,0.0229,4.0,4.0,70.5,59.0,3.0,2.0,3.0,2.0,76.0,76.9,76.0,76.9,"[61,64,137]","[12,16]","[61,64,137]","[12,16]",0.36,0.61,True,0.0,0.0,0.0,0.0,0.0,0.0,0.0,0.112,0.0122,0.0229,0,0,0,0,19.84683753091481,21.5,30.2,17.237519918875854,19.85,29.9,27.519654910633246,29.4,13.8,27.61829501757629,29.2,11.1,0.71,0.00040375951017444263,39,19,"28,29,32,33,59,60,61,64,65,68,71,118,122,125,126,128,129,130,132,133,134,137,140,141,144,532,533,534","1,4,5,6,7,9,10,12,13,14,16,17,20,21,28,47,51,53,56,109,110,111,112,113,114,115,116,117,118",28,29,59,0,2.094665786765131,,,,2367.317902757217,1183.6589513786084,,benchmark_ShrakeRupley_256pt_Bondi,61,137,28,534,geometric_4.5A,,
Sr35,61,sre2,sr35_61_and_sre2_atp,model_4,5,No,,A,B,C,1027,118,31,A,B,C:\Users\13441\Desktop\Ranking\Sr35\sr35_61_and_sre2_atp\fold_sr35_61_and_sre2_atp_model_4.cif,C:\Users\13441\Desktop\Ranking\Sr35\sr35_61_and_sre2_atp\fold_sr35_61_and_sre2_atp_full_data_4.json,C:\Users\13441\Desktop\Ranking\Sr35\sr35_61_and_sre2_atp\fold_sr35_61_and_sre2_atp_summary_confidences_4.json,0.45,0.61,0.5,False,0.36,13.55,10.95,0.0271,4.0,0.1,0.0,0.0271,0.0271,4.0,4.0,70.6,59.1,3.0,2.0,3.0,2.0,76.1,77.1,76.1,77.1,"[61,64,137]","[12,16]","[61,64,137]","[12,16]",0.36,0.61,True,0.0,0.0,0.0,0.0,0.0,0.0,0.0,0.1121,0.0158,0.0271,0,0,0,0,19.821831694350013,21.4,30.2,17.934057656091554,20.2,31.4,27.691204429554567,29.9,13.5,27.566335220239964,29.2,10.9,0.71,0.00040375951017444263,39,19,"59,60,61,64,65,68,71,126,129,130,133,134,137,140,141,144,532,533,534","1,4,5,6,7,8,9,10,12,13,14,16,17,20,21,28,47,50,51,53,56",19,21,42,0,2.7321736964053716,,,,1519.4986004400446,759.7493002200223,,benchmark_ShrakeRupley_256pt_Bondi,61,137,59,534,geometric_4.5A,,
Sr35,62,sre2,sr35_62_and_sre2_atp,model_0,1,Yes,,A,B,C,974,118,31,A,B,C:\Users\13441\Desktop\Ranking\Sr35\sr35_62_and_sre2_atp\fold_sr35_62_and_sre2_atp_model_0.cif,C:\Users\13441\Desktop\Ranking\Sr35\sr35_62_and_sre2_atp\fold_sr35_62_and_sre2_atp_full_data_0.json,C:\Users\13441\Desktop\Ranking\Sr35\sr35_62_and_sre2_atp\fold_sr35_62_and_sre2_atp_summary_confidences_0.json,0.48,0.63,0.55,False,0.2,23.29,20.55,0.0,0.0,0.0,0.0,0.0,0.0,0.0,0.0,67.6,55.8,0.0,0.0,0.0,0.0,,,,,,,,,0.2,0.63,True,0.0,0.0,0.0,0.0,0.0,0.0,0.0,0.0758,0.0097,0.0,0,0,0,0,19.301441064807292,20.1,30.7,17.8320440388237,21.0,31.3,29.557841158250096,30.1,23.3,29.62140570076219,30.0,20.5,0.2,0.00047749973897609016,0,0,"92,614,615,616,617,620,636,638,639,640,643,645,657,658,660,680,686","1,2,3,4,5,9,12,13,15,16,19,20,28,29,31",17,15,30,0,2.574417150092598,,,,1404.0262012297449,702.0131006148724,,benchmark_ShrakeRupley_256pt_Bondi,,,92,686,geometric_4.5A,,
Sr35,62,sre2,sr35_62_and_sre2_atp,model_1,2,Yes,,A,B,C,974,118,31,A,B,C:\Users\13441\Desktop\Ranking\Sr35\sr35_62_and_sre2_atp\fold_sr35_62_and_sre2_atp_model_1.cif,C:\Users\13441\Desktop\Ranking\Sr35\sr35_62_and_sre2_atp\fold_sr35_62_and_sre2_atp_full_data_1.json,C:\Users\13441\Desktop\Ranking\Sr35\sr35_62_and_sre2_atp\fold_sr35_62_and_sre2_atp_summary_confidences_1.json,0.47,0.62,0.54,False,0.21,23.22,20.49,0.0,0.0,0.0,0.0,0.0,0.0,0.0,0.0,67.2,56.0,0.0,0.0,0.0,0.0,,,,,,,,,0.21,0.62,True,0.0,0.0,0.0,0.0,0.0,0.0,0.0,0.1028,0.0099,0.0,0,0,0,0,19.393445513463096,20.3,30.6,17.217383746197306,19.3,30.6,29.490016705530227,30.1,23.2,29.576736679079804,29.9,20.5,0.2,0.00047749973897609016,0,0,"613,614,615,616,617,619,620,636,637,638,639,640,643,645,657,658,659,660,686","1,2,3,4,5,9,12,13,15,16,19,20,28,29,31",19,15,36,0,1.8345259040474624,,,,1468.338480752159,734.1692403760795,,benchmark_ShrakeRupley_256pt_Bondi,,,613,686,geometric_4.5A,,
Sr35,62,sre2,sr35_62_and_sre2_atp,model_2,3,Yes,,A,B,C,974,118,31,A,B,C:\Users\13441\Desktop\Ranking\Sr35\sr35_62_and_sre2_atp\fold_sr35_62_and_sre2_atp_model_2.cif,C:\Users\13441\Desktop\Ranking\Sr35\sr35_62_and_sre2_atp\fold_sr35_62_and_sre2_atp_full_data_2.json,C:\Users\13441\Desktop\Ranking\Sr35\sr35_62_and_sre2_atp\fold_sr35_62_and_sre2_atp_summary_confidences_2.json,0.47,0.62,0.54,False,0.13,24.5,22.55,0.0,0.0,0.0,0.0,0.0,0.0,0.0,0.0,67.2,52.9,0.0,0.0,0.0,0.0,,,,,,,,,0.13,0.62,True,0.0,0.0,0.0,0.0,0.0,0.0,0.0,0.0411,0.0085,0.0,0,0,0,0,19.26531884495337,20.1,30.5,17.290996668115312,19.3,30.7,30.576838478404625,30.6,24.5,30.59884279399993,30.8,22.5,0.2,0.00047749973897609016,0,0,"358,362,365,441,442,443,500,564,586,587,588,607,608,610,903,922,931,932","3,4,5,7,9,12,13,16,20,24,25,26,27,28,30,33,50,51,114,116",18,20,30,0,2.389590649085413,,,,1658.3604367544178,829.1802183772089,,benchmark_ShrakeRupley_256pt_Bondi,,,358,932,geometric_4.5A,,
Sr35,62,sre2,sr35_62_and_sre2_atp,model_3,4,Yes,,A,B,C,974,118,31,A,B,C:\Users\13441\Desktop\Ranking\Sr35\sr35_62_and_sre2_atp\fold_sr35_62_and_sre2_atp_model_3.cif,C:\Users\13441\Desktop\Ranking\Sr35\sr35_62_and_sre2_atp\fold_sr35_62_and_sre2_atp_full_data_3.json,C:\Users\13441\Desktop\Ranking\Sr35\sr35_62_and_sre2_atp\fold_sr35_62_and_sre2_atp_summary_confidences_3.json,0.47,0.62,0.54,False,0.13,24.39,22.91,0.0,0.0,0.0,0.0,0.0,0.0,0.0,0.0,67.4,55.2,0.0,0.0,0.0,0.0,,,,,,,,,0.13,0.62,True,0.0,0.0,0.0,0.0,0.0,0.0,0.0,0.0205,0.0082,0.0,0,0,0,0,19.194241122209302,20.0,30.6,17.033210198464435,19.5,30.3,31.01209149758118,31.1,24.4,31.01178957992552,31.2,22.9,0.2,0.00047749973897609016,0,0,"335,880,885,899,902,903,906,909,910,913,918,919,920","1,13,29,114,116,117,118",13,7,17,0,2.302930342753732,,,,684.6184481580117,342.30922407900584,,benchmark_ShrakeRupley_256pt_Bondi,,,335,920,geometric_4.5A,,
Sr35,62,sre2,sr35_62_and_sre2_atp,model_4,5,Yes,,A,B,C,974,118,31,A,B,C:\Users\13441\Desktop\Ranking\Sr35\sr35_62_and_sre2_atp\fold_sr35_62_and_sre2_atp_model_4.cif,C:\Users\13441\Desktop\Ranking\Sr35\sr35_62_and_sre2_atp\fold_sr35_62_and_sre2_atp_full_data_4.json,C:\Users\13441\Desktop\Ranking\Sr35\sr35_62_and_sre2_atp\fold_sr35_62_and_sre2_atp_summary_confidences_4.json,0.46,0.61,0.53,False,0.14,21.25,21.14,0.0,0.0,0.0,0.0,0.0,0.0,0.0,0.0,67.2,54.6,0.0,0.0,0.0,0.0,,,,,,,,,0.14,0.61,True,0.0,0.0,0.0,0.0,0.0,0.0,0.0,0.0221,0.0081,0.0,0,0,0,0,19.41055004632258,20.4,30.6,16.712538026944806,18.9,29.7,30.29043782410469,30.7,21.2,30.64078324574531,30.9,21.1,0.2,0.00047749973897609016,0,0,"490,491,492,493,494,731,732,752,772,774,791,793,817,845,856,858,859,860,861,862,942,943,944","107,108,109,110,111,112,113,114,115,116,117,118",23,12,37,1,1.4572896132362019,,,,1706.0171112198811,853.0085556099406,,benchmark_ShrakeRupley_256pt_Bondi,,,490,944,geometric_4.5A,,
Sr35,63,sre2,sr35_63_and_sre2_atp,model_0,1,Yes,,A,B,C,940,118,31,A,B,C:\Users\13441\Desktop\Ranking\Sr35\sr35_63_and_sre2_atp\fold_sr35_63_and_sre2_atp_model_0.cif,C:\Users\13441\Desktop\Ranking\Sr35\sr35_63_and_sre2_atp\fold_sr35_63_and_sre2_atp_full_data_0.json,C:\Users\13441\Desktop\Ranking\Sr35\sr35_63_and_sre2_atp\fold_sr35_63_and_sre2_atp_summary_confidences_0.json,0.51,0.65,0.57,False,0.41,9.33,9.96,0.0778,37.8,2.9,0.0123,0.0572,0.1059,102.0,14.0,72.3,56.6,5.0,44.0,3.0,7.0,49.0,73.4,50.4,69.6,"[868,870-873]","[4,8-10,12-21,23,26-49,61-62,65-66,68]","[868,871-872]","[4,12,15-16,28-29,31]",0.41,0.65,True,0.01143,0.01143,0.0,0.0,0.01143,0.573091,0.01143,0.055,0.0117,0.0572,2,1,2,1,18.076570253551765,18.3,29.6,16.471802115022456,19.8,29.9,26.00264514965741,26.2,9.3,27.603911828344753,29.0,10.0,0.6,0.0006507392715470609,12,2,"631,653,654,700,702,726,727,750,767,769,771,793,818,820,822,823,840,842,844,865,868,869,871,872,873,874,875,877,881,893,897","1,4,5,7,12,13,15,16,17,19,20,21,28,29,31,38,42,46,50,51,110,112,114,116,117,118",31,26,58,1,1.0588080499042574,,,,2662.6492302791053,1331.3246151395526,,benchmark_ShrakeRupley_256pt_Bondi,868,872,631,897,geometric_4.5A,,
Sr35,63,sre2,sr35_63_and_sre2_atp,model_1,2,Yes,,A,B,C,940,118,31,A,B,C:\Users\13441\Desktop\Ranking\Sr35\sr35_63_and_sre2_atp\fold_sr35_63_and_sre2_atp_model_1.cif,C:\Users\13441\Desktop\Ranking\Sr35\sr35_63_and_sre2_atp\fold_sr35_63_and_sre2_atp_full_data_1.json,C:\Users\13441\Desktop\Ranking\Sr35\sr35_63_and_sre2_atp\fold_sr35_63_and_sre2_atp_summary_confidences_1.json,0.5,0.65,0.56,False,0.38,10.28,11.05,0.065,9.8,0.6,0.0,0.0563,0.075,16.0,6.0,71.9,56.9,2.0,10.0,2.0,5.0,49.8,67.0,49.8,68.0,[871-872],"[13,15-20,28-29,39]",[871-872],"[15-16,19,28-29]",0.38,0.65,True,0.0,0.0,0.0,0.0,0.0,0.0,0.0,0.06,0.0126,0.0562,0,0,0,0,18.145311784832213,18.4,29.7,17.101629726206,19.1,31.1,26.279839523981245,26.4,10.3,28.046503786512805,29.5,11.1,0.6,0.0006507392715470609,12,2,"653,726,727,750,767,769,771,772,793,795,820,822,823,842,844,845,868,869,871,872,873,874,875,877,895,897","1,4,5,7,12,13,15,16,17,19,20,21,28,29,31,38,46,47,49,50,51",26,21,50,0,2.342569330648335,,,,2186.194026889877,1093.0970134449385,,benchmark_ShrakeRupley_256pt_Bondi,871,872,653,897,geometric_4.5A,,
Sr35,63,sre2,sr35_63_and_sre2_atp,model_2,3,Yes,,A,B,C,940,118,31,A,B,C:\Users\13441\Desktop\Ranking\Sr35\sr35_63_and_sre2_atp\fold_sr35_63_and_sre2_atp_model_2.cif,C:\Users\13441\Desktop\Ranking\Sr35\sr35_63_and_sre2_atp\fold_sr35_63_and_sre2_atp_full_data_2.json,C:\Users\13441\Desktop\Ranking\Sr35\sr35_63_and_sre2_atp\fold_sr35_63_and_sre2_atp_summary_confidences_2.json,0.51,0.65,0.56,False,0.38,10.69,11.17,0.0555,11.0,0.6,0.0,0.0466,0.066,24.0,5.0,71.9,56.2,2.0,17.0,2.0,3.0,48.5,72.6,48.5,68.9,[871-872],"[15-20,28,33,35-36,38-39,41-42,45-46,61]",[871-872],"[15-16,28]",0.38,0.65,True,0.0,0.0,0.0,0.0,0.0,0.0,0.0,0.0933,0.0124,0.0466,0,0,0,0,18.155021979017967,18.4,29.7,17.177509778357237,19.2,31.2,26.032378290659935,26.0,10.7,27.723420483231155,29.0,11.2,0.6,0.0006507392715470609,12,2,"492,497,630,631,653,654,673,700,702,724,726,727,750,767,769,771,791,793,795,820,822,842,844,865,868,869,871,872,873,874,891,893,895,897","1,4,5,7,12,13,15,16,17,19,20,21,24,28,29,31,38,39,46,47,49,50,51",34,23,62,0,2.3078734532787344,,,,2552.866652972276,1276.433326486138,,benchmark_ShrakeRupley_256pt_Bondi,871,872,492,897,geometric_4.5A,,
Sr35,63,sre2,sr35_63_and_sre2_atp,model_3,4,Yes,,A,B,C,940,118,31,A,B,C:\Users\13441\Desktop\Ranking\Sr35\sr35_63_and_sre2_atp\fold_sr35_63_and_sre2_atp_model_3.cif,C:\Users\13441\Desktop\Ranking\Sr35\sr35_63_and_sre2_atp\fold_sr35_63_and_sre2_atp_full_data_3.json,C:\Users\13441\Desktop\Ranking\Sr35\sr35_63_and_sre2_atp\fold_sr35_63_and_sre2_atp_summary_confidences_3.json,0.5,0.65,0.56,False,0.4,10.31,10.99,0.0638,19.0,1.2,0.0,0.0559,0.0729,40.0,9.0,72.0,56.8,3.0,24.0,3.0,6.0,50.2,70.7,50.2,68.2,"[868,871-872]","[9,12-13,15-21,27-29,33,35-36,38-39,41-43,45-46,61]","[868,871-872]","[12,15-16,19,28-29]",0.4,0.65,True,0.0,0.0,0.0,0.0,0.0,0.0,0.0,0.1339,0.0104,0.0559,0,0,0,0,18.229463893231824,18.5,29.9,16.25202086049544,19.2,29.7,25.824679047962494,25.9,10.3,27.828697259285974,29.2,11.0,0.6,0.0006507392715470609,12,2,"653,654,673,700,724,726,745,749,750,767,769,771,772,774,789,790,791,792,793,794,795,796,797,799,802,805,811,812,815,816,817,818,819,820,821,822,823,824,825,826,839,844,845,865,868,869,871,872,873,874,875,897","1,2,4,5,7,12,13,15,16,17,19,20,21,22,28,29,31,38,39,42,43,46,47,49,50,51,104,106,107,108,109,110,111,112,113,114,115,116",52,38,141,0,1.886518646704162,,,,4682.473066166109,2341.2365330830544,,benchmark_ShrakeRupley_256pt_Bondi,868,872,653,897,geometric_4.5A,,
Sr35,63,sre2,sr35_63_and_sre2_atp,model_4,5,Yes,,A,B,C,940,118,31,A,B,C:\Users\13441\Desktop\Ranking\Sr35\sr35_63_and_sre2_atp\fold_sr35_63_and_sre2_atp_model_4.cif,C:\Users\13441\Desktop\Ranking\Sr35\sr35_63_and_sre2_atp\fold_sr35_63_and_sre2_atp_full_data_4.json,C:\Users\13441\Desktop\Ranking\Sr35\sr35_63_and_sre2_atp\fold_sr35_63_and_sre2_atp_summary_confidences_4.json,0.5,0.64,0.55,False,0.38,10.5,11.55,0.0563,8.1,0.5,0.0,0.0507,0.0625,11.0,6.0,71.8,56.8,2.0,8.0,2.0,4.0,49.5,70.9,49.5,68.8,[871-872],"[15-16,18-19,28,39,41-42]",[871-872],"[15-16,19,28]",0.38,0.64,True,0.0,0.0,0.0,0.0,0.0,0.0,0.0,0.0878,0.0122,0.0507,0,0,0,0,18.263617814333944,18.6,29.7,17.323272490221644,19.7,31.3,26.288984853948794,26.3,10.5,27.87070591417238,29.1,11.5,0.6,0.0006507392715470609,12,2,"492,653,654,673,700,702,724,726,727,745,749,750,767,769,771,772,791,793,795,796,820,822,823,842,844,868,869,871,872,873,874,877,895,897","1,4,5,7,12,13,15,16,17,19,20,21,22,28,29,31,38,39,42,46,47,49,50,51,52",34,25,69,0,1.7916544191895938,,,,2641.3626771225754,1320.6813385612877,,benchmark_ShrakeRupley_256pt_Bondi,871,872,492,897,geometric_4.5A,,
Sr35,64,sre2,sr35_64_and_sre2_atp,model_0,1,Yes,,A,B,C,992,118,31,A,B,C:\Users\13441\Desktop\Ranking\Sr35\sr35_64_and_sre2_atp\fold_sr35_64_and_sre2_atp_model_0.cif,C:\Users\13441\Desktop\Ranking\Sr35\sr35_64_and_sre2_atp\fold_sr35_64_and_sre2_atp_full_data_0.json,C:\Users\13441\Desktop\Ranking\Sr35\sr35_64_and_sre2_atp\fold_sr35_64_and_sre2_atp_summary_confidences_0.json,0.48,0.65,0.55,False,0.19,22.57,24.16,0.0,0.0,0.0,0.0,0.0,0.0,0.0,0.0,68.7,53.4,0.0,0.0,0.0,0.0,,,,,,,,,0.19,0.65,True,0.0,0.0,0.0,0.0,0.0,0.0,0.0,0.0653,0.0087,0.0,0,0,0,0,18.257500366199015,18.6,29.8,17.045118064609593,20.15,30.2,28.7775551872608,29.0,22.6,30.069882791142703,30.5,24.2,0.11,0.00045824220885729906,0,0,"443,489,490,491,492,497,500,700,702,728,729,752,773,774,790,794,820,822,824,826,827,845,847,849,869,871,872,874,892,896,898,900,926,930,947,949","1,2,3,4,5,6,7,8,9,12,13,16,17,19,20,21,22,23,27,28,29,30,43,46,49,50,51,52,53,54,55,56,59",36,33,65,1,1.4196090876635523,,,,2655.5448031998462,1327.7724015999231,,benchmark_ShrakeRupley_256pt_Bondi,,,443,949,geometric_4.5A,,
Sr35,64,sre2,sr35_64_and_sre2_atp,model_1,2,Yes,,A,B,C,992,118,31,A,B,C:\Users\13441\Desktop\Ranking\Sr35\sr35_64_and_sre2_atp\fold_sr35_64_and_sre2_atp_model_1.cif,C:\Users\13441\Desktop\Ranking\Sr35\sr35_64_and_sre2_atp\fold_sr35_64_and_sre2_atp_full_data_1.json,C:\Users\13441\Desktop\Ranking\Sr35\sr35_64_and_sre2_atp\fold_sr35_64_and_sre2_atp_summary_confidences_1.json,0.48,0.65,0.55,False,0.19,22.46,21.06,0.0,0.0,0.0,0.0,0.0,0.0,0.0,0.0,69.0,53.5,0.0,0.0,0.0,0.0,,,,,,,,,0.19,0.65,True,0.0,0.0,0.0,0.0,0.0,0.0,0.0,0.0443,0.0088,0.0,0,0,0,0,18.337003596888124,18.5,30.2,17.44347385194843,20.7,30.7,28.758524125205028,29.0,22.5,30.11091699699289,30.5,21.1,0.11,0.00045824220885729906,0,0,"443,445,490,492,497,607,631,654,702,728,729,751,752,773,774,776,792,824,827,847,849,850,870,872,917,918,920,926,933,937,949","1,9,12,13,16,17,20,21,23,24,25,26,27,28,33,46,47,50,51,53,113,115,116,118",31,24,42,0,2.386459212978737,,,,2220.0224266031137,1110.0112133015568,,benchmark_ShrakeRupley_256pt_Bondi,,,443,949,geometric_4.5A,,
Sr35,64,sre2,sr35_64_and_sre2_atp,model_2,3,Yes,,A,B,C,992,118,31,A,B,C:\Users\13441\Desktop\Ranking\Sr35\sr35_64_and_sre2_atp\fold_sr35_64_and_sre2_atp_model_2.cif,C:\Users\13441\Desktop\Ranking\Sr35\sr35_64_and_sre2_atp\fold_sr35_64_and_sre2_atp_full_data_2.json,C:\Users\13441\Desktop\Ranking\Sr35\sr35_64_and_sre2_atp\fold_sr35_64_and_sre2_atp_summary_confidences_2.json,0.48,0.66,0.55,False,0.19,22.43,21.93,0.0,0.0,0.0,0.0,0.0,0.0,0.0,0.0,69.0,53.3,0.0,0.0,0.0,0.0,,,,,,,,,0.19,0.66,True,0.0,0.0,0.0,0.0,0.0,0.0,0.0,0.037,0.0092,0.0,0,0,0,0,18.087212737215587,18.4,29.7,17.012726350861946,19.9,29.9,28.759750034171677,29.1,22.4,30.149443001640243,30.5,21.9,0.11,0.00045824220885729906,0,0,"173,335,443,497,586,610,633,702,728,729,752,873,937,940,943","10,16,17,20,38,39,50,51,52,53,115,116,118",15,13,20,0,1.962148183789325,,,,1247.4551629484397,623.7275814742198,,benchmark_ShrakeRupley_256pt_Bondi,,,173,943,geometric_4.5A,,
Sr35,64,sre2,sr35_64_and_sre2_atp,model_3,4,Yes,,A,B,C,992,118,31,A,B,C:\Users\13441\Desktop\Ranking\Sr35\sr35_64_and_sre2_atp\fold_sr35_64_and_sre2_atp_model_3.cif,C:\Users\13441\Desktop\Ranking\Sr35\sr35_64_and_sre2_atp\fold_sr35_64_and_sre2_atp_full_data_3.json,C:\Users\13441\Desktop\Ranking\Sr35\sr35_64_and_sre2_atp\fold_sr35_64_and_sre2_atp_summary_confidences_3.json,0.48,0.65,0.55,False,0.18,23.55,23.95,0.0,0.0,0.0,0.0,0.0,0.0,0.0,0.0,69.0,52.4,0.0,0.0,0.0,0.0,,,,,,,,,0.18,0.65,True,0.0,0.0,0.0,0.0,0.0,0.0,0.0,0.07,0.0092,0.0,0,0,0,0,18.125221855571105,18.4,29.8,17.079117774880487,20.0,29.9,28.970810552214328,29.2,23.6,30.460273715144886,30.7,23.9,0.11,0.00045824220885729906,0,0,"334,631,632,633,653,654,673,677,700,702,704,728,729,752,774,849,873,874,875","27,30,32,33,36,59,65,66,68,69,70,71,72,73,74,116,117,118",19,18,37,0,1.9887933557376833,,,,1320.0539281471968,660.0269640735984,,benchmark_ShrakeRupley_256pt_Bondi,,,334,875,geometric_4.5A,,
Sr35,64,sre2,sr35_64_and_sre2_atp,model_4,5,Yes,,A,B,C,992,118,31,A,B,C:\Users\13441\Desktop\Ranking\Sr35\sr35_64_and_sre2_atp\fold_sr35_64_and_sre2_atp_model_4.cif,C:\Users\13441\Desktop\Ranking\Sr35\sr35_64_and_sre2_atp\fold_sr35_64_and_sre2_atp_full_data_4.json,C:\Users\13441\Desktop\Ranking\Sr35\sr35_64_and_sre2_atp\fold_sr35_64_and_sre2_atp_summary_confidences_4.json,0.47,0.65,0.54,False,0.2,22.5,20.99,0.0,0.0,0.0,0.0,0.0,0.0,0.0,0.0,69.0,54.0,0.0,0.0,0.0,0.0,,,,,,,,,0.2,0.65,True,0.0,0.0,0.0,0.0,0.0,0.0,0.0,0.033,0.009,0.0,0,0,0,0,18.196832378503302,18.5,29.9,17.235115167318558,19.9,30.6,28.578223243575724,28.8,22.5,30.000952535538545,30.4,21.0,0.11,0.00045824220885729906,0,0,"173,492,635,653,654,655,702,704,729,752,773,849,917,918,941,943","1,9,13,14,16,17,20,28,29,53,116,118",16,12,22,0,2.183173779758618,,,,1266.7894518902121,633.3947259451061,,benchmark_ShrakeRupley_256pt_Bondi,,,173,943,geometric_4.5A,,
Sr35,65,sre2,sr35_65_and_sre2_atp,model_0,1,Partially,,A,B,C,793,118,31,A,B,C:\Users\13441\Desktop\Ranking\Sr35\sr35_65_and_sre2_atp\fold_sr35_65_and_sre2_atp_model_0.cif,C:\Users\13441\Desktop\Ranking\Sr35\sr35_65_and_sre2_atp\fold_sr35_65_and_sre2_atp_full_data_0.json,C:\Users\13441\Desktop\Ranking\Sr35\sr35_65_and_sre2_atp\fold_sr35_65_and_sre2_atp_summary_confidences_0.json,0.53,0.67,0.61,False,0.17,13.67,13.68,0.0,0.0,0.0,0.0,0.0,0.0,0.0,0.0,74.2,55.8,0.0,0.0,0.0,0.0,,,,,,,,,0.17,0.67,True,0.0,0.0,0.0,0.0,0.0,0.0,0.0,0.0347,0.0103,0.0,0,0,0,0,15.679687798540257,14.6,29.2,16.76588439808779,20.1,30.0,28.72857738260628,29.5,13.7,30.135447880821594,30.6,13.7,0.37,0.0008689379528501507,8,0,"493,654,673,693,694,695,696,697,698,699,700,701,702,703,704,708,709,716,721,722,723,724,725,726,727,728,729,730","107,108,109,110,111,112,113,114,115,116,117,118",28,12,71,0,1.912528519956106,,,,1928.5670537438068,964.2835268719034,,benchmark_ShrakeRupley_256pt_Bondi,,,493,730,geometric_4.5A,,
Sr35,65,sre2,sr35_65_and_sre2_atp,model_1,2,Partially,,A,B,C,793,118,31,A,B,C:\Users\13441\Desktop\Ranking\Sr35\sr35_65_and_sre2_atp\fold_sr35_65_and_sre2_atp_model_1.cif,C:\Users\13441\Desktop\Ranking\Sr35\sr35_65_and_sre2_atp\fold_sr35_65_and_sre2_atp_full_data_1.json,C:\Users\13441\Desktop\Ranking\Sr35\sr35_65_and_sre2_atp\fold_sr35_65_and_sre2_atp_summary_confidences_1.json,0.53,0.68,0.6,False,0.2,14.4,14.15,0.0,0.0,0.0,0.0,0.0,0.0,0.0,0.0,74.2,55.3,0.0,0.0,0.0,0.0,,,,,,,,,0.2,0.68,True,0.0,0.0,0.0,0.0,0.0,0.0,0.0,0.123,0.0104,0.0,0,0,0,0,15.737708261683672,14.8,29.1,16.52450383891062,20.1,29.5,27.570109218372625,27.9,14.4,29.50049479556287,29.9,14.1,0.37,0.0008689379528501507,8,0,"443,445,488,489,490,493,497,607,608,609,630,631,632,633,635,653,654,673,676,677,693,694,695,696,697,698,699,700,701,702,703,704,708,712,716,721,722,723,724,725,726,727,728,729,730,750","17,20,21,36,38,39,42,43,46,48,49,50,51,52,53,54,81,106,107,108,109,110,111,112,113,114,115,116,117,118",46,30,101,0,2.1721292054365806,,,,3297.4292218698574,1648.7146109349287,,benchmark_ShrakeRupley_256pt_Bondi,,,443,750,geometric_4.5A,,
Sr35,65,sre2,sr35_65_and_sre2_atp,model_2,3,Partially,,A,B,C,793,118,31,A,B,C:\Users\13441\Desktop\Ranking\Sr35\sr35_65_and_sre2_atp\fold_sr35_65_and_sre2_atp_model_2.cif,C:\Users\13441\Desktop\Ranking\Sr35\sr35_65_and_sre2_atp\fold_sr35_65_and_sre2_atp_full_data_2.json,C:\Users\13441\Desktop\Ranking\Sr35\sr35_65_and_sre2_atp\fold_sr35_65_and_sre2_atp_summary_confidences_2.json,0.53,0.67,0.6,False,0.16,14.0,13.77,0.0,0.0,0.0,0.0,0.0,0.0,0.0,0.0,74.1,55.4,0.0,0.0,0.0,0.0,,,,,,,,,0.16,0.67,True,0.0,0.0,0.0,0.0,0.0,0.0,0.0,0.0496,0.01,0.0,0,0,0,0,15.713695594023465,14.8,28.9,17.150340431696364,19.5,30.9,29.36378481202043,30.1,14.0,30.267661957381325,30.7,13.8,0.37,0.0008689379528501507,8,0,"94,493,654,673,676,688,693,694,695,696,697,698,699,700,701,702,703,704,708,709,712,716,718,721,722,723,724,725,726,727,728,729,730,740","9,16,19,20,28,106,107,108,109,110,111,112,113,114,115,116,117,118",34,18,80,0,1.6715577670064707,,,,2473.898917351943,1236.9494586759715,,benchmark_ShrakeRupley_256pt_Bondi,,,94,740,geometric_4.5A,,
Sr35,65,sre2,sr35_65_and_sre2_atp,model_3,4,Partially,,A,B,C,793,118,31,A,B,C:\Users\13441\Desktop\Ranking\Sr35\sr35_65_and_sre2_atp\fold_sr35_65_and_sre2_atp_model_3.cif,C:\Users\13441\Desktop\Ranking\Sr35\sr35_65_and_sre2_atp\fold_sr35_65_and_sre2_atp_full_data_3.json,C:\Users\13441\Desktop\Ranking\Sr35\sr35_65_and_sre2_atp\fold_sr35_65_and_sre2_atp_summary_confidences_3.json,0.52,0.67,0.59,False,0.16,13.86,13.73,0.0,0.0,0.0,0.0,0.0,0.0,0.0,0.0,74.6,56.1,0.0,0.0,0.0,0.0,,,,,,,,,0.16,0.67,True,0.0,0.0,0.0,0.0,0.0,0.0,0.0,0.0436,0.0101,0.0,0,0,0,0,15.554244366744367,14.6,28.7,16.63629581341446,19.3,29.9,29.29764785089875,30.2,13.9,30.536190608502363,31.1,13.7,0.37,0.0008689379528501507,8,0,"493,495,673,676,694,695,696,697,698,699,700,701,702,703,704,705,706,708,709,716,721,722,723,724,725,726,727,728,729,730","13,16,20,28,108,109,110,111,112,113,114,115,116,117,118",30,15,69,0,1.9578817828400303,,,,2086.152315943415,1043.0761579717075,,benchmark_ShrakeRupley_256pt_Bondi,,,493,730,geometric_4.5A,,
Sr35,65,sre2,sr35_65_and_sre2_atp,model_4,5,Partially,,A,B,C,793,118,31,A,B,C:\Users\13441\Desktop\Ranking\Sr35\sr35_65_and_sre2_atp\fold_sr35_65_and_sre2_atp_model_4.cif,C:\Users\13441\Desktop\Ranking\Sr35\sr35_65_and_sre2_atp\fold_sr35_65_and_sre2_atp_full_data_4.json,C:\Users\13441\Desktop\Ranking\Sr35\sr35_65_and_sre2_atp\fold_sr35_65_and_sre2_atp_summary_confidences_4.json,0.52,0.67,0.59,False,0.21,15.19,15.63,0.0,0.0,0.0,0.0,0.0,0.0,0.0,0.0,74.7,55.5,0.0,0.0,0.0,0.0,,,,,,,,,0.21,0.67,True,0.0,0.0,0.0,0.0,0.0,0.0,0.0,0.1361,0.01,0.0,0,0,0,0,15.772019374068552,14.9,28.9,17.21936114732725,20.3,30.7,28.15099600316327,28.5,15.2,28.773012802701604,29.1,15.6,0.37,0.0008689379528501507,8,0,"92,469,491,492,493,495,614,615,616,617,619,620,636,637,638,639,640,642,643,645,653,657,658,659,660,661,664,672,673,686,689,695,704,724,726,728,746,747,748,750,751","1,2,3,4,5,9,12,13,15,16,19,20,28,29,31,107,112,113,114,115,116,117,118",41,23,75,1,1.4073416539399446,,,,2929.6134487606337,1464.8067243803168,,benchmark_ShrakeRupley_256pt_Bondi,,,92,751,geometric_4.5A,,
Sr35,66,sre20,sr35_66_and_sre20_atp,model_0,1,Yes,,A,B,C,985,122,31,A,B,C:\Users\13441\Desktop\Ranking\Sr35\sr35_66_and_sre20_atp\fold_sr35_66_and_sre20_atp_model_0.cif,C:\Users\13441\Desktop\Ranking\Sr35\sr35_66_and_sre20_atp\fold_sr35_66_and_sre20_atp_full_data_0.json,C:\Users\13441\Desktop\Ranking\Sr35\sr35_66_and_sre20_atp\fold_sr35_66_and_sre20_atp_summary_confidences_0.json,0.48,0.66,0.54,False,0.27,17.01,21.42,0.0,0.0,0.0,0.0,0.0,0.0,0.0,0.0,72.6,29.8,0.0,0.0,0.0,0.0,,,,,,,,,0.27,0.66,True,0.0,0.0,0.0,0.0,0.0,0.0,0.0,0.0346,0.0094,0.0,0,0,0,0,17.636396454954397,17.8,28.8,21.63490041999729,23.5,27.4,25.559476574852294,25.7,17.0,30.106700507614214,30.4,21.4,0.1,0.0005401514521095115,0,0,"443,445,488,492,497,588,607,608,609,610,630,631,632,633,653,654,700,702,703,728,729,752,754,773,776,797","3,9,62,88,90,91,92,96,97,98,100,101,103,105,107,109,110,111,112",26,19,40,0,2.2349175845420985,,,,2019.7409518370732,1009.8704759185366,,benchmark_ShrakeRupley_256pt_Bondi,,,443,797,geometric_4.5A,,
Sr35,66,sre20,sr35_66_and_sre20_atp,model_1,2,Yes,,A,B,C,985,122,31,A,B,C:\Users\13441\Desktop\Ranking\Sr35\sr35_66_and_sre20_atp\fold_sr35_66_and_sre20_atp_model_1.cif,C:\Users\13441\Desktop\Ranking\Sr35\sr35_66_and_sre20_atp\fold_sr35_66_and_sre20_atp_full_data_1.json,C:\Users\13441\Desktop\Ranking\Sr35\sr35_66_and_sre20_atp\fold_sr35_66_and_sre20_atp_summary_confidences_1.json,0.48,0.66,0.53,False,0.26,16.76,21.97,0.0,0.0,0.0,0.0,0.0,0.0,0.0,0.0,72.6,30.5,0.0,0.0,0.0,0.0,,,,,,,,,0.26,0.66,True,0.0,0.0,0.0,0.0,0.0,0.0,0.0,0.0372,0.0094,0.0,0,0,0,0,17.586811419256325,17.8,28.7,21.143537461048638,23.0,26.6,25.739105433968547,25.9,16.8,30.172066239494047,30.4,22.0,0.1,0.0005401514521095115,0,0,"443,490,497,607,608,654,673,700,702,728,729,752,774,776,796,797,817,818,841,844,897,898","31,32,34,35,75,77,78,81,82,83,96,99,100,101,102,103,105,107,117",22,19,37,0,1.600243965055422,,,,1741.982702054185,870.9913510270925,,benchmark_ShrakeRupley_256pt_Bondi,,,443,898,geometric_4.5A,,
Sr35,66,sre20,sr35_66_and_sre20_atp,model_2,3,Yes,,A,B,C,985,122,31,A,B,C:\Users\13441\Desktop\Ranking\Sr35\sr35_66_and_sre20_atp\fold_sr35_66_and_sre20_atp_model_2.cif,C:\Users\13441\Desktop\Ranking\Sr35\sr35_66_and_sre20_atp\fold_sr35_66_and_sre20_atp_full_data_2.json,C:\Users\13441\Desktop\Ranking\Sr35\sr35_66_and_sre20_atp\fold_sr35_66_and_sre20_atp_summary_confidences_2.json,0.47,0.66,0.52,False,0.26,16.43,21.32,0.0,0.0,0.0,0.0,0.0,0.0,0.0,0.0,72.5,30.2,0.0,0.0,0.0,0.0,,,,,,,,,0.26,0.66,True,0.0,0.0,0.0,0.0,0.0,0.0,0.0,0.0527,0.0094,0.0,0,0,0,0,17.652430460979737,17.8,28.8,21.303407397371632,23.0,26.9,25.94931763335275,26.2,16.4,30.153979362569693,30.4,21.3,0.1,0.0005401514521095115,0,0,"358,361,362,365,440,441,443,445,497,500,542,564,585,586,587,588,607,608,609,631,632,633,634,635,653,654,702,728,729,752,774,776","1,2,3,23,24,73,78,79,81,88,101,107,108,109,110,112,115,116,117,118,119,120,121",32,23,49,0,1.940464926666948,,,,2041.8499592240964,1020.9249796120482,,benchmark_ShrakeRupley_256pt_Bondi,,,358,776,geometric_4.5A,,
Sr35,66,sre20,sr35_66_and_sre20_atp,model_3,4,Yes,,A,B,C,985,122,31,A,B,C:\Users\13441\Desktop\Ranking\Sr35\sr35_66_and_sre20_atp\fold_sr35_66_and_sre20_atp_model_3.cif,C:\Users\13441\Desktop\Ranking\Sr35\sr35_66_and_sre20_atp\fold_sr35_66_and_sre20_atp_full_data_3.json,C:\Users\13441\Desktop\Ranking\Sr35\sr35_66_and_sre20_atp\fold_sr35_66_and_sre20_atp_summary_confidences_3.json,0.47,0.66,0.52,False,0.25,17.81,24.0,0.0,0.0,0.0,0.0,0.0,0.0,0.0,0.0,72.7,31.5,0.0,0.0,0.0,0.0,,,,,,,,,0.25,0.66,True,0.0,0.0,0.0,0.0,0.0,0.0,0.0,0.026,0.0088,0.0,0,0,0,0,17.672552102678385,17.9,28.8,20.86495054870614,22.8,26.5,26.246251976366814,26.5,17.8,30.34231172505617,30.6,24.0,0.1,0.0005401514521095115,0,0,"635,653,654,655,657,702,704,729,752,842,844,845,870,897,898,900,942","9,12,20,21,23,26,27,28,29,31,32,74,109,110,111,112",17,16,27,0,2.356136065260803,,,,1572.610483651358,786.305241825679,,benchmark_ShrakeRupley_256pt_Bondi,,,635,942,geometric_4.5A,,
Sr35,66,sre20,sr35_66_and_sre20_atp,model_4,5,Yes,,A,B,C,985,122,31,A,B,C:\Users\13441\Desktop\Ranking\Sr35\sr35_66_and_sre20_atp\fold_sr35_66_and_sre20_atp_model_4.cif,C:\Users\13441\Desktop\Ranking\Sr35\sr35_66_and_sre20_atp\fold_sr35_66_and_sre20_atp_full_data_4.json,C:\Users\13441\Desktop\Ranking\Sr35\sr35_66_and_sre20_atp\fold_sr35_66_and_sre20_atp_summary_confidences_4.json,0.46,0.66,0.52,False,0.26,17.5,20.36,0.0,0.0,0.0,0.0,0.0,0.0,0.0,0.0,72.5,30.5,0.0,0.0,0.0,0.0,,,,,,,,,0.26,0.66,True,0.0,0.0,0.0,0.0,0.0,0.0,0.0,0.0511,0.0089,0.0,0,0,0,0,17.701225496265113,17.9,28.8,20.89693131012058,22.7,26.5,25.50886161271532,25.7,17.5,29.94364982940834,30.2,20.4,0.1,0.0005401514521095115,0,0,"334,365,441,443,487,488,489,492,497,500,607,610,631,653,654,655,656,673,702,728,729,752,773,776,797,817,838,840,842,865,867,869,870,893,895,897,898,913,915,938,940,965","1,12,26,31,34,35,37,42,43,44,45,49,68,70,71,72,73,77,78,79,81,88,96,97,98,99,100,101,102,105,106,107",42,32,65,0,2.460720338939732,,,,3160.577499253715,1580.2887496268575,,benchmark_ShrakeRupley_256pt_Bondi,,,334,965,geometric_4.5A,,
Sr35,67,sre20,sr35_67_and_sre20_atp,model_0,1,Yes,,A,B,C,892,122,31,A,B,C:\Users\13441\Desktop\Ranking\Sr35\sr35_67_and_sre20_atp\fold_sr35_67_and_sre20_atp_model_0.cif,C:\Users\13441\Desktop\Ranking\Sr35\sr35_67_and_sre20_atp\fold_sr35_67_and_sre20_atp_full_data_0.json,C:\Users\13441\Desktop\Ranking\Sr35\sr35_67_and_sre20_atp\fold_sr35_67_and_sre20_atp_summary_confidences_0.json,0.52,0.69,0.58,False,0.26,15.88,19.48,0.0,0.0,0.0,0.0,0.0,0.0,0.0,0.0,72.4,30.4,0.0,0.0,0.0,0.0,,,,,,,,,0.26,0.69,True,0.0,0.0,0.0,0.0,0.0,0.0,0.0,0.0514,0.0089,0.0,0,0,0,0,16.302128786620564,15.8,28.5,21.258081560764126,22.8,28.2,25.451946261854005,25.5,15.9,29.909029258251852,30.3,19.5,0.12,0.0007502021612879514,0,0,"324,442,492,497,542,543,562,563,564,586,587,588,607,608,610,630,631,633,653,654,678,702,704,728,729,731,752,774,775,777,799,819,832,833,834,835,836,837,838,839,840,841,842,843,844,855,856,859,861,866,867,868,869,870,872","2,3,4,5,6,7,8,9,10,11,20,21,22,23,24,58,59,60,61,87,88,91,96,98,100,101,102,103,104,105,107",55,31,99,0,1.534322368544338,,,,3988.287894055511,1994.1439470277555,,benchmark_ShrakeRupley_256pt_Bondi,,,324,872,geometric_4.5A,,
Sr35,67,sre20,sr35_67_and_sre20_atp,model_1,2,Yes,,A,B,C,892,122,31,A,B,C:\Users\13441\Desktop\Ranking\Sr35\sr35_67_and_sre20_atp\fold_sr35_67_and_sre20_atp_model_1.cif,C:\Users\13441\Desktop\Ranking\Sr35\sr35_67_and_sre20_atp\fold_sr35_67_and_sre20_atp_full_data_1.json,C:\Users\13441\Desktop\Ranking\Sr35\sr35_67_and_sre20_atp\fold_sr35_67_and_sre20_atp_summary_confidences_1.json,0.51,0.69,0.58,False,0.25,15.62,21.86,0.0,0.0,0.0,0.0,0.0,0.0,0.0,0.0,72.3,29.7,0.0,0.0,0.0,0.0,,,,,,,,,0.25,0.69,True,0.0,0.0,0.0,0.0,0.0,0.0,0.0,0.0289,0.0085,0.0,0,0,0,0,16.24125346640294,15.7,28.6,21.81300636770085,23.5,29.0,25.508903366904363,25.7,15.6,29.900224215246638,30.3,21.9,0.12,0.0007502021612879514,0,0,"324,365,443,497,607,630,653,654,673,678,700,702,728,729,731,752,774,797,819,854,856,857,858,859,860,861,862,863,864,869,871","1,3,4,5,6,7,8,9,10,13,15,26,29,31,45,88,90,91,96,98,100,101,102,103,104,105,106,107",31,28,61,0,2.429434786650037,,,,2614.473176916925,1307.2365884584624,,benchmark_ShrakeRupley_256pt_Bondi,,,324,871,geometric_4.5A,,
Sr35,67,sre20,sr35_67_and_sre20_atp,model_2,3,Yes,,A,B,C,892,122,31,A,B,C:\Users\13441\Desktop\Ranking\Sr35\sr35_67_and_sre20_atp\fold_sr35_67_and_sre20_atp_model_2.cif,C:\Users\13441\Desktop\Ranking\Sr35\sr35_67_and_sre20_atp\fold_sr35_67_and_sre20_atp_full_data_2.json,C:\Users\13441\Desktop\Ranking\Sr35\sr35_67_and_sre20_atp\fold_sr35_67_and_sre20_atp_summary_confidences_2.json,0.5,0.69,0.57,False,0.27,15.2,19.47,0.0,0.0,0.0,0.0,0.0,0.0,0.0,0.0,72.5,30.4,0.0,0.0,0.0,0.0,,,,,,,,,0.27,0.69,True,0.0,0.0,0.0,0.0,0.0,0.0,0.0,0.033,0.009,0.0,0,0,0,0,16.306470786590367,15.7,28.9,21.267321501151606,22.7,28.7,25.017223222818494,25.0,15.2,29.936851246048665,30.3,19.5,0.12,0.0007502021612879514,0,0,"443,492,497,500,608,610,631,633,635,654,655,702,704,728,729,752,774,831,832,833,834,835,836,837,838,839,840,841,842,855,856,858,859,861","1,2,3,4,5,6,7,8,20,21,22,24,40,54,58,59,61,65,66,88,98,100,101,102,103,104",34,26,56,0,1.9593824466093706,,,,2727.7531322453633,1363.8765661226817,,benchmark_ShrakeRupley_256pt_Bondi,,,443,861,geometric_4.5A,,
Sr35,67,sre20,sr35_67_and_sre20_atp,model_3,4,Yes,,A,B,C,892,122,31,A,B,C:\Users\13441\Desktop\Ranking\Sr35\sr35_67_and_sre20_atp\fold_sr35_67_and_sre20_atp_model_3.cif,C:\Users\13441\Desktop\Ranking\Sr35\sr35_67_and_sre20_atp\fold_sr35_67_and_sre20_atp_full_data_3.json,C:\Users\13441\Desktop\Ranking\Sr35\sr35_67_and_sre20_atp\fold_sr35_67_and_sre20_atp_summary_confidences_3.json,0.51,0.69,0.56,False,0.26,17.67,21.8,0.0,0.0,0.0,0.0,0.0,0.0,0.0,0.0,72.5,30.2,0.0,0.0,0.0,0.0,,,,,,,,,0.26,0.69,True,0.0,0.0,0.0,0.0,0.0,0.0,0.0,0.0399,0.0091,0.0,0,0,0,0,16.35419579451717,15.9,28.6,20.851815472158243,22.6,26.2,25.602228368742185,25.7,17.7,30.092980408733368,30.3,21.8,0.12,0.0007502021612879514,0,0,"443,490,491,492,497,564,588,607,608,609,610,611,630,631,632,633,654,672,673,698,700,702,726,728,729,752,774,839,841,843,844,861,867,869,870,871","2,5,19,20,21,22,23,24,25,26,27,31,32,34,70,72,74,76,78,90,94,109,110,111,117",36,25,57,0,1.9223685787531164,,,,2519.8991429121556,1259.9495714560778,,benchmark_ShrakeRupley_256pt_Bondi,,,443,871,geometric_4.5A,,
Sr35,67,sre20,sr35_67_and_sre20_atp,model_4,5,Yes,,A,B,C,892,122,31,A,B,C:\Users\13441\Desktop\Ranking\Sr35\sr35_67_and_sre20_atp\fold_sr35_67_and_sre20_atp_model_4.cif,C:\Users\13441\Desktop\Ranking\Sr35\sr35_67_and_sre20_atp\fold_sr35_67_and_sre20_atp_full_data_4.json,C:\Users\13441\Desktop\Ranking\Sr35\sr35_67_and_sre20_atp\fold_sr35_67_and_sre20_atp_summary_confidences_4.json,0.51,0.69,0.55,False,0.26,15.64,22.49,0.0,0.0,0.0,0.0,0.0,0.0,0.0,0.0,72.5,31.0,0.0,0.0,0.0,0.0,,,,,,,,,0.26,0.69,True,0.0,0.0,0.0,0.0,0.0,0.0,0.0,0.0276,0.0092,0.0,0,0,0,0,16.248115434363566,15.8,28.2,20.714029264327326,22.6,26.3,25.559098176872748,25.7,15.6,30.105507976181723,30.4,22.5,0.12,0.0007502021612879514,0,0,"442,443,492,497,562,588,607,608,609,610,631,632,633,635,700,702,728,729,752,775,777,799,871,872","1,29,31,63,65,80,81,88,91,92,98,100,101,102,103,104,109,111",24,18,33,0,1.7474523307533123,,,,1516.4629138200505,758.2314569100253,,benchmark_ShrakeRupley_256pt_Bondi,,,442,872,geometric_4.5A,,
Sr35,68,sre20,sr35_68_and_sre20_atp,model_0,1,Partially,,A,B,C,913,122,31,A,B,C:\Users\13441\Desktop\Ranking\Sr35\sr35_68_and_sre20_atp\fold_sr35_68_and_sre20_atp_model_0.cif,C:\Users\13441\Desktop\Ranking\Sr35\sr35_68_and_sre20_atp\fold_sr35_68_and_sre20_atp_full_data_0.json,C:\Users\13441\Desktop\Ranking\Sr35\sr35_68_and_sre20_atp\fold_sr35_68_and_sre20_atp_summary_confidences_0.json,0.51,0.69,0.56,False,0.26,15.64,22.49,0.0,0.0,0.0,0.0,0.0,0.0,0.0,0.0,73.2,31.2,0.0,0.0,0.0,0.0,,,,,,,,,0.26,0.69,True,0.0,0.0,0.0,0.0,0.0,0.0,0.0,0.0304,0.0094,0.0,0,0,0,0,16.185351813954384,15.7,28.4,21.278383687847175,23.2,27.2,25.394874580288366,25.4,15.6,30.162757438098144,30.4,22.5,0.1,0.0005903794013610329,0,0,"440,441,442,443,445,492,497,498,564,585,586,587,588,607,608,610,633,702,728,729,752,773,871","11,12,14,59,90,91,92,93,107,109,111,117,118,120",23,14,32,0,2.2755519879563004,,,,1592.5222758626767,796.2611379313383,,benchmark_ShrakeRupley_256pt_Bondi,,,440,871,geometric_4.5A,,
Sr35,68,sre20,sr35_68_and_sre20_atp,model_1,2,Partially,,A,B,C,913,122,31,A,B,C:\Users\13441\Desktop\Ranking\Sr35\sr35_68_and_sre20_atp\fold_sr35_68_and_sre20_atp_model_1.cif,C:\Users\13441\Desktop\Ranking\Sr35\sr35_68_and_sre20_atp\fold_sr35_68_and_sre20_atp_full_data_1.json,C:\Users\13441\Desktop\Ranking\Sr35\sr35_68_and_sre20_atp\fold_sr35_68_and_sre20_atp_summary_confidences_1.json,0.51,0.69,0.56,False,0.28,15.0,20.95,0.0,0.0,0.0,0.0,0.0,0.0,0.0,0.0,73.4,32.8,0.0,0.0,0.0,0.0,,,,,,,,,0.28,0.69,True,0.0,0.0,0.0,0.0,0.0,0.0,0.0,0.0432,0.0093,0.0,0,0,0,0,16.25310728560174,15.8,28.5,20.440312965722804,22.4,26.2,24.71870163216203,24.8,15.0,29.880816260571343,30.2,20.9,0.1,0.0005903794013610329,0,0,"442,445,492,562,563,564,585,586,587,588,607,608,610,630,631,653,673,700,702,728,729,752,773,884","73,74,75,76,77,78,99,103,105,107,108,109,110,112,117,120",24,16,39,1,1.0691196736836865,,,,1748.594939739397,874.2974698696985,,benchmark_ShrakeRupley_256pt_Bondi,,,442,884,geometric_4.5A,,
Sr35,68,sre20,sr35_68_and_sre20_atp,model_2,3,Partially,,A,B,C,913,122,31,A,B,C:\Users\13441\Desktop\Ranking\Sr35\sr35_68_and_sre20_atp\fold_sr35_68_and_sre20_atp_model_2.cif,C:\Users\13441\Desktop\Ranking\Sr35\sr35_68_and_sre20_atp\fold_sr35_68_and_sre20_atp_full_data_2.json,C:\Users\13441\Desktop\Ranking\Sr35\sr35_68_and_sre20_atp\fold_sr35_68_and_sre20_atp_summary_confidences_2.json,0.51,0.69,0.56,False,0.28,15.05,20.92,0.0,0.0,0.0,0.0,0.0,0.0,0.0,0.0,73.5,31.9,0.0,0.0,0.0,0.0,,,,,,,,,0.28,0.69,True,0.0,0.0,0.0,0.0,0.0,0.0,0.0,0.041,0.0087,0.0,0,0,0,0,16.213260578197957,15.7,28.6,20.78167592467145,22.8,26.8,24.789602822616846,24.8,15.1,29.905749376043666,30.2,20.9,0.1,0.0005903794013610329,0,0,"328,443,487,488,489,490,492,497,564,588,607,608,610,631,633,635,653,654,655,657,673,677,679,702,728,729,773,811,836,872,873,874,875,876,878,879,880,881,882,883,884","1,2,3,4,6,24,26,29,32,34,35,37,42,43,44,45,72,74,76,78,88,90,99,101,103,104,107,108,110,111,112,113",41,32,61,0,2.2518067981457985,,,,3009.812698518652,1504.906349259326,,benchmark_ShrakeRupley_256pt_Bondi,,,328,884,geometric_4.5A,,
Sr35,68,sre20,sr35_68_and_sre20_atp,model_3,4,Partially,,A,B,C,913,122,31,A,B,C:\Users\13441\Desktop\Ranking\Sr35\sr35_68_and_sre20_atp\fold_sr35_68_and_sre20_atp_model_3.cif,C:\Users\13441\Desktop\Ranking\Sr35\sr35_68_and_sre20_atp\fold_sr35_68_and_sre20_atp_full_data_3.json,C:\Users\13441\Desktop\Ranking\Sr35\sr35_68_and_sre20_atp\fold_sr35_68_and_sre20_atp_summary_confidences_3.json,0.51,0.69,0.56,False,0.26,16.05,21.48,0.0,0.0,0.0,0.0,0.0,0.0,0.0,0.0,73.3,31.7,0.0,0.0,0.0,0.0,,,,,,,,,0.26,0.69,True,0.0,0.0,0.0,0.0,0.0,0.0,0.0,0.0378,0.0091,0.0,0,0,0,0,16.11684164889222,15.7,28.1,20.83096463893781,22.9,26.4,25.044952687052234,24.9,16.1,30.10188533567953,30.4,21.5,0.1,0.0005903794013610329,0,0,"489,490,492,497,586,587,588,607,608,610,631,632,633,635,653,654,673,676,677,702,704,728,729,731,751,752,754,773,774,776,816,841,869,879,880,881,882","1,3,5,7,9,11,18,20,21,22,23,24,56,57,58,59,60,61,63,81,84,86,88,91,98,101,102,103,117,118",37,30,71,0,2.0220355847413995,,,,2845.959841165408,1422.979920582704,,benchmark_ShrakeRupley_256pt_Bondi,,,489,882,geometric_4.5A,,
Sr35,68,sre20,sr35_68_and_sre20_atp,model_4,5,Partially,,A,B,C,913,122,31,A,B,C:\Users\13441\Desktop\Ranking\Sr35\sr35_68_and_sre20_atp\fold_sr35_68_and_sre20_atp_model_4.cif,C:\Users\13441\Desktop\Ranking\Sr35\sr35_68_and_sre20_atp\fold_sr35_68_and_sre20_atp_full_data_4.json,C:\Users\13441\Desktop\Ranking\Sr35\sr35_68_and_sre20_atp\fold_sr35_68_and_sre20_atp_summary_confidences_4.json,0.5,0.69,0.55,False,0.26,15.31,20.98,0.0,0.0,0.0,0.0,0.0,0.0,0.0,0.0,73.3,30.5,0.0,0.0,0.0,0.0,,,,,,,,,0.26,0.69,True,0.0,0.0,0.0,0.0,0.0,0.0,0.0,0.0294,0.0087,0.0,0,0,0,0,16.39234822063373,16.0,28.6,21.564063135076545,23.5,27.3,25.308769504246495,25.45,15.3,30.159756163252112,30.5,21.0,0.1,0.0005903794013610329,0,0,"443,488,489,490,491,492,497,588,607,653,654,655,700,702,704,728,729,749,771,773,878,879,880,881,883,884","11,12,37,40,53,56,57,58,59,60,61,62,88,90,91,92,93,94,96,104,107,110",26,22,48,1,1.4473686242975827,,,,2057.837421154706,1028.918710577353,,benchmark_ShrakeRupley_256pt_Bondi,,,443,884,geometric_4.5A,,
Sr35,69,sre20,sr35_69_and_sre20_atp,model_0,1,Yes,,A,B,C,793,122,31,A,B,C:\Users\13441\Desktop\Ranking\Sr35\sr35_69_and_sre20_atp\fold_sr35_69_and_sre20_atp_model_0.cif,C:\Users\13441\Desktop\Ranking\Sr35\sr35_69_and_sre20_atp\fold_sr35_69_and_sre20_atp_full_data_0.json,C:\Users\13441\Desktop\Ranking\Sr35\sr35_69_and_sre20_atp\fold_sr35_69_and_sre20_atp_summary_confidences_0.json,0.53,0.68,0.58,False,0.21,18.0,19.49,0.0,0.0,0.0,0.0,0.0,0.0,0.0,0.0,74.6,35.5,0.0,0.0,0.0,0.0,,,,,,,,,0.21,0.68,True,0.0,0.0,0.0,0.0,0.0,0.0,0.0,0.039,0.0087,0.0,0,0,0,0,15.592778510196545,14.7,28.2,20.494377455629323,22.2,27.1,26.458681495875794,26.6,18.0,30.139909660347715,30.7,19.5,0.11,0.0005595063361792735,0,0,"443,445,492,497,607,630,631,632,653,654,672,673,678,697,698,700,702,703,720,721,723,725,726,741,744,745,746,747,748,749,750,758,762,763,764,766,768","2,3,4,5,6,7,8,10,11,15,16,18,20,21,22,23,71,75,84,86,87,88,89,98,99,107,108,109,110,111,112",37,31,74,0,2.046765080024735,,,,3027.410462303675,1513.7052311518376,,benchmark_ShrakeRupley_256pt_Bondi,,,443,768,geometric_4.5A,,
Sr35,69,sre20,sr35_69_and_sre20_atp,model_1,2,Yes,,A,B,C,793,122,31,A,B,C:\Users\13441\Desktop\Ranking\Sr35\sr35_69_and_sre20_atp\fold_sr35_69_and_sre20_atp_model_1.cif,C:\Users\13441\Desktop\Ranking\Sr35\sr35_69_and_sre20_atp\fold_sr35_69_and_sre20_atp_full_data_1.json,C:\Users\13441\Desktop\Ranking\Sr35\sr35_69_and_sre20_atp\fold_sr35_69_and_sre20_atp_summary_confidences_1.json,0.53,0.67,0.57,False,0.21,19.11,21.34,0.0,0.0,0.0,0.0,0.0,0.0,0.0,0.0,74.7,34.1,0.0,0.0,0.0,0.0,,,,,,,,,0.21,0.67,True,0.0,0.0,0.0,0.0,0.0,0.0,0.0,0.0322,0.0087,0.0,0,0,0,0,15.551341440890623,14.8,27.7,20.661068960845412,22.4,27.0,26.90506170797759,27.2,19.1,30.175813987141584,30.5,21.3,0.11,0.0005595063361792735,0,0,"445,490,491,492,497,607,630,631,653,654,673,697,698,700,702,720,745,748,750,768,769,771,772","9,10,11,12,13,37,68,70,74,76,77,78,108,110,111,112,113,114,115,116",23,20,40,0,2.379815784089833,,,,1933.7578729241638,966.8789364620819,,benchmark_ShrakeRupley_256pt_Bondi,,,445,772,geometric_4.5A,,
Sr35,69,sre20,sr35_69_and_sre20_atp,model_2,3,Yes,,A,B,C,793,122,31,A,B,C:\Users\13441\Desktop\Ranking\Sr35\sr35_69_and_sre20_atp\fold_sr35_69_and_sre20_atp_model_2.cif,C:\Users\13441\Desktop\Ranking\Sr35\sr35_69_and_sre20_atp\fold_sr35_69_and_sre20_atp_full_data_2.json,C:\Users\13441\Desktop\Ranking\Sr35\sr35_69_and_sre20_atp\fold_sr35_69_and_sre20_atp_summary_confidences_2.json,0.52,0.68,0.57,False,0.23,17.52,19.77,0.0,0.0,0.0,0.0,0.0,0.0,0.0,0.0,75.0,37.3,0.0,0.0,0.0,0.0,,,,,,,,,0.23,0.68,True,0.0,0.0,0.0,0.0,0.0,0.0,0.0,0.0468,0.0094,0.0,0,0,0,0,15.54922124778682,14.8,27.8,19.11497764530552,20.8,25.1,25.8744681950675,26.0,17.5,29.913211915738113,30.4,19.8,0.11,0.0005595063361792735,0,0,"443,492,586,588,607,608,609,610,630,631,632,633,635,653,654,655,672,673,677,698,700,702,703,721,726,746,748,750,751,772","1,49,50,53,54,56,58,61,63,65,66,78,84,86,98,107,108,109,110,111,112,115,117,120",30,24,55,0,1.68124198355108,,,,2360.7724631858023,1180.3862315929011,,benchmark_ShrakeRupley_256pt_Bondi,,,443,772,geometric_4.5A,,
Sr35,69,sre20,sr35_69_and_sre20_atp,model_3,4,Yes,,A,B,C,793,122,31,A,B,C:\Users\13441\Desktop\Ranking\Sr35\sr35_69_and_sre20_atp\fold_sr35_69_and_sre20_atp_model_3.cif,C:\Users\13441\Desktop\Ranking\Sr35\sr35_69_and_sre20_atp\fold_sr35_69_and_sre20_atp_full_data_3.json,C:\Users\13441\Desktop\Ranking\Sr35\sr35_69_and_sre20_atp\fold_sr35_69_and_sre20_atp_summary_confidences_3.json,0.51,0.67,0.55,False,0.21,19.21,21.46,0.0,0.0,0.0,0.0,0.0,0.0,0.0,0.0,74.6,34.7,0.0,0.0,0.0,0.0,,,,,,,,,0.21,0.67,True,0.0,0.0,0.0,0.0,0.0,0.0,0.0,0.0406,0.0088,0.0,0,0,0,0,15.683095934120525,15.0,27.6,20.282014632163662,22.0,26.4,26.94284208132636,27.2,19.2,30.182876811444398,30.5,21.5,0.11,0.0005595063361792735,0,0,"443,487,488,489,490,491,492,497,500,607,608,610,612,630,631,632,633,635,653,654,673,700,702,720,721,723,745,746,748,770,772","5,9,11,20,22,24,26,29,31,35,37,56,57,58,59,60,61,90,92,94,106,107,108,109,110",31,25,49,0,2.0744225096538784,,,,2262.7286235436977,1131.3643117718489,,benchmark_ShrakeRupley_256pt_Bondi,,,443,772,geometric_4.5A,,
Sr35,69,sre20,sr35_69_and_sre20_atp,model_4,5,Yes,,A,B,C,793,122,31,A,B,C:\Users\13441\Desktop\Ranking\Sr35\sr35_69_and_sre20_atp\fold_sr35_69_and_sre20_atp_model_4.cif,C:\Users\13441\Desktop\Ranking\Sr35\sr35_69_and_sre20_atp\fold_sr35_69_and_sre20_atp_full_data_4.json,C:\Users\13441\Desktop\Ranking\Sr35\sr35_69_and_sre20_atp\fold_sr35_69_and_sre20_atp_summary_confidences_4.json,0.47,0.67,0.52,False,0.21,19.17,20.28,0.0,0.0,0.0,0.0,0.0,0.0,0.0,0.0,74.7,36.3,0.0,0.0,0.0,0.0,,,,,,,,,0.21,0.67,True,0.0,0.0,0.0,0.0,0.0,0.0,0.0,0.0357,0.0089,0.0,0,0,0,0,15.667309762186813,15.0,27.6,19.66259314456036,21.4,25.8,26.8112045976061,27.1,19.2,30.115589275008784,30.4,20.3,0.11,0.0005595063361792735,0,0,"445,489,490,491,492,497,588,607,608,630,631,653,654,672,673,697,698,700,702,720,723,748,750,769,770,772","10,12,13,14,58,73,74,78,81,108,109,110,111,112,113,115",26,16,42,0,2.42377011559678,,,,1776.5308161006665,888.2654080503332,,benchmark_ShrakeRupley_256pt_Bondi,,,445,772,geometric_4.5A,,
Sr35,70,sre23,sr35_70_and_sre23_atp,model_0,1,No,,A,B,C,831,119,31,A,B,C:\Users\13441\Desktop\Ranking\Sr35\sr35_70_and_sre23_atp\fold_sr35_70_and_sre23_atp_model_0.cif,C:\Users\13441\Desktop\Ranking\Sr35\sr35_70_and_sre23_atp\fold_sr35_70_and_sre23_atp_full_data_0.json,C:\Users\13441\Desktop\Ranking\Sr35\sr35_70_and_sre23_atp\fold_sr35_70_and_sre23_atp_summary_confidences_0.json,0.45,0.64,0.53,False,0.13,26.72,25.52,0.0,0.0,0.0,0.0,0.0,0.0,0.0,0.0,69.8,72.0,0.0,0.0,0.0,0.0,,,,,,,,,0.13,0.64,True,0.0,0.0,0.0,0.0,0.0,0.0,0.0,0.0428,0.0087,0.0,0,0,0,0,17.23524016644194,16.7,30.2,8.69792052414186,4.1,26.1,30.01301560335325,30.0,26.7,30.189337540070184,30.4,25.5,0.09,0.0003361344537815126,0,0,"249,250,251,252,253,631,653,654,655,676,678,704,730","25,47,57,58,59,62,88,89",13,8,19,0,2.369012221868894,,,,960.8983135255056,480.4491567627528,,benchmark_ShrakeRupley_256pt_Bondi,,,249,730,geometric_4.5A,,
Sr35,70,sre23,sr35_70_and_sre23_atp,model_1,2,No,,A,B,C,831,119,31,A,B,C:\Users\13441\Desktop\Ranking\Sr35\sr35_70_and_sre23_atp\fold_sr35_70_and_sre23_atp_model_1.cif,C:\Users\13441\Desktop\Ranking\Sr35\sr35_70_and_sre23_atp\fold_sr35_70_and_sre23_atp_full_data_1.json,C:\Users\13441\Desktop\Ranking\Sr35\sr35_70_and_sre23_atp\fold_sr35_70_and_sre23_atp_summary_confidences_1.json,0.44,0.62,0.52,False,0.13,27.01,25.34,0.0,0.0,0.0,0.0,0.0,0.0,0.0,0.0,68.8,72.3,0.0,0.0,0.0,0.0,,,,,,,,,0.13,0.62,True,0.0,0.0,0.0,0.0,0.0,0.0,0.0,0.036,0.0087,0.0,0,0,0,0,17.844291099415713,17.8,30.1,8.588968807862129,4.0,25.9,30.053509490438774,30.0,27.0,30.122684019456155,30.4,25.3,0.09,0.0003361344537815126,0,0,"249,250,253,612,654,704,728,730,774,800","26,28,29,35,58,88,89,108,109,111,112",10,11,14,0,2.98778683303056,,,,786.8833120545248,393.4416560272624,,benchmark_ShrakeRupley_256pt_Bondi,,,249,800,geometric_4.5A,,
Sr35,70,sre23,sr35_70_and_sre23_atp,model_2,3,No,,A,B,C,831,119,31,A,B,C:\Users\13441\Desktop\Ranking\Sr35\sr35_70_and_sre23_atp\fold_sr35_70_and_sre23_atp_model_2.cif,C:\Users\13441\Desktop\Ranking\Sr35\sr35_70_and_sre23_atp\fold_sr35_70_and_sre23_atp_full_data_2.json,C:\Users\13441\Desktop\Ranking\Sr35\sr35_70_and_sre23_atp\fold_sr35_70_and_sre23_atp_summary_confidences_2.json,0.45,0.64,0.51,False,0.14,24.56,24.16,0.0,0.0,0.0,0.0,0.0,0.0,0.0,0.0,70.0,72.3,0.0,0.0,0.0,0.0,,,,,,,,,0.14,0.64,True,0.0,0.0,0.0,0.0,0.0,0.0,0.0,0.0346,0.0087,0.0,0,0,0,0,17.075461122468212,16.5,29.9,8.618031619427432,3.9,26.3,30.356377352384996,30.4,24.6,30.147578598226293,30.5,24.2,0.09,0.0003361344537815126,0,0,"741,760,761,783,784,785,800,801","23,24,25,26,28,29,85,88,89,90,91,94,96,110,111,112",8,16,26,0,1.9900970389591692,,,,995.9683688302104,497.9841844151052,,benchmark_ShrakeRupley_256pt_Bondi,,,741,801,geometric_4.5A,,
Sr35,70,sre23,sr35_70_and_sre23_atp,model_3,4,No,,A,B,C,831,119,31,A,B,C:\Users\13441\Desktop\Ranking\Sr35\sr35_70_and_sre23_atp\fold_sr35_70_and_sre23_atp_model_3.cif,C:\Users\13441\Desktop\Ranking\Sr35\sr35_70_and_sre23_atp\fold_sr35_70_and_sre23_atp_full_data_3.json,C:\Users\13441\Desktop\Ranking\Sr35\sr35_70_and_sre23_atp\fold_sr35_70_and_sre23_atp_summary_confidences_3.json,0.42,0.64,0.5,False,0.15,25.37,24.48,0.0,0.0,0.0,0.0,0.0,0.0,0.0,0.0,69.9,71.9,0.0,0.0,0.0,0.0,,,,,,,,,0.15,0.64,True,0.0,0.0,0.0,0.0,0.0,0.0,0.0,0.0687,0.009,0.0,0,0,0,0,17.22393226334943,16.6,30.5,8.74045007833642,4.0,26.5,29.623432333222098,29.6,25.4,29.91036717936272,30.1,24.5,0.09,0.0003361344537815126,0,0,"186,215,216,218,219,221,249,771,773,774,775,777,787","12,17,21,24,25,26,29,48,49,52,92,96,108,111,112",13,15,25,0,2.2307520976610578,,,,1121.8799957215554,560.9399978607777,,benchmark_ShrakeRupley_256pt_Bondi,,,186,787,geometric_4.5A,,
Sr35,70,sre23,sr35_70_and_sre23_atp,model_4,5,No,,A,B,C,831,119,31,A,B,C:\Users\13441\Desktop\Ranking\Sr35\sr35_70_and_sre23_atp\fold_sr35_70_and_sre23_atp_model_4.cif,C:\Users\13441\Desktop\Ranking\Sr35\sr35_70_and_sre23_atp\fold_sr35_70_and_sre23_atp_full_data_4.json,C:\Users\13441\Desktop\Ranking\Sr35\sr35_70_and_sre23_atp\fold_sr35_70_and_sre23_atp_summary_confidences_4.json,0.45,0.64,0.5,False,0.14,23.89,23.78,0.0,0.0,0.0,0.0,0.0,0.0,0.0,0.0,70.0,71.2,0.0,0.0,0.0,0.0,,,,,,,,,0.14,0.64,True,0.0,0.0,0.0,0.0,0.0,0.0,0.0,0.141,0.0089,0.0,0,0,0,0,17.06884998477665,16.6,29.6,8.817184161800315,4.2,26.3,29.46893284389568,29.4,23.9,29.89467382620919,30.1,23.8,0.09,0.0003361344537815126,0,0,"247,249,250,252,253,274,654,655,677,704,727,728,730,750,752,753,770,771,772,773,774,799,800,801,804","12,18,19,20,21,23,24,25,26,27,29,30,31,38,47,51,60,85,86,88,89,91,92,93,94,96,99,108,109,110,112,115",25,32,55,0,1.968090596459838,,,,2432.241349677957,1216.1206748389784,,benchmark_ShrakeRupley_256pt_Bondi,,,247,804,geometric_4.5A,,
Sr35,71,sre23,sr35_71_and_sre23_atp,model_0,1,Partially,,A,B,C,847,119,31,A,B,C:\Users\13441\Desktop\Ranking\Sr35\sr35_71_and_sre23_atp\fold_sr35_71_and_sre23_atp_model_0.cif,C:\Users\13441\Desktop\Ranking\Sr35\sr35_71_and_sre23_atp\fold_sr35_71_and_sre23_atp_full_data_0.json,C:\Users\13441\Desktop\Ranking\Sr35\sr35_71_and_sre23_atp\fold_sr35_71_and_sre23_atp_summary_confidences_0.json,0.5,0.66,0.56,False,0.17,24.15,22.41,0.0,0.0,0.0,0.0,0.0,0.0,0.0,0.0,71.5,72.3,0.0,0.0,0.0,0.0,,,,,,,,,0.17,0.66,True,0.0,0.0,0.0,0.0,0.0,0.0,0.0,0.0424,0.0089,0.0,0,0,0,0,16.648050831609826,16.0,29.3,8.7430280586811,3.9,26.6,29.081913426527638,29.2,24.1,29.45505541059399,30.1,22.4,0.09,0.0003929836397368864,0,0,"492,631,632,633,653,654,673,702,704,726,727,729,752,800,802,803","21,24,25,26,35,38,58,59,60,61,87,88,89,96,99,108,112,114",16,18,28,0,2.1560966559479713,,,,1605.9395370297839,802.9697685148919,,benchmark_ShrakeRupley_256pt_Bondi,,,492,803,geometric_4.5A,,
Sr35,71,sre23,sr35_71_and_sre23_atp,model_1,2,Partially,,A,B,C,847,119,31,A,B,C:\Users\13441\Desktop\Ranking\Sr35\sr35_71_and_sre23_atp\fold_sr35_71_and_sre23_atp_model_1.cif,C:\Users\13441\Desktop\Ranking\Sr35\sr35_71_and_sre23_atp\fold_sr35_71_and_sre23_atp_full_data_1.json,C:\Users\13441\Desktop\Ranking\Sr35\sr35_71_and_sre23_atp\fold_sr35_71_and_sre23_atp_summary_confidences_1.json,0.49,0.66,0.56,False,0.13,27.6,25.51,0.0,0.0,0.0,0.0,0.0,0.0,0.0,0.0,71.2,71.7,0.0,0.0,0.0,0.0,,,,,,,,,0.13,0.66,True,0.0,0.0,0.0,0.0,0.0,0.0,0.0,0.1009,0.0087,0.0,0,0,0,0,16.704292719960034,16.0,29.7,8.751388691069648,4.0,26.5,30.36984612026629,30.4,27.6,30.130647961664007,30.3,25.5,0.09,0.0003929836397368864,0,0,"22,92,93,94,95,98,101,102,104,105,106,109,639,643,645,660,661,663,664,666,689,690,692","21,23,24,25,26,27,28,29,30,32,33,34,35,36,37,40,44,60,61,85,86,87,88,89,96,108,109,110,111,112",23,30,55,0,1.8180349556644595,,,,2032.2463510102602,1016.1231755051301,,benchmark_ShrakeRupley_256pt_Bondi,,,22,692,geometric_4.5A,,
Sr35,71,sre23,sr35_71_and_sre23_atp,model_2,3,Partially,,A,B,C,847,119,31,A,B,C:\Users\13441\Desktop\Ranking\Sr35\sr35_71_and_sre23_atp\fold_sr35_71_and_sre23_atp_model_2.cif,C:\Users\13441\Desktop\Ranking\Sr35\sr35_71_and_sre23_atp\fold_sr35_71_and_sre23_atp_full_data_2.json,C:\Users\13441\Desktop\Ranking\Sr35\sr35_71_and_sre23_atp\fold_sr35_71_and_sre23_atp_summary_confidences_2.json,0.49,0.66,0.54,False,0.16,24.42,22.44,0.0,0.0,0.0,0.0,0.0,0.0,0.0,0.0,71.4,72.0,0.0,0.0,0.0,0.0,,,,,,,,,0.16,0.66,True,0.0,0.0,0.0,0.0,0.0,0.0,0.0,0.0396,0.009,0.0,0,0,0,0,16.66272744019359,16.1,29.1,8.831669277880644,4.0,26.8,29.236114611133708,29.4,24.4,29.49578046094471,30.1,22.4,0.09,0.0003929836397368864,0,0,"443,497,631,632,635,653,654,702,704,727,752,800,801,802,803,805","21,24,25,26,29,38,47,61,88,89,91,96,108,109,110,111,112,114",16,18,23,0,2.0474165240849316,,,,1273.8838798691033,636.9419399345517,,benchmark_ShrakeRupley_256pt_Bondi,,,443,805,geometric_4.5A,,
Sr35,71,sre23,sr35_71_and_sre23_atp,model_3,4,Partially,,A,B,C,847,119,31,A,B,C:\Users\13441\Desktop\Ranking\Sr35\sr35_71_and_sre23_atp\fold_sr35_71_and_sre23_atp_model_3.cif,C:\Users\13441\Desktop\Ranking\Sr35\sr35_71_and_sre23_atp\fold_sr35_71_and_sre23_atp_full_data_3.json,C:\Users\13441\Desktop\Ranking\Sr35\sr35_71_and_sre23_atp\fold_sr35_71_and_sre23_atp_summary_confidences_3.json,0.48,0.66,0.54,False,0.15,24.95,23.44,0.0,0.0,0.0,0.0,0.0,0.0,0.0,0.0,71.3,71.8,0.0,0.0,0.0,0.0,,,,,,,,,0.15,0.66,True,0.0,0.0,0.0,0.0,0.0,0.0,0.0,0.0471,0.0088,0.0,0,0,0,0,16.57218942673488,16.0,29.0,8.774953710297678,4.0,26.7,29.374039863879435,29.5,25.0,29.90366096851964,30.3,23.4,0.09,0.0003929836397368864,0,0,"631,635,653,654,655,657,673,702,704,705,727,729,802,803,805","24,25,26,29,30,31,33,47,51,58,59,60,61,62,85,86,88,103,108,109",15,20,32,0,2.1224855012936,,,,1551.1775568208648,775.5887784104324,,benchmark_ShrakeRupley_256pt_Bondi,,,631,805,geometric_4.5A,,
Sr35,71,sre23,sr35_71_and_sre23_atp,model_4,5,Partially,,A,B,C,847,119,31,A,B,C:\Users\13441\Desktop\Ranking\Sr35\sr35_71_and_sre23_atp\fold_sr35_71_and_sre23_atp_model_4.cif,C:\Users\13441\Desktop\Ranking\Sr35\sr35_71_and_sre23_atp\fold_sr35_71_and_sre23_atp_full_data_4.json,C:\Users\13441\Desktop\Ranking\Sr35\sr35_71_and_sre23_atp\fold_sr35_71_and_sre23_atp_summary_confidences_4.json,0.48,0.66,0.54,False,0.13,27.3,26.25,0.0,0.0,0.0,0.0,0.0,0.0,0.0,0.0,71.1,71.4,0.0,0.0,0.0,0.0,,,,,,,,,0.13,0.66,True,0.0,0.0,0.0,0.0,0.0,0.0,0.0,0.073,0.009,0.0,0,0,0,0,16.66688130266467,16.0,29.5,8.900505625979205,4.2,26.6,30.371591281140553,30.4,27.3,30.235256416616235,30.4,26.2,0.09,0.0003929836397368864,0,0,"92,102,105,109,112,113,616,639,642,643,659,660,661,664,686,690","24,25,26,29,30,31,38,47,51,59,85,88,89,99,108,109,110,111,112",16,19,34,0,1.6963109853378875,,,,1332.0761307353073,666.0380653676536,,benchmark_ShrakeRupley_256pt_Bondi,,,92,690,geometric_4.5A,,
Sr35,72,sre23,sr35_72_and_sre23_atp,model_0,1,Partially,,A,B,C,798,119,31,A,B,C:\Users\13441\Desktop\Ranking\Sr35\sr35_72_and_sre23_atp\fold_sr35_72_and_sre23_atp_model_0.cif,C:\Users\13441\Desktop\Ranking\Sr35\sr35_72_and_sre23_atp\fold_sr35_72_and_sre23_atp_full_data_0.json,C:\Users\13441\Desktop\Ranking\Sr35\sr35_72_and_sre23_atp\fold_sr35_72_and_sre23_atp_summary_confidences_0.json,0.51,0.66,0.57,False,0.16,25.3,24.07,0.0,0.0,0.0,0.0,0.0,0.0,0.0,0.0,74.0,72.3,0.0,0.0,0.0,0.0,,,,,,,,,0.16,0.66,True,0.0,0.0,0.0,0.0,0.0,0.0,0.0,0.0833,0.0091,0.0,0,0,0,0,15.946177551784105,15.2,29.0,9.020566870816124,4.1,27.3,29.314278342916115,29.4,25.3,29.618826477959605,29.9,24.1,0.07,0.0003973168214654282,0,0,"564,565,569,586,587,588,607,608,610,612,631,633,653,654,673,702,727,749,750,751,752","22,23,24,25,26,38,47,56,58,88,89,96,109,110,111,112,113",21,17,38,0,1.6081233442575813,,,,1399.481494757245,699.7407473786225,,benchmark_ShrakeRupley_256pt_Bondi,,,564,752,geometric_4.5A,,
Sr35,72,sre23,sr35_72_and_sre23_atp,model_1,2,Partially,,A,B,C,798,119,31,A,B,C:\Users\13441\Desktop\Ranking\Sr35\sr35_72_and_sre23_atp\fold_sr35_72_and_sre23_atp_model_1.cif,C:\Users\13441\Desktop\Ranking\Sr35\sr35_72_and_sre23_atp\fold_sr35_72_and_sre23_atp_full_data_1.json,C:\Users\13441\Desktop\Ranking\Sr35\sr35_72_and_sre23_atp\fold_sr35_72_and_sre23_atp_summary_confidences_1.json,0.5,0.66,0.56,False,0.13,24.89,24.82,0.0,0.0,0.0,0.0,0.0,0.0,0.0,0.0,74.1,73.1,0.0,0.0,0.0,0.0,,,,,,,,,0.13,0.66,True,0.0,0.0,0.0,0.0,0.0,0.0,0.0,0.0346,0.0089,0.0,0,0,0,0,15.998468410675372,15.2,29.0,8.821492664862555,4.0,26.7,30.13044902171395,30.2,24.9,30.21302521008403,30.5,24.8,0.07,0.0003973168214654282,0,0,"492,749,750,751,766,768","23,24,25,26,88,89,112",6,7,9,0,2.5786979543451793,,,,604.9229576907354,302.4614788453677,,benchmark_ShrakeRupley_256pt_Bondi,,,492,768,geometric_4.5A,,
Sr35,72,sre23,sr35_72_and_sre23_atp,model_2,3,Partially,,A,B,C,798,119,31,A,B,C:\Users\13441\Desktop\Ranking\Sr35\sr35_72_and_sre23_atp\fold_sr35_72_and_sre23_atp_model_2.cif,C:\Users\13441\Desktop\Ranking\Sr35\sr35_72_and_sre23_atp\fold_sr35_72_and_sre23_atp_full_data_2.json,C:\Users\13441\Desktop\Ranking\Sr35\sr35_72_and_sre23_atp\fold_sr35_72_and_sre23_atp_summary_confidences_2.json,0.5,0.66,0.56,False,0.11,29.1,27.67,0.0,0.0,0.0,0.0,0.0,0.0,0.0,0.0,73.8,71.7,0.0,0.0,0.0,0.0,,,,,,,,,0.11,0.66,True,0.0,0.0,0.0,0.0,0.0,0.0,0.0,0.2132,0.0089,0.0,0,0,0,0,15.948639321012696,15.2,28.8,8.954522147842187,4.2,26.5,30.827007645163327,30.8,29.1,30.47463090499358,30.6,27.7,0.07,0.0003973168214654282,0,0,"45,48,49,52,146,233,235,261,286,287,288,289,291,292,295,427,463","21,23,24,25,26,27,28,29,30,34,35,36,37,38,39,48,85,89,109,110,111,112,114",17,23,35,1,1.1111547786671214,,,,1534.9264367268024,767.4632183634012,,benchmark_ShrakeRupley_256pt_Bondi,,,45,463,geometric_4.5A,,
Sr35,72,sre23,sr35_72_and_sre23_atp,model_3,4,Partially,,A,B,C,798,119,31,A,B,C:\Users\13441\Desktop\Ranking\Sr35\sr35_72_and_sre23_atp\fold_sr35_72_and_sre23_atp_model_3.cif,C:\Users\13441\Desktop\Ranking\Sr35\sr35_72_and_sre23_atp\fold_sr35_72_and_sre23_atp_full_data_3.json,C:\Users\13441\Desktop\Ranking\Sr35\sr35_72_and_sre23_atp\fold_sr35_72_and_sre23_atp_summary_confidences_3.json,0.5,0.66,0.56,False,0.14,26.55,26.91,0.0,0.0,0.0,0.0,0.0,0.0,0.0,0.0,73.7,72.2,0.0,0.0,0.0,0.0,,,,,,,,,0.14,0.66,True,0.0,0.0,0.0,0.0,0.0,0.0,0.0,0.1082,0.0092,0.0,0,0,0,0,15.982583183177518,15.4,28.5,9.01504059250819,4.1,27.1,29.535209873423053,29.6,26.6,30.33928097554811,30.5,26.9,0.07,0.0003973168214654282,0,0,"443,497,588,607,608,609,610,631,632,633,653,654,702,703,727,749,750,751,752,767","13,34,35,37,38,39,40,41,63,64,66,67,68,69,80,103",20,16,27,0,2.2791829147084632,,,,1386.1024873894341,693.0512436947171,,benchmark_ShrakeRupley_256pt_Bondi,,,443,767,geometric_4.5A,,
Sr35,72,sre23,sr35_72_and_sre23_atp,model_4,5,Partially,,A,B,C,798,119,31,A,B,C:\Users\13441\Desktop\Ranking\Sr35\sr35_72_and_sre23_atp\fold_sr35_72_and_sre23_atp_model_4.cif,C:\Users\13441\Desktop\Ranking\Sr35\sr35_72_and_sre23_atp\fold_sr35_72_and_sre23_atp_full_data_4.json,C:\Users\13441\Desktop\Ranking\Sr35\sr35_72_and_sre23_atp\fold_sr35_72_and_sre23_atp_summary_confidences_4.json,0.49,0.66,0.55,False,0.15,25.6,24.37,0.0,0.0,0.0,0.0,0.0,0.0,0.0,0.0,74.1,72.3,0.0,0.0,0.0,0.0,,,,,,,,,0.15,0.66,True,0.0,0.0,0.0,0.0,0.0,0.0,0.0,0.0726,0.0091,0.0,0,0,0,0,16.041429011675994,15.3,29.1,8.919626833784362,4.0,26.8,29.443512141698783,29.5,25.6,29.628828373454642,29.9,24.4,0.07,0.0003973168214654282,0,0,"442,497,562,564,585,586,588,607,608,610,630,631,633,653,673,702,703,705,727,749,751","21,24,25,26,27,47,48,51,56,58,88,89,111,112",21,14,29,0,1.992558039985548,,,,1583.7515873098612,791.8757936549306,,benchmark_ShrakeRupley_256pt_Bondi,,,442,751,geometric_4.5A,,
Sr35,73,sre23,sr35_73_and_sre23_atp,model_0,1,Yes,,A,B,C,817,119,31,A,B,C:\Users\13441\Desktop\Ranking\Sr35\sr35_73_and_sre23_atp\fold_sr35_73_and_sre23_atp_model_0.cif,C:\Users\13441\Desktop\Ranking\Sr35\sr35_73_and_sre23_atp\fold_sr35_73_and_sre23_atp_full_data_0.json,C:\Users\13441\Desktop\Ranking\Sr35\sr35_73_and_sre23_atp\fold_sr35_73_and_sre23_atp_summary_confidences_0.json,0.5,0.66,0.56,False,0.27,15.88,14.23,0.0,0.0,0.0,0.0,0.0,0.0,0.0,0.0,75.8,72.7,0.0,0.0,0.0,0.0,,,,,,,,,0.27,0.66,True,0.0,0.0,0.0,0.0,0.0,0.0,0.0,0.0536,0.0105,0.0,0,0,0,0,15.874499304005568,15.4,27.5,8.908659735080473,4.0,26.7,27.607753309402096,28.2,15.9,29.07683058535532,30.0,14.2,0.21,0.00039784824578546237,0,0,"654,677,678,700,702,703,705,723,726,728,747,749,750,752,774,775,798","21,23,25,26,27,28,29,30,31,35,59,60,85,86,87,88,89,96,111,112",17,20,40,1,1.3587214602568858,,,,1321.3795182586405,660.6897591293202,,benchmark_ShrakeRupley_256pt_Bondi,,,654,798,geometric_4.5A,,
Sr35,73,sre23,sr35_73_and_sre23_atp,model_1,2,Yes,,A,B,C,817,119,31,A,B,C:\Users\13441\Desktop\Ranking\Sr35\sr35_73_and_sre23_atp\fold_sr35_73_and_sre23_atp_model_1.cif,C:\Users\13441\Desktop\Ranking\Sr35\sr35_73_and_sre23_atp\fold_sr35_73_and_sre23_atp_full_data_1.json,C:\Users\13441\Desktop\Ranking\Sr35\sr35_73_and_sre23_atp\fold_sr35_73_and_sre23_atp_summary_confidences_1.json,0.5,0.66,0.56,False,0.28,16.41,15.2,0.0,0.0,0.0,0.0,0.0,0.0,0.0,0.0,75.5,72.0,0.0,0.0,0.0,0.0,,,,,,,,,0.28,0.66,True,0.0,0.0,0.0,0.0,0.0,0.0,0.0,0.0586,0.0098,0.0,0,0,0,0,16.22639978880169,15.8,27.9,9.01634382566586,4.1,26.8,27.577562922353767,28.1,16.4,28.9327782520597,29.9,15.2,0.21,0.00039784824578546237,0,0,"492,497,653,654,673,700,702,703,723,725,726,728,749,750,752,772,774,795,796,798,800,807,809,810,811","21,23,24,25,26,27,29,30,31,47,48,58,59,60,61,86,87,88,89,90,96,112,114",25,23,46,0,1.6875516095335727,,,,1903.6069675750966,951.8034837875483,,benchmark_ShrakeRupley_256pt_Bondi,,,492,811,geometric_4.5A,,
Sr35,73,sre23,sr35_73_and_sre23_atp,model_2,3,Yes,,A,B,C,817,119,31,A,B,C:\Users\13441\Desktop\Ranking\Sr35\sr35_73_and_sre23_atp\fold_sr35_73_and_sre23_atp_model_2.cif,C:\Users\13441\Desktop\Ranking\Sr35\sr35_73_and_sre23_atp\fold_sr35_73_and_sre23_atp_full_data_2.json,C:\Users\13441\Desktop\Ranking\Sr35\sr35_73_and_sre23_atp\fold_sr35_73_and_sre23_atp_summary_confidences_2.json,0.5,0.66,0.55,False,0.27,16.0,14.65,0.0,0.0,0.0,0.0,0.0,0.0,0.0,0.0,75.7,72.4,0.0,0.0,0.0,0.0,,,,,,,,,0.27,0.66,True,0.0,0.0,0.0,0.0,0.0,0.0,0.0,0.062,0.0102,0.0,0,0,0,0,16.018846599227206,15.6,27.6,8.957477567298104,4.0,26.6,27.334352982318997,28.0,16.0,28.99673019758699,30.0,14.6,0.21,0.00039784824578546237,0,0,"492,654,655,677,678,700,702,703,726,749,750,798","21,24,25,26,27,28,29,38,47,89,91,94,96,99,112",12,15,28,2,0.8134099097255428,,,,1291.597558605567,645.7987793027835,,benchmark_ShrakeRupley_256pt_Bondi,,,492,798,geometric_4.5A,,
Sr35,73,sre23,sr35_73_and_sre23_atp,model_3,4,Yes,,A,B,C,817,119,31,A,B,C:\Users\13441\Desktop\Ranking\Sr35\sr35_73_and_sre23_atp\fold_sr35_73_and_sre23_atp_model_3.cif,C:\Users\13441\Desktop\Ranking\Sr35\sr35_73_and_sre23_atp\fold_sr35_73_and_sre23_atp_full_data_3.json,C:\Users\13441\Desktop\Ranking\Sr35\sr35_73_and_sre23_atp\fold_sr35_73_and_sre23_atp_summary_confidences_3.json,0.5,0.66,0.55,False,0.28,15.05,14.26,0.0,0.0,0.0,0.0,0.0,0.0,0.0,0.0,75.6,71.8,0.0,0.0,0.0,0.0,,,,,,,,,0.28,0.66,True,0.0,0.0,0.0,0.0,0.0,0.0,0.0,0.0518,0.0096,0.0,0,0,0,0,16.050011699906403,15.7,27.6,8.976748326449224,4.1,26.7,27.399564917766373,28.0,15.0,28.978462915153816,30.0,14.3,0.21,0.00039784824578546237,0,0,"492,654,677,700,702,703,723,726,745,750,774,795,808,809,810,811,812","21,24,25,26,28,29,30,31,32,33,47,50,60,61,86,88,89,96,99,112",17,20,32,0,2.1068975471573848,,,,1670.5770253879687,835.2885126939843,,benchmark_ShrakeRupley_256pt_Bondi,,,492,812,geometric_4.5A,,
Sr35,73,sre23,sr35_73_and_sre23_atp,model_4,5,Yes,,A,B,C,817,119,31,A,B,C:\Users\13441\Desktop\Ranking\Sr35\sr35_73_and_sre23_atp\fold_sr35_73_and_sre23_atp_model_4.cif,C:\Users\13441\Desktop\Ranking\Sr35\sr35_73_and_sre23_atp\fold_sr35_73_and_sre23_atp_full_data_4.json,C:\Users\13441\Desktop\Ranking\Sr35\sr35_73_and_sre23_atp\fold_sr35_73_and_sre23_atp_summary_confidences_4.json,0.48,0.65,0.53,False,0.26,15.01,14.34,0.0,0.0,0.0,0.0,0.0,0.0,0.0,0.0,75.3,71.5,0.0,0.0,0.0,0.0,,,,,,,,,0.26,0.65,True,0.0,0.0,0.0,0.0,0.0,0.0,0.0,0.0812,0.0098,0.0,0,0,0,0,16.278023525811793,16.0,27.8,9.091618003133457,4.2,27.0,27.80600372339878,28.5,15.0,29.516487868097055,30.4,14.3,0.21,0.00039784824578546237,0,0,"635,653,654,655,656,673,677,700,702,703,726,728,745,747,749,750,772,774,797,800","21,24,25,26,28,29,30,35,38,59,61,62,86,87,88,89,90,96,109,110,111,112",20,22,39,0,1.7071705052185413,,,,1567.9104401483544,783.9552200741772,,benchmark_ShrakeRupley_256pt_Bondi,,,635,800,geometric_4.5A,,
Sr35,74,sre23,sr35_74_and_sre23_atp,model_0,1,Yes,,A,B,C,963,119,31,A,B,C:\Users\13441\Desktop\Ranking\Sr35\sr35_74_and_sre23_atp\fold_sr35_74_and_sre23_atp_model_0.cif,C:\Users\13441\Desktop\Ranking\Sr35\sr35_74_and_sre23_atp\fold_sr35_74_and_sre23_atp_full_data_0.json,C:\Users\13441\Desktop\Ranking\Sr35\sr35_74_and_sre23_atp\fold_sr35_74_and_sre23_atp_summary_confidences_0.json,0.48,0.65,0.54,False,0.24,17.15,17.91,0.0,0.0,0.0,0.0,0.0,0.0,0.0,0.0,70.2,68.4,0.0,0.0,0.0,0.0,,,,,,,,,0.24,0.65,True,0.0,0.0,0.0,0.0,0.0,0.0,0.0,0.0673,0.0094,0.0,0,0,0,0,18.161672743915737,18.4,29.7,8.693882637800883,4.0,26.4,27.376170405857046,27.7,17.2,29.623752803302008,30.1,17.9,0.26,0.0006539438205188617,0,0,"492,497,654,728,729,752,797,819,840,842,865,885,919,922,923,924,926,927,928,929,930,931,932,933,935","23,24,25,29,30,31,33,34,35,37,40,44,47,58,59,60,61,62,63,64,85,86,87,88,89,96,111,112",25,28,52,0,1.9094109624105544,,,,2140.8680116568175,1070.4340058284088,,benchmark_ShrakeRupley_256pt_Bondi,,,492,935,geometric_4.5A,,
Sr35,74,sre23,sr35_74_and_sre23_atp,model_1,2,Yes,,A,B,C,963,119,31,A,B,C:\Users\13441\Desktop\Ranking\Sr35\sr35_74_and_sre23_atp\fold_sr35_74_and_sre23_atp_model_1.cif,C:\Users\13441\Desktop\Ranking\Sr35\sr35_74_and_sre23_atp\fold_sr35_74_and_sre23_atp_full_data_1.json,C:\Users\13441\Desktop\Ranking\Sr35\sr35_74_and_sre23_atp\fold_sr35_74_and_sre23_atp_summary_confidences_1.json,0.48,0.65,0.53,False,0.23,18.03,18.57,0.0,0.0,0.0,0.0,0.0,0.0,0.0,0.0,70.4,68.6,0.0,0.0,0.0,0.0,,,,,,,,,0.23,0.65,True,0.0,0.0,0.0,0.0,0.0,0.0,0.0,0.0745,0.0091,0.0,0,0,0,0,18.04605032782603,18.3,29.6,8.723999430280587,3.9,26.7,26.841412951473423,27.1,18.0,29.485468205973977,30.1,18.6,0.26,0.0006539438205188617,0,0,"653,654,655,673,675,676,677,678,704,705,729,731,752,778,797,820,843,915,916,917,918,919,920,921,922,923,924,925,926,927,930","21,23,24,25,26,29,30,31,33,47,58,59,60,61,74,85,86,87,88,89,90,91,96,109,110,111,112,113,114",31,29,62,1,1.4718772427903393,,,,2300.506437191487,1150.2532185957434,,benchmark_ShrakeRupley_256pt_Bondi,,,653,930,geometric_4.5A,,
Sr35,74,sre23,sr35_74_and_sre23_atp,model_2,3,Yes,,A,B,C,963,119,31,A,B,C:\Users\13441\Desktop\Ranking\Sr35\sr35_74_and_sre23_atp\fold_sr35_74_and_sre23_atp_model_2.cif,C:\Users\13441\Desktop\Ranking\Sr35\sr35_74_and_sre23_atp\fold_sr35_74_and_sre23_atp_full_data_2.json,C:\Users\13441\Desktop\Ranking\Sr35\sr35_74_and_sre23_atp\fold_sr35_74_and_sre23_atp_summary_confidences_2.json,0.48,0.65,0.53,False,0.26,16.51,16.95,0.0,0.0,0.0,0.0,0.0,0.0,0.0,0.0,70.3,69.0,0.0,0.0,0.0,0.0,,,,,,,,,0.26,0.65,True,0.0,0.0,0.0,0.0,0.0,0.0,0.0,0.1035,0.0094,0.0,0,0,0,0,18.14425500266622,18.4,29.7,8.374234439538528,3.8,24.8,26.950727331431015,27.3,16.5,29.126864577606746,29.9,17.0,0.26,0.0006539438205188617,0,0,"204,329,330,331,365,440,441,443,486,490,500,608,609,610,631,635,653,654,673,702,915,917,919,922,924,925,926,928,929,930,932,933,934,936,937","4,5,7,9,10,11,12,19,21,23,24,25,26,27,28,29,30,31,33,35,44,58,60,61,75,85,86,87,88,89,90,92,96,110,111,112,114,115,117",35,39,70,0,1.8881301497054932,,,,3425.4600100856815,1712.7300050428407,,benchmark_ShrakeRupley_256pt_Bondi,,,204,937,geometric_4.5A,,
Sr35,74,sre23,sr35_74_and_sre23_atp,model_3,4,Yes,,A,B,C,963,119,31,A,B,C:\Users\13441\Desktop\Ranking\Sr35\sr35_74_and_sre23_atp\fold_sr35_74_and_sre23_atp_model_3.cif,C:\Users\13441\Desktop\Ranking\Sr35\sr35_74_and_sre23_atp\fold_sr35_74_and_sre23_atp_full_data_3.json,C:\Users\13441\Desktop\Ranking\Sr35\sr35_74_and_sre23_atp\fold_sr35_74_and_sre23_atp_summary_confidences_3.json,0.47,0.64,0.53,False,0.23,17.97,20.38,0.0,0.0,0.0,0.0,0.0,0.0,0.0,0.0,70.2,68.1,0.0,0.0,0.0,0.0,,,,,,,,,0.23,0.64,True,0.0,0.0,0.0,0.0,0.0,0.0,0.0,0.0594,0.0091,0.0,0,0,0,0,18.372057499627594,18.6,30.2,8.845200113943882,4.1,26.6,26.771722645444466,27.0,18.0,29.333831601176296,30.1,20.4,0.26,0.0006539438205188617,0,0,"361,365,492,497,607,654,700,702,728,729,752,775,795,797,817,819,840,843,861,863,883,885,888,910,912,914,915,916,919,930,931,932","9,12,19,21,24,25,26,29,30,31,32,33,44,47,51,58,59,60,61,74,75,85,86,87,88,89,91,96,109,110,111,112,113,114",32,34,61,2,1.0844359056695345,,,,2622.7130835734383,1311.3565417867192,,benchmark_ShrakeRupley_256pt_Bondi,,,361,932,geometric_4.5A,,
Sr35,74,sre23,sr35_74_and_sre23_atp,model_4,5,Yes,,A,B,C,963,119,31,A,B,C:\Users\13441\Desktop\Ranking\Sr35\sr35_74_and_sre23_atp\fold_sr35_74_and_sre23_atp_model_4.cif,C:\Users\13441\Desktop\Ranking\Sr35\sr35_74_and_sre23_atp\fold_sr35_74_and_sre23_atp_full_data_4.json,C:\Users\13441\Desktop\Ranking\Sr35\sr35_74_and_sre23_atp\fold_sr35_74_and_sre23_atp_summary_confidences_4.json,0.47,0.64,0.53,False,0.26,17.74,17.42,0.0,0.0,0.0,0.0,0.0,0.0,0.0,0.0,70.4,69.3,0.0,0.0,0.0,0.0,,,,,,,,,0.26,0.64,True,0.0,0.0,0.0,0.0,0.0,0.0,0.0,0.0502,0.0096,0.0,0,0,0,0,18.347101918597247,18.7,29.7,8.699601196410768,3.8,26.2,26.322254509280352,26.6,17.7,28.984354738780244,29.8,17.4,0.26,0.0006539438205188617,0,0,"586,587,588,608,654,729,752,797,921,923,925,926,928,929,930,931,932,933,939","12,19,20,21,25,26,27,28,29,30,44,85,86,87,88,89,91,94,96,112,114",19,21,39,0,2.1067200556981103,,,,1601.031500458158,800.515750229079,,benchmark_ShrakeRupley_256pt_Bondi,,,586,939,geometric_4.5A,,
Sr35,75,sre23,sr35_75_and_sre23_atp,model_0,1,No,,A,B,C,803,119,31,A,B,C:\Users\13441\Desktop\Ranking\Sr35\sr35_75_and_sre23_atp\fold_sr35_75_and_sre23_atp_model_0.cif,C:\Users\13441\Desktop\Ranking\Sr35\sr35_75_and_sre23_atp\fold_sr35_75_and_sre23_atp_full_data_0.json,C:\Users\13441\Desktop\Ranking\Sr35\sr35_75_and_sre23_atp\fold_sr35_75_and_sre23_atp_summary_confidences_0.json,0.5,0.65,0.57,False,0.13,27.01,27.6,0.0,0.0,0.0,0.0,0.0,0.0,0.0,0.0,70.8,72.4,0.0,0.0,0.0,0.0,,,,,,,,,0.13,0.65,True,0.0,0.0,0.0,0.0,0.0,0.0,0.0,0.0,0.0,0.0,0,0,0,0,16.75046971612066,15.5,30.9,8.932559464463752,4.0,27.1,30.189045281873643,30.2,27.0,30.33486505436546,30.4,27.6,0.13,0.0002693680211810752,0,0,759,"21,112,114",1,3,3,0,2.8508886040653634,,,,128.89711184248264,64.44855592124132,,benchmark_ShrakeRupley_256pt_Bondi,,,759,759,geometric_4.5A,,
Sr35,75,sre23,sr35_75_and_sre23_atp,model_1,2,No,,A,B,C,803,119,31,A,B,C:\Users\13441\Desktop\Ranking\Sr35\sr35_75_and_sre23_atp\fold_sr35_75_and_sre23_atp_model_1.cif,C:\Users\13441\Desktop\Ranking\Sr35\sr35_75_and_sre23_atp\fold_sr35_75_and_sre23_atp_full_data_1.json,C:\Users\13441\Desktop\Ranking\Sr35\sr35_75_and_sre23_atp\fold_sr35_75_and_sre23_atp_summary_confidences_1.json,0.51,0.65,0.56,False,0.12,27.72,27.47,0.0,0.0,0.0,0.0,0.0,0.0,0.0,0.0,71.1,72.1,0.0,0.0,0.0,0.0,,,,,,,,,0.12,0.65,True,0.0,0.0,0.0,0.0,0.0,0.0,0.0,0.0385,0.0086,0.0,0,0,0,0,16.511802063955926,15.6,29.7,8.81943455348241,4.0,26.5,30.520406668271292,30.5,27.7,30.37372562972885,30.5,27.5,0.13,0.0002693680211810752,0,0,"323,725,757,758,759,760,761,762,763","21,23,25,26,44,85,86,88,89,94,96,112",9,12,19,0,2.3903165567047826,,,,1018.1525535476866,509.0762767738433,,benchmark_ShrakeRupley_256pt_Bondi,,,323,763,geometric_4.5A,,
Sr35,75,sre23,sr35_75_and_sre23_atp,model_2,3,No,,A,B,C,803,119,31,A,B,C:\Users\13441\Desktop\Ranking\Sr35\sr35_75_and_sre23_atp\fold_sr35_75_and_sre23_atp_model_2.cif,C:\Users\13441\Desktop\Ranking\Sr35\sr35_75_and_sre23_atp\fold_sr35_75_and_sre23_atp_full_data_2.json,C:\Users\13441\Desktop\Ranking\Sr35\sr35_75_and_sre23_atp\fold_sr35_75_and_sre23_atp_summary_confidences_2.json,0.5,0.65,0.56,False,0.14,26.68,26.95,0.0,0.0,0.0,0.0,0.0,0.0,0.0,0.0,70.7,71.1,0.0,0.0,0.0,0.0,,,,,,,,,0.14,0.65,True,0.0,0.0,0.0,0.0,0.0,0.0,0.0,0.0582,0.0088,0.0,0,0,0,0,16.659874286885525,15.9,29.9,8.959165361059677,4.3,26.5,29.88317130089894,29.9,26.7,30.132360789895035,30.2,27.0,0.13,0.0002693680211810752,0,0,"564,586,588,608,609,610,631,632,633,635,654,655,702,776,779","24,29,33,34,35,36,37,47,57,58,59,60,61,62,88,108,109,110,111,112",15,20,33,0,1.75979601603686,,,,1137.7271806314434,568.8635903157217,,benchmark_ShrakeRupley_256pt_Bondi,,,564,779,geometric_4.5A,,
Sr35,75,sre23,sr35_75_and_sre23_atp,model_3,4,No,,A,B,C,803,119,31,A,B,C:\Users\13441\Desktop\Ranking\Sr35\sr35_75_and_sre23_atp\fold_sr35_75_and_sre23_atp_model_3.cif,C:\Users\13441\Desktop\Ranking\Sr35\sr35_75_and_sre23_atp\fold_sr35_75_and_sre23_atp_full_data_3.json,C:\Users\13441\Desktop\Ranking\Sr35\sr35_75_and_sre23_atp\fold_sr35_75_and_sre23_atp_summary_confidences_3.json,0.5,0.65,0.56,False,0.13,27.63,27.12,0.0,0.0,0.0,0.0,0.0,0.0,0.0,0.0,71.0,72.5,0.0,0.0,0.0,0.0,,,,,,,,,0.13,0.65,True,0.0,0.0,0.0,0.0,0.0,0.0,0.0,0.0235,0.0085,0.0,0,0,0,0,16.605764232010262,15.5,30.1,8.688890471442814,4.0,25.9,30.597606664085312,30.6,27.6,30.41396339357661,30.6,27.1,0.13,0.0002693680211810752,0,0,"757,759,761,762","23,24,25,29,30,88,89,111",4,8,9,0,2.1086891359063693,,,,509.96834918841506,254.98417459420753,,benchmark_ShrakeRupley_256pt_Bondi,,,757,762,geometric_4.5A,,
Sr35,75,sre23,sr35_75_and_sre23_atp,model_4,5,No,,A,B,C,803,119,31,A,B,C:\Users\13441\Desktop\Ranking\Sr35\sr35_75_and_sre23_atp\fold_sr35_75_and_sre23_atp_model_4.cif,C:\Users\13441\Desktop\Ranking\Sr35\sr35_75_and_sre23_atp\fold_sr35_75_and_sre23_atp_full_data_4.json,C:\Users\13441\Desktop\Ranking\Sr35\sr35_75_and_sre23_atp\fold_sr35_75_and_sre23_atp_summary_confidences_4.json,0.5,0.65,0.55,False,0.13,26.52,26.69,0.0,0.0,0.0,0.0,0.0,0.0,0.0,0.0,71.1,71.9,0.0,0.0,0.0,0.0,,,,,,,,,0.13,0.65,True,0.0,0.0,0.0,0.0,0.0,0.0,0.0,0.0499,0.0088,0.0,0,0,0,0,16.62678919140505,15.8,29.5,8.791867255376726,4.1,26.2,30.281348305200037,30.3,26.5,30.203125882980835,30.3,26.7,0.13,0.0002693680211810752,0,0,"177,324,762,765,768,769","21,23,24,25,26,38,44,85,86,87,88,89,96,112",6,14,17,0,2.498825559770381,,,,755.8555292909775,377.92776464548876,,benchmark_ShrakeRupley_256pt_Bondi,,,177,769,geometric_4.5A,,
Sr35,76,sre23,sr35_76_and_sre23_atp,model_0,1,No,,A,B,C,823,119,31,A,B,C:\Users\13441\Desktop\Ranking\Sr35\sr35_76_and_sre23_atp\fold_sr35_76_and_sre23_atp_model_0.cif,C:\Users\13441\Desktop\Ranking\Sr35\sr35_76_and_sre23_atp\fold_sr35_76_and_sre23_atp_full_data_0.json,C:\Users\13441\Desktop\Ranking\Sr35\sr35_76_and_sre23_atp\fold_sr35_76_and_sre23_atp_summary_confidences_0.json,0.5,0.65,0.56,False,0.15,23.55,23.05,0.0,0.0,0.0,0.0,0.0,0.0,0.0,0.0,73.1,72.8,0.0,0.0,0.0,0.0,,,,,,,,,0.15,0.65,True,0.0,0.0,0.0,0.0,0.0,0.0,0.0,0.0387,0.009,0.0,0,0,0,0,16.37470739357818,15.6,29.4,8.48845606039026,3.7,26.6,30.523140386166617,30.6,23.5,30.28386207459897,30.6,23.0,0.13,0.0004779603214311241,0,0,"324,767,768,783,785,786,788,796","21,29,30,31,44,47,51,61,85,86,87,88,109,110,111,112",8,16,21,0,1.8721966087497064,,,,828.6324718805784,414.3162359402892,,benchmark_ShrakeRupley_256pt_Bondi,,,324,796,geometric_4.5A,,
Sr35,76,sre23,sr35_76_and_sre23_atp,model_1,2,No,,A,B,C,823,119,31,A,B,C:\Users\13441\Desktop\Ranking\Sr35\sr35_76_and_sre23_atp\fold_sr35_76_and_sre23_atp_model_1.cif,C:\Users\13441\Desktop\Ranking\Sr35\sr35_76_and_sre23_atp\fold_sr35_76_and_sre23_atp_full_data_1.json,C:\Users\13441\Desktop\Ranking\Sr35\sr35_76_and_sre23_atp\fold_sr35_76_and_sre23_atp_summary_confidences_1.json,0.49,0.66,0.56,False,0.16,24.73,24.08,0.0,0.0,0.0,0.0,0.0,0.0,0.0,0.0,72.9,72.3,0.0,0.0,0.0,0.0,,,,,,,,,0.16,0.66,True,0.0,0.0,0.0,0.0,0.0,0.0,0.0,0.061,0.0091,0.0,0,0,0,0,16.463857083307463,15.7,29.5,8.616678535821107,3.8,26.8,29.020901191582343,29.2,24.7,29.744586826225017,30.1,24.1,0.13,0.0004779603214311241,0,0,"492,497,654,702,729,730,750,751,772,774,775,776","24,25,26,28,29,30,31,85,86,88,89,91,108,109,110,111",12,16,23,0,2.160905420898779,,,,1103.563518985946,551.781759492973,,benchmark_ShrakeRupley_256pt_Bondi,,,492,776,geometric_4.5A,,
Sr35,76,sre23,sr35_76_and_sre23_atp,model_2,3,No,,A,B,C,823,119,31,A,B,C:\Users\13441\Desktop\Ranking\Sr35\sr35_76_and_sre23_atp\fold_sr35_76_and_sre23_atp_model_2.cif,C:\Users\13441\Desktop\Ranking\Sr35\sr35_76_and_sre23_atp\fold_sr35_76_and_sre23_atp_full_data_2.json,C:\Users\13441\Desktop\Ranking\Sr35\sr35_76_and_sre23_atp\fold_sr35_76_and_sre23_atp_summary_confidences_2.json,0.49,0.65,0.55,False,0.21,22.23,21.04,0.0,0.0,0.0,0.0,0.0,0.0,0.0,0.0,73.2,73.0,0.0,0.0,0.0,0.0,,,,,,,,,0.21,0.65,True,0.0,0.0,0.0,0.0,0.0,0.0,0.0,0.06,0.0094,0.0,0,0,0,0,16.318015656919524,15.6,29.1,8.4869676684233,3.7,26.7,30.471392834168903,30.6,22.2,30.217729765053043,30.6,21.0,0.13,0.0004779603214311241,0,0,"767,768,784,785,786,788,789,790,791","25,26,27,28,29,30,44,47,85,86,87,88,89,96",9,14,27,0,2.0734358163784212,,,,878.6079166137491,439.30395830687456,,benchmark_ShrakeRupley_256pt_Bondi,,,767,791,geometric_4.5A,,
Sr35,76,sre23,sr35_76_and_sre23_atp,model_3,4,No,,A,B,C,823,119,31,A,B,C:\Users\13441\Desktop\Ranking\Sr35\sr35_76_and_sre23_atp\fold_sr35_76_and_sre23_atp_model_3.cif,C:\Users\13441\Desktop\Ranking\Sr35\sr35_76_and_sre23_atp\fold_sr35_76_and_sre23_atp_full_data_3.json,C:\Users\13441\Desktop\Ranking\Sr35\sr35_76_and_sre23_atp\fold_sr35_76_and_sre23_atp_summary_confidences_3.json,0.48,0.65,0.54,False,0.16,24.16,25.31,0.0,0.0,0.0,0.0,0.0,0.0,0.0,0.0,72.9,73.0,0.0,0.0,0.0,0.0,,,,,,,,,0.16,0.65,True,0.0,0.0,0.0,0.0,0.0,0.0,0.0,0.0207,0.0088,0.0,0,0,0,0,16.442874712123764,15.8,29.1,8.458189716564592,3.7,26.38999999999996,29.29570438138804,29.5,24.2,29.96944260085565,30.3,25.3,0.13,0.0004779603214311241,0,0,"653,654","47,88,89",2,3,3,0,3.193296992788384,,,,231.4196796026222,115.7098398013111,,benchmark_ShrakeRupley_256pt_Bondi,,,653,654,geometric_4.5A,,
Sr35,76,sre23,sr35_76_and_sre23_atp,model_4,5,No,,A,B,C,823,119,31,A,B,C:\Users\13441\Desktop\Ranking\Sr35\sr35_76_and_sre23_atp\fold_sr35_76_and_sre23_atp_model_4.cif,C:\Users\13441\Desktop\Ranking\Sr35\sr35_76_and_sre23_atp\fold_sr35_76_and_sre23_atp_full_data_4.json,C:\Users\13441\Desktop\Ranking\Sr35\sr35_76_and_sre23_atp\fold_sr35_76_and_sre23_atp_summary_confidences_4.json,0.48,0.66,0.53,False,0.16,25.03,23.91,0.0,0.0,0.0,0.0,0.0,0.0,0.0,0.0,72.9,71.9,0.0,0.0,0.0,0.0,,,,,,,,,0.16,0.66,True,0.0,0.0,0.0,0.0,0.0,0.0,0.0,0.0528,0.0088,0.0,0,0,0,0,16.4337249041398,15.9,29.0,8.631890044153254,3.8,26.6,29.103863708302278,29.3,25.0,29.7874511165341,30.2,23.9,0.13,0.0004779603214311241,0,0,"490,492,497,654,673,700,702,704,730,774,775,776,792,793,794,795,798","21,23,25,26,29,30,31,47,48,87,88,89,90,109,111,112,113,114",17,18,31,0,2.2014858181133206,,,,1580.085152333581,790.0425761667905,,benchmark_ShrakeRupley_256pt_Bondi,,,490,798,geometric_4.5A,,
Sr35,187,sre9,sr35_187_and_sre9_atp,model_0,1,Yes,,A,B,C,922,117,31,A,B,C:\Users\13441\Desktop\Ranking\Sr35\sr35_187_and_sre9_atp\fold_sr35_187_and_sre9_atp_model_0.cif,C:\Users\13441\Desktop\Ranking\Sr35\sr35_187_and_sre9_atp\fold_sr35_187_and_sre9_atp_full_data_0.json,C:\Users\13441\Desktop\Ranking\Sr35\sr35_187_and_sre9_atp\fold_sr35_187_and_sre9_atp_summary_confidences_0.json,0.47,0.64,0.54,False,0.18,23.69,24.27,0.0,0.0,0.0,0.0,0.0,0.0,0.0,0.0,70.5,56.4,0.0,0.0,0.0,0.0,,,,,,,,,0.18,0.64,True,0.0,0.0,0.0,0.0,0.0,0.0,0.0,0.0783,0.0087,0.0,0,0,0,0,18.32224075029264,18.4,30.5,14.397089596227527,12.55,28.9,28.208250366167935,28.3,23.7,29.790928305245004,30.2,24.3,0.34,0.0006679088566290301,1,0,"177,328,330,443,445,488,489,490,491,492,497,607,653,654,655,673,697,698,700,702,721,722,724,746,747,751,771,795,797,799,807,808,809,811,813,823,824,825,826,849,850,852,901","4,6,11,13,14,42,46,48,62,63,64,67,68,71,72,74,75,76,78,79,80,81,82,83,84,85,86,87,88,90,92,93,96,105,115",43,35,85,0,1.638267643936415,,,,3731.7773251288013,1865.8886625644006,,benchmark_ShrakeRupley_256pt_Bondi,,,177,901,geometric_4.5A,,
Sr35,187,sre9,sr35_187_and_sre9_atp,model_1,2,Yes,,A,B,C,922,117,31,A,B,C:\Users\13441\Desktop\Ranking\Sr35\sr35_187_and_sre9_atp\fold_sr35_187_and_sre9_atp_model_1.cif,C:\Users\13441\Desktop\Ranking\Sr35\sr35_187_and_sre9_atp\fold_sr35_187_and_sre9_atp_full_data_1.json,C:\Users\13441\Desktop\Ranking\Sr35\sr35_187_and_sre9_atp\fold_sr35_187_and_sre9_atp_summary_confidences_1.json,0.48,0.64,0.53,False,0.21,15.31,16.78,0.0,0.0,0.0,0.0,0.0,0.0,0.0,0.0,70.8,57.4,0.0,0.0,0.0,0.0,,,,,,,,,0.21,0.64,True,0.0,0.0,0.0,0.0,0.0,0.0,0.0,0.0523,0.0095,0.0,0,0,0,0,18.31361872057393,18.3,30.5,14.516511936339521,12.850000000000001,28.5,27.598245174926305,28.0,15.3,29.71550512635112,30.2,16.8,0.34,0.0006679088566290301,1,0,"492,497,585,586,588,607,608,630,631,632,652,653,654,655,672,673,674,677,678,698,700,702,703,721,722,724,726,746,747,751,768,769,771,795,797,805,807,809,811,825,826","13,14,15,16,17,18,20,21,29,53,59,60,61,62,64,65,68,96,99,102,103,106,107,109,110,111,114,115,116,117",41,30,72,1,1.2958190635456854,,,,3056.500432178671,1528.2502160893355,,benchmark_ShrakeRupley_256pt_Bondi,,,492,826,geometric_4.5A,,
Sr35,187,sre9,sr35_187_and_sre9_atp,model_2,3,Yes,,A,B,C,922,117,31,A,B,C:\Users\13441\Desktop\Ranking\Sr35\sr35_187_and_sre9_atp\fold_sr35_187_and_sre9_atp_model_2.cif,C:\Users\13441\Desktop\Ranking\Sr35\sr35_187_and_sre9_atp\fold_sr35_187_and_sre9_atp_full_data_2.json,C:\Users\13441\Desktop\Ranking\Sr35\sr35_187_and_sre9_atp\fold_sr35_187_and_sre9_atp_summary_confidences_2.json,0.47,0.64,0.52,False,0.19,20.36,19.61,0.0,0.0,0.0,0.0,0.0,0.0,0.0,0.0,70.3,56.4,0.0,0.0,0.0,0.0,,,,,,,,,0.19,0.64,True,0.0,0.0,0.0,0.0,0.0,0.0,0.0,0.1271,0.0088,0.0,0,0,0,0,18.356335186925463,18.5,30.4,14.460433244916004,12.6,29.0,27.943889166991116,28.0,20.4,29.82266069673879,30.1,19.6,0.34,0.0006679088566290301,1,0,"313,314,316,317,322,323,326,328,330,443,445,480,481,487,488,489,490,491,492,493,494,496,497,607,608,610,630,631,632,633,634,653,654,656,673,697,698,700,702,722,724,726,743,745,746,747,749,751,766,767,768,771,794,795,797,799,822,823,825,826,850,851,853,860,861,864,868,871,873,875","2,4,14,30,31,34,35,36,40,42,43,46,47,48,49,52,63,64,67,68,71,72,75,77,78,79,80,81,82,85,87,88,89,90,93,94,95,96,97,98,99,100,101,102,103,104,108,112,115,116,117",70,51,121,6,1.119534845816262,,,,5208.599441222531,2604.2997206112655,,benchmark_ShrakeRupley_256pt_Bondi,,,313,875,geometric_4.5A,,
Sr35,187,sre9,sr35_187_and_sre9_atp,model_3,4,Yes,,A,B,C,922,117,31,A,B,C:\Users\13441\Desktop\Ranking\Sr35\sr35_187_and_sre9_atp\fold_sr35_187_and_sre9_atp_model_3.cif,C:\Users\13441\Desktop\Ranking\Sr35\sr35_187_and_sre9_atp\fold_sr35_187_and_sre9_atp_full_data_3.json,C:\Users\13441\Desktop\Ranking\Sr35\sr35_187_and_sre9_atp\fold_sr35_187_and_sre9_atp_summary_confidences_3.json,0.47,0.63,0.51,False,0.19,18.22,18.59,0.0,0.0,0.0,0.0,0.0,0.0,0.0,0.0,70.0,56.9,0.0,0.0,0.0,0.0,,,,,,,,,0.19,0.63,True,0.0,0.0,0.0,0.0,0.0,0.0,0.0,0.0551,0.0087,0.0,0,0,0,0,18.472168325949585,18.6,30.4,14.209409077512527,12.4,28.6,28.210612381111297,28.5,18.2,30.015283571574244,30.4,18.6,0.34,0.0006679088566290301,1,0,"323,490,491,492,493,494,497,607,608,612,630,631,633,635,653,654,655,672,673,677,678,698,702,721,726,746,751,768,771,794,795,797,802,804,805,806,807,809,811,823,825,826,850,856,857,860,861,877,879","2,5,27,28,29,30,31,33,34,35,36,37,38,39,40,42,43,46,47,48,49,52,87,89,93,96,97,100,101,105,108,109,110,111,112,114,115,116,117",49,39,90,0,2.1450127135462784,,,,4195.133854298429,2097.5669271492143,,benchmark_ShrakeRupley_256pt_Bondi,,,323,879,geometric_4.5A,,
Sr35,187,sre9,sr35_187_and_sre9_atp,model_4,5,Yes,,A,B,C,922,117,31,A,B,C:\Users\13441\Desktop\Ranking\Sr35\sr35_187_and_sre9_atp\fold_sr35_187_and_sre9_atp_model_4.cif,C:\Users\13441\Desktop\Ranking\Sr35\sr35_187_and_sre9_atp\fold_sr35_187_and_sre9_atp_full_data_4.json,C:\Users\13441\Desktop\Ranking\Sr35\sr35_187_and_sre9_atp\fold_sr35_187_and_sre9_atp_summary_confidences_4.json,0.45,0.64,0.51,False,0.19,23.64,22.7,0.0,0.0,0.0,0.0,0.0,0.0,0.0,0.0,70.4,56.7,0.0,0.0,0.0,0.0,,,,,,,,,0.19,0.64,True,0.0,0.0,0.0,0.0,0.0,0.0,0.0,0.1206,0.0088,0.0,0,0,0,0,18.30978717841825,18.4,30.4,14.51508989095196,12.4,29.5,28.1929213712294,28.2,23.6,29.847565678476744,30.1,22.7,0.34,0.0006679088566290301,1,0,"313,317,323,324,326,328,443,445,481,487,488,489,490,491,492,494,496,497,585,588,607,608,610,630,631,632,653,654,673,698,700,702,722,747,751,771,797,799,802,826,851,853,875,877,879,900,901,903","1,2,3,4,11,30,31,34,35,42,46,47,48,49,52,64,67,68,71,72,75,76,77,78,79,80,81,85,87,89,93,95,96,97,98,99,100,101,102",48,39,83,1,1.2946828375512929,,,,3630.3827069410263,1815.1913534705131,,benchmark_ShrakeRupley_256pt_Bondi,,,313,903,geometric_4.5A,,
Sr35,188,sre9,sr35_188_and_sre9_atp,model_0,1,Yes,,A,B,C,895,117,31,A,B,C:\Users\13441\Desktop\Ranking\Sr35\sr35_188_and_sre9_atp\fold_sr35_188_and_sre9_atp_model_0.cif,C:\Users\13441\Desktop\Ranking\Sr35\sr35_188_and_sre9_atp\fold_sr35_188_and_sre9_atp_full_data_0.json,C:\Users\13441\Desktop\Ranking\Sr35\sr35_188_and_sre9_atp\fold_sr35_188_and_sre9_atp_summary_confidences_0.json,0.5,0.67,0.56,False,0.21,19.51,19.9,0.0,0.0,0.0,0.0,0.0,0.0,0.0,0.0,71.9,58.1,0.0,0.0,0.0,0.0,,,,,,,,,0.21,0.67,True,0.0,0.0,0.0,0.0,0.0,0.0,0.0,0.0478,0.009,0.0,0,0,0,0,16.954568882556583,16.6,29.2,14.315554081933394,12.5,28.9,27.52084897101657,27.9,19.5,30.03588024638304,30.4,19.9,0.21,0.0007836508618631523,0,0,"317,323,328,477,480,481,487,490,492,493,494,495,496,497,654,673,700,702,728,729,752,771,794,795,797,799,814,816,820,848,850,852,874,876,878,879","30,35,36,37,39,40,42,43,46,48,94,98,101,104,105,108,109,110,111,113,114,115,116,117",36,24,51,0,2.097360814703775,,,,2889.1414837929433,1444.5707418964716,,benchmark_ShrakeRupley_256pt_Bondi,,,317,879,geometric_4.5A,,
Sr35,188,sre9,sr35_188_and_sre9_atp,model_1,2,Yes,,A,B,C,895,117,31,A,B,C:\Users\13441\Desktop\Ranking\Sr35\sr35_188_and_sre9_atp\fold_sr35_188_and_sre9_atp_model_1.cif,C:\Users\13441\Desktop\Ranking\Sr35\sr35_188_and_sre9_atp\fold_sr35_188_and_sre9_atp_full_data_1.json,C:\Users\13441\Desktop\Ranking\Sr35\sr35_188_and_sre9_atp\fold_sr35_188_and_sre9_atp_summary_confidences_1.json,0.51,0.67,0.56,False,0.23,18.49,19.04,0.0,0.0,0.0,0.0,0.0,0.0,0.0,0.0,71.8,57.4,0.0,0.0,0.0,0.0,,,,,,,,,0.23,0.67,True,0.0,0.0,0.0,0.0,0.0,0.0,0.0,0.139,0.0095,0.0,0,0,0,0,16.976294852086536,16.6,29.4,14.46984232242853,13.1,29.0,26.732920784987822,26.9,18.5,29.3087895716946,29.7,19.0,0.21,0.0007836508618631523,0,0,"313,317,323,324,328,331,445,446,476,477,480,481,483,486,487,489,490,491,492,493,494,495,496,497,586,607,610,630,631,632,633,652,653,654,655,673,678,702,703,724,728,729,731,747,752,769,771,773,776,794,795,797,799,800,813,814,816,818,848,850,852","17,18,21,25,29,30,31,48,49,52,53,56,59,60,61,62,87,89,90,91,93,94,95,96,97,98,99,100,101,102,103,104,106,107,108,109,110,111,113,114,115,117",61,42,115,0,1.8657480702296776,,,,4622.675652894724,2311.337826447362,,benchmark_ShrakeRupley_256pt_Bondi,,,313,852,geometric_4.5A,,
Sr35,188,sre9,sr35_188_and_sre9_atp,model_2,3,Yes,,A,B,C,895,117,31,A,B,C:\Users\13441\Desktop\Ranking\Sr35\sr35_188_and_sre9_atp\fold_sr35_188_and_sre9_atp_model_2.cif,C:\Users\13441\Desktop\Ranking\Sr35\sr35_188_and_sre9_atp\fold_sr35_188_and_sre9_atp_full_data_2.json,C:\Users\13441\Desktop\Ranking\Sr35\sr35_188_and_sre9_atp\fold_sr35_188_and_sre9_atp_summary_confidences_2.json,0.51,0.67,0.56,False,0.22,18.81,20.53,0.0,0.0,0.0,0.0,0.0,0.0,0.0,0.0,72.0,58.3,0.0,0.0,0.0,0.0,,,,,,,,,0.22,0.67,True,0.0,0.0,0.0,0.0,0.0,0.0,0.0,0.0972,0.0092,0.0,0,0,0,0,16.93426193243598,16.6,29.5,14.247605363984674,12.8,28.9,27.272166356300435,27.5,18.8,29.67599961801079,30.1,20.5,0.21,0.0007836508618631523,0,0,"313,317,323,328,330,446,480,481,487,489,490,491,492,493,494,495,496,497,608,631,632,653,654,673,702,704,724,728,729,747,752,769,773,794,795,799,800,818,819,820,822,824,847,848,850,874","30,34,35,43,45,46,47,48,49,82,83,85,86,87,88,90,93,98,99,100,101,103,104,105,106,107,108,109,111,112,113,114,115,116,117",46,35,82,0,1.9465951387862215,,,,3924.0681638891747,1962.0340819445873,,benchmark_ShrakeRupley_256pt_Bondi,,,313,874,geometric_4.5A,,
Sr35,188,sre9,sr35_188_and_sre9_atp,model_3,4,Yes,,A,B,C,895,117,31,A,B,C:\Users\13441\Desktop\Ranking\Sr35\sr35_188_and_sre9_atp\fold_sr35_188_and_sre9_atp_model_3.cif,C:\Users\13441\Desktop\Ranking\Sr35\sr35_188_and_sre9_atp\fold_sr35_188_and_sre9_atp_full_data_3.json,C:\Users\13441\Desktop\Ranking\Sr35\sr35_188_and_sre9_atp\fold_sr35_188_and_sre9_atp_summary_confidences_3.json,0.5,0.66,0.56,False,0.22,19.27,19.51,0.0,0.0,0.0,0.0,0.0,0.0,0.0,0.0,71.7,58.4,0.0,0.0,0.0,0.0,,,,,,,,,0.22,0.66,True,0.0,0.0,0.0,0.0,0.0,0.0,0.0,0.0736,0.0091,0.0,0,0,0,0,17.20442715558722,17.0,29.5,14.149005305039786,12.3,28.8,27.24602396982285,27.5,19.3,29.641455378885546,30.1,19.5,0.21,0.0007836508618631523,0,0,"199,313,314,316,317,323,324,326,328,329,331,446,473,477,480,481,485,486,487,490,491,492,493,494,495,496,654,677,700,702,704,728,729,747,752,768,769,771,773,794,795,799,800,818,819,820,827,829,845,846,847","24,25,26,28,29,30,31,52,53,56,60,87,89,90,91,92,94,95,96,97,98,99,100,101,102,103,104,106,107,108,109,110,111,112,113,114,115,116,117",51,39,88,0,1.9442744555721074,,,,4102.156515124892,2051.078257562446,,benchmark_ShrakeRupley_256pt_Bondi,,,199,847,geometric_4.5A,,
Sr35,188,sre9,sr35_188_and_sre9_atp,model_4,5,Yes,,A,B,C,895,117,31,A,B,C:\Users\13441\Desktop\Ranking\Sr35\sr35_188_and_sre9_atp\fold_sr35_188_and_sre9_atp_model_4.cif,C:\Users\13441\Desktop\Ranking\Sr35\sr35_188_and_sre9_atp\fold_sr35_188_and_sre9_atp_full_data_4.json,C:\Users\13441\Desktop\Ranking\Sr35\sr35_188_and_sre9_atp\fold_sr35_188_and_sre9_atp_summary_confidences_4.json,0.49,0.67,0.55,False,0.21,19.42,20.12,0.0,0.0,0.0,0.0,0.0,0.0,0.0,0.0,71.8,58.1,0.0,0.0,0.0,0.0,,,,,,,,,0.21,0.67,True,0.0,0.0,0.0,0.0,0.0,0.0,0.0,0.0878,0.0092,0.0,0,0,0,0,16.948874057965583,16.6,29.2,13.95948275862069,12.3,28.1,27.647134603447455,28.1,19.4,29.818170271689826,30.2,20.1,0.21,0.0007836508618631523,0,0,"313,317,323,328,480,481,487,490,491,492,493,494,495,496,497,588,607,608,630,631,633,653,654,673,724,746,747,752,768,769,771,773,794,795,797,799,800,827,847,848,850,852,874,876,877,879","25,28,29,30,31,34,35,37,49,63,90,94,97,98,100,101,102,104,105,106,107,108,109,110,111,112,113,114,115,116,117",46,31,83,0,1.9440567432921143,,,,3584.78335351215,1792.391676756075,,benchmark_ShrakeRupley_256pt_Bondi,,,313,879,geometric_4.5A,,
Sr35,189,sre9,sr35_189_and_sre9_atp,model_0,1,Yes,,A,B,C,854,117,31,A,B,C:\Users\13441\Desktop\Ranking\Sr35\sr35_189_and_sre9_atp\fold_sr35_189_and_sre9_atp_model_0.cif,C:\Users\13441\Desktop\Ranking\Sr35\sr35_189_and_sre9_atp\fold_sr35_189_and_sre9_atp_full_data_0.json,C:\Users\13441\Desktop\Ranking\Sr35\sr35_189_and_sre9_atp\fold_sr35_189_and_sre9_atp_summary_confidences_0.json,0.5,0.66,0.58,False,0.23,18.33,19.81,0.0,0.0,0.0,0.0,0.0,0.0,0.0,0.0,70.6,55.8,0.0,0.0,0.0,0.0,,,,,,,,,0.23,0.66,True,0.0,0.0,0.0,0.0,0.0,0.0,0.0,0.0576,0.0092,0.0,0,0,0,0,17.17830223127631,16.7,29.9,15.676930445033895,14.3,31.3,26.81661262235033,27.0,18.3,29.105971896955502,29.6,19.8,0.14,0.0008397886266738726,0,0,"443,488,489,490,491,492,497,631,632,653,654,655,673,697,699,725,726,727,728,729,756,757,779,797,804,805,806,810,822","11,46,48,64,67,68,70,71,74,75,78,79,81,82,83,85,86,87,88,90,97,99",29,22,50,0,2.1492467919690843,,,,2168.235632811914,1084.117816405957,,benchmark_ShrakeRupley_256pt_Bondi,,,443,822,geometric_4.5A,,
Sr35,189,sre9,sr35_189_and_sre9_atp,model_1,2,Yes,,A,B,C,854,117,31,A,B,C:\Users\13441\Desktop\Ranking\Sr35\sr35_189_and_sre9_atp\fold_sr35_189_and_sre9_atp_model_1.cif,C:\Users\13441\Desktop\Ranking\Sr35\sr35_189_and_sre9_atp\fold_sr35_189_and_sre9_atp_full_data_1.json,C:\Users\13441\Desktop\Ranking\Sr35\sr35_189_and_sre9_atp\fold_sr35_189_and_sre9_atp_summary_confidences_1.json,0.5,0.66,0.57,False,0.24,18.42,19.9,0.0,0.0,0.0,0.0,0.0,0.0,0.0,0.0,70.5,56.9,0.0,0.0,0.0,0.0,,,,,,,,,0.24,0.66,True,0.0,0.0,0.0,0.0,0.0,0.0,0.0,0.0527,0.0089,0.0,0,0,0,0,17.189077124132762,16.8,29.5,14.497096964338343,13.05,29.4,26.41325086570988,26.6,18.4,28.873754478672513,29.4,19.9,0.14,0.0008397886266738726,0,0,"323,443,445,488,489,490,491,492,497,607,610,631,632,653,654,655,673,697,699,725,727,776,793,801,802,803,804,805,810,817,818,819,821,822,823,827","4,35,46,48,52,64,71,74,78,79,81,82,83,84,85,86,87,88,89,90,91,92,93,94,95,96,97,98,99,100,102,103,104,105",36,34,71,1,1.2681966668211957,,,,3468.9250832754333,1734.4625416377166,,benchmark_ShrakeRupley_256pt_Bondi,,,323,827,geometric_4.5A,,
Sr35,189,sre9,sr35_189_and_sre9_atp,model_2,3,Yes,,A,B,C,854,117,31,A,B,C:\Users\13441\Desktop\Ranking\Sr35\sr35_189_and_sre9_atp\fold_sr35_189_and_sre9_atp_model_2.cif,C:\Users\13441\Desktop\Ranking\Sr35\sr35_189_and_sre9_atp\fold_sr35_189_and_sre9_atp_full_data_2.json,C:\Users\13441\Desktop\Ranking\Sr35\sr35_189_and_sre9_atp\fold_sr35_189_and_sre9_atp_summary_confidences_2.json,0.51,0.66,0.56,False,0.24,17.79,20.32,0.0,0.0,0.0,0.0,0.0,0.0,0.0,0.0,70.6,56.6,0.0,0.0,0.0,0.0,,,,,,,,,0.24,0.66,True,0.0,0.0,0.0,0.0,0.0,0.0,0.0,0.0651,0.0089,0.0,0,0,0,0,17.078982156927882,16.7,29.7,14.47475685234306,13.7,28.9,26.452119738185317,26.7,17.8,29.091620128505376,29.7,20.3,0.14,0.0008397886266738726,0,0,"287,313,314,317,323,324,326,328,329,330,331,427,443,463,466,474,475,477,478,480,481,487,488,489,490,494,495,496,500,654,699,725,726,727,728,756,779,805,807,822,823,828,829,831,834","7,11,14,64,68,71,75,78,79,88,90,97,98,101,102,104,105,106,107,108,109,110,111,112,113,114,115",45,27,62,0,2.1663532245354,,,,3645.0021476244137,1822.5010738122069,,benchmark_ShrakeRupley_256pt_Bondi,,,287,834,geometric_4.5A,,
Sr35,189,sre9,sr35_189_and_sre9_atp,model_3,4,Yes,,A,B,C,854,117,31,A,B,C:\Users\13441\Desktop\Ranking\Sr35\sr35_189_and_sre9_atp\fold_sr35_189_and_sre9_atp_model_3.cif,C:\Users\13441\Desktop\Ranking\Sr35\sr35_189_and_sre9_atp\fold_sr35_189_and_sre9_atp_full_data_3.json,C:\Users\13441\Desktop\Ranking\Sr35\sr35_189_and_sre9_atp\fold_sr35_189_and_sre9_atp_summary_confidences_3.json,0.48,0.66,0.55,False,0.25,18.29,19.81,0.0,0.0,0.0,0.0,0.0,0.0,0.0,0.0,70.7,56.6,0.0,0.0,0.0,0.0,,,,,,,,,0.25,0.66,True,0.0,0.0,0.0,0.0,0.0,0.0,0.0,0.0711,0.0091,0.0,0,0,0,0,17.153472384283603,16.7,29.9,14.814419392867668,13.1,30.1,26.3190185952481,26.6,18.3,28.864849176324586,29.5,19.8,0.14,0.0008397886266738726,0,0,"313,314,317,318,321,322,323,326,328,443,481,489,490,492,494,497,607,631,632,653,654,655,673,697,699,725,726,727,728,751,756,757,773,779,799,805,806,807,808,809,810,821,823,829","3,4,46,48,63,64,67,71,74,75,78,79,81,82,83,85,86,87,88,90,94,95,96,97,98,99,100,102,104",44,29,72,0,1.6662855237948213,,,,3278.443374823277,1639.2216874116384,,benchmark_ShrakeRupley_256pt_Bondi,,,313,829,geometric_4.5A,,
Sr35,189,sre9,sr35_189_and_sre9_atp,model_4,5,Yes,,A,B,C,854,117,31,A,B,C:\Users\13441\Desktop\Ranking\Sr35\sr35_189_and_sre9_atp\fold_sr35_189_and_sre9_atp_model_4.cif,C:\Users\13441\Desktop\Ranking\Sr35\sr35_189_and_sre9_atp\fold_sr35_189_and_sre9_atp_full_data_4.json,C:\Users\13441\Desktop\Ranking\Sr35\sr35_189_and_sre9_atp\fold_sr35_189_and_sre9_atp_summary_confidences_4.json,0.43,0.66,0.52,False,0.24,18.75,20.72,0.0,0.0,0.0,0.0,0.0,0.0,0.0,0.0,70.4,56.7,0.0,0.0,0.0,0.0,,,,,,,,,0.24,0.66,True,0.0,0.0,0.0,0.0,0.0,0.0,0.0,0.0737,0.0094,0.0,0,0,0,0,17.2466363379284,16.7,30.1,14.713881520778072,13.2,29.6,26.4193848956144,26.6,18.8,29.130734202045673,29.7,20.7,0.14,0.0008397886266738726,0,0,"317,323,324,326,328,445,463,466,474,477,481,490,493,494,497,586,588,607,608,610,631,632,633,653,654,699,725,727,773","35,40,46,48,78,79,81,82,83,85,87,99,101,102,103,104,105,106,107,108,109,111,115",29,23,40,0,2.4233937306370037,,,,2559.8340084370693,1279.9170042185347,,benchmark_ShrakeRupley_256pt_Bondi,,,317,773,geometric_4.5A,,
Sr35,190,sre9,sr35_190_and_sre9_atp,model_0,1,Yes,,A,B,C,1000,117,31,A,B,C:\Users\13441\Desktop\Ranking\Sr35\sr35_190_and_sre9_atp\fold_sr35_190_and_sre9_atp_model_0.cif,C:\Users\13441\Desktop\Ranking\Sr35\sr35_190_and_sre9_atp\fold_sr35_190_and_sre9_atp_full_data_0.json,C:\Users\13441\Desktop\Ranking\Sr35\sr35_190_and_sre9_atp\fold_sr35_190_and_sre9_atp_summary_confidences_0.json,0.54,0.71,0.59,False,0.37,12.13,14.27,0.0,0.0,0.0,0.0,0.0,0.0,0.0,0.0,71.1,56.0,0.0,0.0,0.0,0.0,,,,,,,,,0.37,0.71,True,0.0,0.0,0.0,0.0,0.0,0.0,0.0,0.136,0.0112,0.0,0,0,0,0,17.01472172172172,16.5,29.4,14.547119068670792,13.8,28.4,23.18025982905983,22.8,12.1,27.092399999999998,27.4,14.3,0.25,0.0009479487179487179,0,0,"287,313,314,317,323,326,328,442,443,445,466,474,477,480,481,487,488,489,490,492,494,495,496,497,585,586,607,608,630,631,633,653,673,697,699,725,727,728,751,752,770,775,790,792,793,797,815,816,820,821,842,843,868,869,870,871,872","17,18,21,29,32,33,48,49,52,53,56,59,60,61,62,63,64,66,85,87,89,93,94,95,96,97,98,99,100,101,102,103,104,105,106,108,109,114,115",57,39,93,0,2.008329584042457,,,,4439.629755550655,2219.8148777753277,,benchmark_ShrakeRupley_256pt_Bondi,,,287,872,geometric_4.5A,,
Sr35,190,sre9,sr35_190_and_sre9_atp,model_1,2,Yes,,A,B,C,1000,117,31,A,B,C:\Users\13441\Desktop\Ranking\Sr35\sr35_190_and_sre9_atp\fold_sr35_190_and_sre9_atp_model_1.cif,C:\Users\13441\Desktop\Ranking\Sr35\sr35_190_and_sre9_atp\fold_sr35_190_and_sre9_atp_full_data_1.json,C:\Users\13441\Desktop\Ranking\Sr35\sr35_190_and_sre9_atp\fold_sr35_190_and_sre9_atp_summary_confidences_1.json,0.54,0.71,0.59,False,0.37,12.58,14.61,0.0,0.0,0.0,0.0,0.0,0.0,0.0,0.0,71.3,56.5,0.0,0.0,0.0,0.0,,,,,,,,,0.37,0.71,True,0.0,0.0,0.0,0.0,0.0,0.0,0.0,0.1332,0.011,0.0,0,0,0,0,16.987484584584585,16.4,29.6,14.423327438844682,13.4,28.4,23.2444264957265,22.9,12.6,27.273878632478635,27.6,14.6,0.25,0.0009479487179487179,0,0,"313,314,317,318,323,324,326,328,330,443,445,463,466,470,474,477,478,481,487,489,490,491,492,494,496,497,585,586,607,608,631,632,633,653,654,673,697,699,725,727,728,751,752,754,770,775,793,797,815,816,821,842,843,869,872,873,877,879,884,886,888,901","17,18,21,25,29,32,48,49,52,53,56,57,59,60,61,62,63,65,83,85,87,92,93,95,96,97,98,99,100,101,102,103,104,105,106,108,109,111,115,116",62,40,92,0,1.659634594366129,,,,4603.019404702083,2301.5097023510416,,benchmark_ShrakeRupley_256pt_Bondi,,,313,901,geometric_4.5A,,
Sr35,190,sre9,sr35_190_and_sre9_atp,model_2,3,Yes,,A,B,C,1000,117,31,A,B,C:\Users\13441\Desktop\Ranking\Sr35\sr35_190_and_sre9_atp\fold_sr35_190_and_sre9_atp_model_2.cif,C:\Users\13441\Desktop\Ranking\Sr35\sr35_190_and_sre9_atp\fold_sr35_190_and_sre9_atp_full_data_2.json,C:\Users\13441\Desktop\Ranking\Sr35\sr35_190_and_sre9_atp\fold_sr35_190_and_sre9_atp_summary_confidences_2.json,0.53,0.7,0.59,False,0.35,13.34,14.6,0.0,0.0,0.0,0.0,0.0,0.0,0.0,0.0,71.1,55.4,0.0,0.0,0.0,0.0,,,,,,,,,0.35,0.7,True,0.0,0.0,0.0,0.0,0.0,0.0,0.0,0.0867,0.0106,0.0,0,0,0,0,17.148867767767765,16.6,29.7,14.782486000589447,14.0,28.7,23.60859914529914,23.4,13.3,27.912139316239315,28.4,14.6,0.25,0.0009479487179487179,0,0,"287,314,315,317,318,323,326,328,443,463,466,477,481,489,490,491,492,494,495,496,497,500,607,654,699,725,726,727,728,751,752,770,775,790,792,793,797,798,815,816,842,843,872,873,875,877,878,879,904,928","18,21,24,25,28,29,32,33,38,49,52,53,56,60,61,62,65,87,89,90,91,92,95,96,97,98,99,100,101,102,103,104,105,106,108,109,114,115,116",50,39,84,0,1.920943513503843,,,,4201.68239128385,2100.841195641925,,benchmark_ShrakeRupley_256pt_Bondi,,,287,928,geometric_4.5A,,
Sr35,190,sre9,sr35_190_and_sre9_atp,model_3,4,Yes,,A,B,C,1000,117,31,A,B,C:\Users\13441\Desktop\Ranking\Sr35\sr35_190_and_sre9_atp\fold_sr35_190_and_sre9_atp_model_3.cif,C:\Users\13441\Desktop\Ranking\Sr35\sr35_190_and_sre9_atp\fold_sr35_190_and_sre9_atp_full_data_3.json,C:\Users\13441\Desktop\Ranking\Sr35\sr35_190_and_sre9_atp\fold_sr35_190_and_sre9_atp_summary_confidences_3.json,0.47,0.7,0.53,False,0.33,12.88,14.69,0.0,0.0,0.0,0.0,0.0,0.0,0.0,0.0,71.2,55.0,0.0,0.0,0.0,0.0,,,,,,,,,0.33,0.7,True,0.0,0.0,0.0,0.0,0.0,0.0,0.0,0.1181,0.0111,0.0,0,0,0,0,16.93645185185185,16.4,29.3,14.716010904804008,14.0,28.7,24.308289743589743,24.4,12.9,28.719294017094022,29.1,14.7,0.25,0.0009479487179487179,0,0,"313,317,323,324,326,328,443,463,466,471,474,477,480,481,487,488,489,490,491,494,495,496,497,586,588,607,608,610,633,725,726,727,751,752,770,792,793,815,816,818,842,843,869,872,873,886","60,62,63,64,74,78,79,81,82,83,87,88,89,90,95,96,97,99,100,101,102,104,105,106,107,108,109,111,115,116",46,30,74,0,1.9764865632260478,,,,3461.7652758081786,1730.8826379040893,,benchmark_ShrakeRupley_256pt_Bondi,,,313,886,geometric_4.5A,,
Sr35,190,sre9,sr35_190_and_sre9_atp,model_4,5,Yes,,A,B,C,1000,117,31,A,B,C:\Users\13441\Desktop\Ranking\Sr35\sr35_190_and_sre9_atp\fold_sr35_190_and_sre9_atp_model_4.cif,C:\Users\13441\Desktop\Ranking\Sr35\sr35_190_and_sre9_atp\fold_sr35_190_and_sre9_atp_full_data_4.json,C:\Users\13441\Desktop\Ranking\Sr35\sr35_190_and_sre9_atp\fold_sr35_190_and_sre9_atp_summary_confidences_4.json,0.47,0.7,0.53,False,0.32,12.74,15.36,0.0,0.0,0.0,0.0,0.0,0.0,0.0,0.0,70.9,55.5,0.0,0.0,0.0,0.0,,,,,,,,,0.32,0.7,True,0.0,0.0,0.0,0.0,0.0,0.0,0.0,0.089,0.0102,0.0,0,0,0,0,17.115604804804804,16.7,29.4,14.762709991158268,13.6,28.7,24.325048717948718,24.4,12.7,28.92290256410256,29.5,15.4,0.25,0.0009479487179487179,0,0,"287,313,317,323,326,328,443,445,470,474,477,480,481,487,488,489,490,491,492,494,495,496,497,654,699,751,752,775,790,792,793,797,798,815,816,818,820,821,842,843,845,847,869,872,873,875,877,903,904,906,928,955,977,978,979,982","31,32,33,34,35,42,46,48,52,60,87,88,89,90,91,92,94,95,96,97,98,99,100,101,102,103,104,105,106,107,108,109,111,112,114,115,117",56,37,97,0,2.0597484590859882,,,,4159.482565082901,2079.7412825414503,,benchmark_ShrakeRupley_256pt_Bondi,,,287,982,geometric_4.5A,,
Sr35,191,sre9,sr35_191_and_sre9_atp,model_0,1,Yes,,A,B,C,1015,117,31,A,B,C:\Users\13441\Desktop\Ranking\Sr35\sr35_191_and_sre9_atp\fold_sr35_191_and_sre9_atp_model_0.cif,C:\Users\13441\Desktop\Ranking\Sr35\sr35_191_and_sre9_atp\fold_sr35_191_and_sre9_atp_full_data_0.json,C:\Users\13441\Desktop\Ranking\Sr35\sr35_191_and_sre9_atp\fold_sr35_191_and_sre9_atp_summary_confidences_0.json,0.5,0.64,0.55,False,0.34,14.74,17.43,0.0,0.0,0.0,0.0,0.0,0.0,0.0,0.0,73.0,58.7,0.0,0.0,0.0,0.0,,,,,,,,,0.34,0.64,True,0.0,0.0,0.0,0.0,0.0,0.0,0.0,0.1068,0.0105,0.0,0,0,0,0,18.031068489423927,18.9,29.3,14.39861479516652,12.6,29.4,24.879548650583132,24.6,14.7,28.136498673740054,28.9,17.4,0.25,0.000779251399941055,0,0,"317,321,322,323,328,443,488,489,490,492,493,494,495,497,607,654,673,698,700,702,703,726,747,748,750,768,769,771,787,788,790,792,815,816,818,820,837,838,840,861,862,864,914","29,30,31,32,34,47,48,49,52,53,55,56,59,60,62,63,66,85,87,88,90,91,93,94,95,97,98,99,100,101,102,103,104,105,106,107,108",43,37,81,0,2.027937657476388,,,,3652.9322196142057,1826.4661098071028,,benchmark_ShrakeRupley_256pt_Bondi,,,317,914,geometric_4.5A,,
Sr35,191,sre9,sr35_191_and_sre9_atp,model_1,2,Yes,,A,B,C,1015,117,31,A,B,C:\Users\13441\Desktop\Ranking\Sr35\sr35_191_and_sre9_atp\fold_sr35_191_and_sre9_atp_model_1.cif,C:\Users\13441\Desktop\Ranking\Sr35\sr35_191_and_sre9_atp\fold_sr35_191_and_sre9_atp_full_data_1.json,C:\Users\13441\Desktop\Ranking\Sr35\sr35_191_and_sre9_atp\fold_sr35_191_and_sre9_atp_summary_confidences_1.json,0.5,0.64,0.55,False,0.34,14.64,17.99,0.0,0.0,0.0,0.0,0.0,0.0,0.0,0.0,72.7,58.0,0.0,0.0,0.0,0.0,,,,,,,,,0.34,0.64,True,0.0,0.0,0.0,0.0,0.0,0.0,0.0,0.0975,0.0099,0.0,0,0,0,0,18.15370944705162,19.2,29.1,14.127829354553493,12.7,27.9,24.90556355521873,25.0,14.6,28.20225758915414,28.9,18.0,0.25,0.000779251399941055,0,0,"323,328,330,331,443,487,488,489,490,491,492,493,494,497,498,653,698,702,726,743,745,747,748,764,766,768,769,788,790,792,815,816,820,837,838,842,861,862,864,892,893,913,914,916,934,935,939,945,949,951,967,968,990,991,992,993,994","11,31,46,47,48,49,52,55,56,59,60,62,63,64,66,81,82,83,85,86,87,88,89,90,91,92,93,94,95,96,97,98,99,100,101,102,104,108,109,111,114,115,117",57,43,95,0,2.3354194069663796,,,,4314.909322418782,2157.454661209391,,benchmark_ShrakeRupley_256pt_Bondi,,,323,994,geometric_4.5A,,
Sr35,191,sre9,sr35_191_and_sre9_atp,model_2,3,Yes,,A,B,C,1015,117,31,A,B,C:\Users\13441\Desktop\Ranking\Sr35\sr35_191_and_sre9_atp\fold_sr35_191_and_sre9_atp_model_2.cif,C:\Users\13441\Desktop\Ranking\Sr35\sr35_191_and_sre9_atp\fold_sr35_191_and_sre9_atp_full_data_2.json,C:\Users\13441\Desktop\Ranking\Sr35\sr35_191_and_sre9_atp\fold_sr35_191_and_sre9_atp_summary_confidences_2.json,0.5,0.63,0.55,False,0.33,14.81,17.93,0.0,0.0,0.0,0.0,0.0,0.0,0.0,0.0,73.0,58.8,0.0,0.0,0.0,0.0,,,,,,,,,0.33,0.63,True,0.0,0.0,0.0,0.0,0.0,0.0,0.0,0.0762,0.0103,0.0,0,0,0,0,18.095642385907638,19.1,29.1,14.364647804302976,12.6,29.3,25.097222011704773,25.1,14.8,28.51246347522209,29.2,17.9,0.25,0.000779251399941055,0,0,"294,322,323,443,488,489,490,491,492,493,494,495,497,607,653,673,702,703,726,743,764,768,769,787,788,790,792,815,816,818,820,837,838,840,842,861,862,864","31,48,52,56,59,60,62,63,66,85,87,90,91,93,94,95,96,97,98,99,100,101,102,103,104,105,107,108,113",38,29,63,0,2.289357440637828,,,,2860.1080773119274,1430.0540386559637,,benchmark_ShrakeRupley_256pt_Bondi,,,294,864,geometric_4.5A,,
Sr35,191,sre9,sr35_191_and_sre9_atp,model_3,4,Yes,,A,B,C,1015,117,31,A,B,C:\Users\13441\Desktop\Ranking\Sr35\sr35_191_and_sre9_atp\fold_sr35_191_and_sre9_atp_model_3.cif,C:\Users\13441\Desktop\Ranking\Sr35\sr35_191_and_sre9_atp\fold_sr35_191_and_sre9_atp_full_data_3.json,C:\Users\13441\Desktop\Ranking\Sr35\sr35_191_and_sre9_atp\fold_sr35_191_and_sre9_atp_summary_confidences_3.json,0.48,0.62,0.53,False,0.34,15.5,18.08,0.0,0.0,0.0,0.0,0.0,0.0,0.0,0.0,72.8,58.4,0.0,0.0,0.0,0.0,,,,,,,,,0.34,0.62,True,0.0,0.0,0.0,0.0,0.0,0.0,0.0,0.1307,0.01,0.0,0,0,0,0,18.458017022765034,19.6,29.6,14.263712054229297,12.9,28.1,25.55889352027283,25.7,15.5,28.711989389920426,29.4,18.1,0.25,0.000779251399941055,0,0,"173,177,317,323,324,325,326,328,330,443,488,490,492,493,494,497,698,700,702,703,723,725,726,743,745,747,748,764,766,768,769,771,788,790,792,816,820,838,840,842,861,862,866,867,892,893,898,913,914,918,936,937,945,967,968","3,46,48,51,52,56,63,64,78,79,81,82,83,85,86,87,88,89,90,91,92,93,94,95,96,97,99,100,101,102,104,105,106,108,109,110,111,112,113,115",55,40,99,1,1.2008500007933318,,,,4343.457563910575,2171.7287819552876,,benchmark_ShrakeRupley_256pt_Bondi,,,173,968,geometric_4.5A,,
Sr35,191,sre9,sr35_191_and_sre9_atp,model_4,5,Yes,,A,B,C,1015,117,31,A,B,C:\Users\13441\Desktop\Ranking\Sr35\sr35_191_and_sre9_atp\fold_sr35_191_and_sre9_atp_model_4.cif,C:\Users\13441\Desktop\Ranking\Sr35\sr35_191_and_sre9_atp\fold_sr35_191_and_sre9_atp_full_data_4.json,C:\Users\13441\Desktop\Ranking\Sr35\sr35_191_and_sre9_atp\fold_sr35_191_and_sre9_atp_summary_confidences_4.json,0.47,0.63,0.52,False,0.34,15.3,17.63,0.0,0.0,0.0,0.0,0.0,0.0,0.0,0.0,72.8,58.8,0.0,0.0,0.0,0.0,,,,,,,,,0.34,0.63,True,0.0,0.0,0.0,0.0,0.0,0.0,0.0,0.1656,0.0104,0.0,0,0,0,0,18.15197015186405,19.2,29.2,14.166917182434425,12.5,28.5,24.686389625699974,24.4,15.3,28.12770157046019,28.9,17.6,0.25,0.000779251399941055,0,0,"317,323,326,328,329,330,331,443,446,474,477,480,481,486,487,488,489,490,491,492,493,494,495,496,497,607,630,631,633,653,654,673,698,702,703,721,726,743,747,748,750,764,768,769,771,787,788,790,792,813,815,816,818,820,837,838,840,861,862,864,893,914","21,29,30,31,32,47,48,49,52,53,56,59,60,63,85,87,88,90,91,93,94,95,96,97,98,99,100,101,102,103,104,105,106,107,108,109,110,111,112,113,114,115,116,117",62,44,116,0,1.8109646826064494,,,,4788.952543504523,2394.4762717522617,,benchmark_ShrakeRupley_256pt_Bondi,,,317,914,geometric_4.5A,,
Sr35,WT,avrsr35,sr35WT_and_avrsr35_atp,model_0,1,Yes,,A,B,C,959,584,31,A,B,C:\Users\13441\Desktop\Ranking\Sr35\sr35WT_and_avrsr35_atp\fold_sr35_and_avrsr35_atp_2_model_0.cif,C:\Users\13441\Desktop\Ranking\Sr35\sr35WT_and_avrsr35_atp\fold_sr35_and_avrsr35_atp_2_full_data_0.json,C:\Users\13441\Desktop\Ranking\Sr35\sr35WT_and_avrsr35_atp\fold_sr35_and_avrsr35_atp_2_summary_confidences_0.json,0.43,0.59,0.52,False,0.19,17.4,21.99,0.0,0.0,0.0,0.0,0.0,0.0,0.0,0.0,78.8,45.2,0.0,0.0,0.0,0.0,,,,,,,,,0.19,0.59,True,0.0,0.0,0.0,0.0,0.0,0.0,0.0,0.0659,0.0094,0.0,0,0,0,0,14.28700836596925,13.2,27.5,27.200217932752178,30.2,31.5,29.147344908366303,30.2,17.4,30.92955365177768,31.2,22.0,0.14,0.00011593483508791979,0,0,"492,631,632,653,654,673,697,699,701,727,729,748,750,752,753,754,755,775,777,803,809,810,833,854,856,881,883,884,885,917,918,919,920,921,922,923,924,929,936,940,941,944,947,952","146,229,277,345,348,349,350,351,353,354,355,356,357,359,360,361,363,364,367,369,370,372,373,374,376,377,380,424,433,434",44,30,70,0,1.9145876728167084,,,,3234.266343107144,1617.133171553572,,benchmark_ShrakeRupley_256pt_Bondi,,,492,952,geometric_4.5A,,
Sr35,WT,avrsr35,sr35WT_and_avrsr35_atp,model_1,2,Yes,,A,B,C,959,584,31,A,B,C:\Users\13441\Desktop\Ranking\Sr35\sr35WT_and_avrsr35_atp\fold_sr35_and_avrsr35_atp_2_model_1.cif,C:\Users\13441\Desktop\Ranking\Sr35\sr35WT_and_avrsr35_atp\fold_sr35_and_avrsr35_atp_2_full_data_1.json,C:\Users\13441\Desktop\Ranking\Sr35\sr35WT_and_avrsr35_atp\fold_sr35_and_avrsr35_atp_2_summary_confidences_1.json,0.43,0.59,0.52,False,0.2,17.86,22.25,0.0,0.0,0.0,0.0,0.0,0.0,0.0,0.0,79.6,45.1,0.0,0.0,0.0,0.0,,,,,,,,,0.2,0.59,True,0.0,0.0,0.0,0.0,0.0,0.0,0.0,0.1037,0.0091,0.0,0,0,0,0,14.127562309381947,13.2,26.8,26.934371695763524,29.6,31.5,28.874729134229433,29.7,17.9,30.82772312054509,31.0,22.2,0.14,0.00011593483508791979,0,0,"445,492,497,564,565,569,588,589,607,610,612,630,631,632,633,653,654,672,673,697,699,701,725,727,729,730,752,753,754,755,775,777,781,799,801,803,808,810,831,833,854,856,858,881,883,885,887,889,919,921,923,926,929,930,933,936,940","56,267,323,324,331,335,338,339,342,344,345,346,347,348,349,355,356,357,359,360,361,363,364,366,367,370,371,372,373,374,375,376,377,378,380,424,425,428,429,454,465,466,467,475,476",57,45,107,0,2.0613816534064657,,,,4586.474791131835,2293.2373955659177,,benchmark_ShrakeRupley_256pt_Bondi,,,445,940,geometric_4.5A,,
Sr35,WT,avrsr35,sr35WT_and_avrsr35_atp,model_2,3,Yes,,A,B,C,959,584,31,A,B,C:\Users\13441\Desktop\Ranking\Sr35\sr35WT_and_avrsr35_atp\fold_sr35_and_avrsr35_atp_2_model_2.cif,C:\Users\13441\Desktop\Ranking\Sr35\sr35WT_and_avrsr35_atp\fold_sr35_and_avrsr35_atp_2_full_data_2.json,C:\Users\13441\Desktop\Ranking\Sr35\sr35WT_and_avrsr35_atp\fold_sr35_and_avrsr35_atp_2_summary_confidences_2.json,0.44,0.59,0.52,False,0.2,18.24,23.09,0.0,0.0,0.0,0.0,0.0,0.0,0.0,0.0,79.6,45.8,0.0,0.0,0.0,0.0,,,,,,,,,0.2,0.59,True,0.0,0.0,0.0,0.0,0.0,0.0,0.0,0.0846,0.0091,0.0,0,0,0,0,14.024901221479404,13.0,26.6,26.870093575976878,29.7,31.5,29.048248568000343,30.0,18.2,30.93462475181053,31.1,23.1,0.14,0.00011593483508791979,0,0,"358,441,443,492,500,523,564,586,588,607,608,610,630,631,632,633,654,673,697,699,701,727,729,748,752,754,755,775,803,804,805,808,833,881,885,893,917,919,920,921,922,923,924,929,930,933,957","233,320,323,325,332,335,337,340,369,370,384,385,387,388,390,391,392,395,396,397,399,401,402,405,409,423,424,425,426,428,429,430,431,434,470,475,484,485,540",47,39,70,0,1.7937763833730787,,,,4181.91022323103,2090.955111615515,,benchmark_ShrakeRupley_256pt_Bondi,,,358,957,geometric_4.5A,,
Sr35,WT,avrsr35,sr35WT_and_avrsr35_atp,model_3,4,Yes,,A,B,C,959,584,31,A,B,C:\Users\13441\Desktop\Ranking\Sr35\sr35WT_and_avrsr35_atp\fold_sr35_and_avrsr35_atp_2_model_3.cif,C:\Users\13441\Desktop\Ranking\Sr35\sr35WT_and_avrsr35_atp\fold_sr35_and_avrsr35_atp_2_full_data_3.json,C:\Users\13441\Desktop\Ranking\Sr35\sr35WT_and_avrsr35_atp\fold_sr35_and_avrsr35_atp_2_summary_confidences_3.json,0.42,0.59,0.51,False,0.19,18.22,21.71,0.0,0.0,0.0,0.0,0.0,0.0,0.0,0.0,79.9,45.2,0.0,0.0,0.0,0.0,,,,,,,,,0.19,0.59,True,0.0,0.0,0.0,0.0,0.0,0.0,0.0,0.1109,0.0089,0.0,0,0,0,0,14.133788784855483,13.1,27.1,27.11504646490754,30.1,31.5,29.51542363620781,30.6,18.2,30.99408416301227,31.2,21.7,0.14,0.00011593483508791979,0,0,"443,445,492,497,635,636,639,642,643,653,654,655,657,660,661,664,673,676,677,679,680,682,683,685,686,689,697,698,699,701,727,730,748,752,754,755,803,808,809,833,856,885,889,917,918,919,921,922,923,924,926,929,933,937,940","257,258,282,283,284,285,286,287,288,290,291,303,304,306,307,308,309,312,316,320,332,333,334,335,338,345,346,348,349,353,356,357,359,360,363,364,367,368,369,370,371,372,373,374,413,414,415,416,417,418,425,429,526",55,53,105,0,1.6857827516192845,,,,4475.963099257494,2237.981549628747,,benchmark_ShrakeRupley_256pt_Bondi,,,443,940,geometric_4.5A,,
Sr35,WT,avrsr35,sr35WT_and_avrsr35_atp,model_4,5,Yes,,A,B,C,959,584,31,A,B,C:\Users\13441\Desktop\Ranking\Sr35\sr35WT_and_avrsr35_atp\fold_sr35_and_avrsr35_atp_2_model_4.cif,C:\Users\13441\Desktop\Ranking\Sr35\sr35WT_and_avrsr35_atp\fold_sr35_and_avrsr35_atp_2_full_data_4.json,C:\Users\13441\Desktop\Ranking\Sr35\sr35WT_and_avrsr35_atp\fold_sr35_and_avrsr35_atp_2_summary_confidences_4.json,0.42,0.59,0.5,False,0.2,18.16,23.03,0.0,0.0,0.0,0.0,0.0,0.0,0.0,0.0,79.5,44.4,0.0,0.0,0.0,0.0,,,,,,,,,0.2,0.59,True,0.0,0.0,0.0,0.0,0.0,0.0,0.0,0.0842,0.0091,0.0,0,0,0,0,14.231028972855771,13.3,26.7,26.911558659742944,29.6,31.4,28.951606803605355,29.7,18.2,30.893531361149595,31.1,23.0,0.14,0.00011593483508791979,0,0,"365,441,442,443,445,500,585,586,588,607,608,610,612,631,633,635,653,654,657,678,679,730,754,755,756,757,779,803,805,808,809,811,835,854,881,883,885,917,918,919,920,921,922,923,924,926,929,936,937,940,944,948","107,109,111,218,221,222,225,292,293,294,295,327,342,343,344,346,356,357,360,363,364,370,371,372,373,374,375,376,377,378,380,381,388,395,396,397,399,401,402,423,424,425,427,428,510",52,45,87,0,2.132692652823012,,,,4174.350805178237,2087.1754025891187,,benchmark_ShrakeRupley_256pt_Bondi,,,365,948,geometric_4.5A,,
